doctor_id,npi,dea_number,first_name,last_name,full_name,specialty,hospital_affiliation,address,city,state,zip_code,phone,email,license_number,license_state,license_expiry,years_of_practice,is_active,fraud_flag,created_at
DOC100000,1043321819,PB0133890,Danielle,Johnson,Dr. Danielle Johnson,Gastroenterology,Sanchez-Taylor,819 Johnson Course,East William,FL,3979,-9240,danielle.johnson@kaiserhealth.org,NC64987,FL,10-12-2028,33,TRUE,FALSE,10-11-2023
DOC100001,1265423511,ND5594078,Eric,Bernard,Dr. Eric Bernard,Cardiology,Garcia-James,9407 Teresa Lane Apt. 849,Barbaraland,OH,6507,+1-634-313-1647x52553,eric.bernard@kaiserhealth.org,NY82357,IL,01-02-2030,28,TRUE,FALSE,13-12-2022
DOC100002,1034131647,WM2553419,Amanda,Sanchez,Dr. Amanda Sanchez,Endocrinology,Gray-Mayo,503 Linda Locks,Carlshire,NC,94599,837-767-2423x88496,amanda.sanchez@kaiserhealth.org,FL31417,GA,05-06-2028,29,TRUE,FALSE,02-09-2022
DOC100003,1503056413,UY5376724,William,Davis,Dr. William Davis,Endocrinology,Callahan and Sons,691 James Mountain,Tashatown,FL,89667,001-418-345-1462x7048,william.davis@kaiserhealth.org,NC80644,IL,14-03-2031,32,TRUE,FALSE,13-01-2024
DOC100004,2532871012,WF6916697,Meagan,Romero,Dr. Meagan Romero,Gastroenterology,Hernandez and Sons,570 Sarah Wells,Johnbury,CA,74865,417-618-2278,meagan.romero@kaiserhealth.org,NC11504,NY,27-09-2029,39,TRUE,FALSE,03-02-2025
DOC100005,2146270482,SD4893252,Tamara,Hickman,Dr. Tamara Hickman,Oncology,"Vaughn, Marquez and Ross",8713 Caleb Brooks Apt. 930,Lake Crystalbury,CA,9335,4519834738,tamara.hickman@kaiserhealth.org,CA88504,PA,12-07-2028,36,TRUE,FALSE,08-07-2025
DOC100006,2430391171,TE2782489,Lindsey,Lee,Dr. Lindsey Lee,Infectious Disease,Hopkins Hospital,7010 Chandler Union Apt. 333,Taylorburgh,CA,37010,831.978.1080x132,lindsey.lee@kaiserhealth.org,NC36365,IL,17-07-2029,30,FALSE,FALSE,25-04-2023
DOC100007,2787133150,UT3930103,Michelle,Barrera,Dr. Michelle Barrera,Cardiology,Gray Group,4687 James Forge Apt. 980,Brianshire,CA,62994,582.208.1219x13619,michelle.barrera@kaiserhealth.org,PA19287,NC,17-02-2030,20,TRUE,FALSE,11-03-2022
DOC100008,2382997376,GD1656670,Robert,Silva,Dr. Robert Silva,Oncology,"Stewart, Green and Santiago",46247 Hickman Cliffs Apt. 799,North Amandahaven,CA,35261,(651)235-4278,robert.silva@kaiserhealth.org,OH54473,NY,03-05-2030,20,TRUE,FALSE,19-03-2026
DOC100009,2262473178,DB8013267,Kevin,Alvarado,Dr. Kevin Alvarado,Hematology,Baker Medical Center,4935 Grace Walk,Williamview,FL,7159,964-800-5242,kevin.alvarado@kaiserhealth.org,OH17685,TX,18-11-2029,29,TRUE,FALSE,30-07-2021
DOC100010,2474687234,GB9805009,Daniel,Landry,Dr. Daniel Landry,Oncology,"Mckee, Gardner and Davenport",2045 Rachel Fords,Lake Curtis,CA,73886,(392)832-2602x56342,daniel.landry@kaiserhealth.org,NC30635,CA,16-03-2031,37,TRUE,FALSE,28-10-2021
DOC100011,1191361939,VB9169985,Michele,Walker,Dr. Michele Walker,Pulmonology,Bailey-Hoover,03654 Tammy Harbors,Darlenefurt,FL,89566,-4103,michele.walker@kaiserhealth.org,PA41285,IL,19-12-2028,30,TRUE,FALSE,29-02-2024
DOC100012,2751079911,TG8425135,Samuel,Joyce,Dr. Samuel Joyce,Pulmonology,Cruz PLC,0608 Michael Cliff,Cindyville,TX,94840,684-865-6482x3662,samuel.joyce@kaiserhealth.org,GA81200,IL,29-10-2029,38,TRUE,FALSE,01-07-2021
DOC100013,2124118244,VG5348740,Kevin,Clark,Dr. Kevin Clark,Cardiology,"Lawson, Morris and Ramos",721 Robertson Roads,Clarencebury,OH,88685,533-820-0379x1769,kevin.clark@kaiserhealth.org,IL15778,CA,06-08-2029,26,TRUE,FALSE,22-11-2024
DOC100014,2278680112,TB5982620,John,Douglas,Dr. John Douglas,Oncology,Stafford Medical Center,28708 Samantha Crossing Suite 278,Stephaniemouth,CA,80802,001-586-687-2774x3487,john.douglas@kaiserhealth.org,CA56898,FL,14-05-2029,20,TRUE,FALSE,25-02-2022
DOC100015,2869232260,FL6342160,Jennifer,Young,Dr. Jennifer Young,Oncology,Flores-Fernandez,36231 Russell Plains,Perryborough,CA,55570,(590)996-7054x6688,jennifer.young@kaiserhealth.org,FL70332,PA,05-06-2028,24,TRUE,FALSE,25-10-2023
DOC100016,1303654145,WS6850142,Ryan,Johnson,Dr. Ryan Johnson,Oncology,Caldwell-Yates,2980 Vargas Shore,North Dawnberg,IL,61016,(804)665-3755,ryan.johnson@kaiserhealth.org,CA24208,MI,11-09-2030,32,TRUE,FALSE,29-01-2025
DOC100017,2698169340,YP0883561,Johnny,Miller,Dr. Johnny Miller,Rheumatology,Curry Medical Center,10033 Christine Garden Apt. 719,South Holly,MI,48852,(699)812-4190,johnny.miller@kaiserhealth.org,PA96951,NY,08-03-2029,24,TRUE,FALSE,08-03-2023
DOC100018,2564823662,VU4680443,Charles,Vaughn,Dr. Charles Vaughn,Infectious Disease,"Sanchez, Terry and Turner",058 Stanley Cliff,Alexanderchester,MI,64752,965-972-6284,charles.vaughn@kaiserhealth.org,MI95813,PA,07-05-2029,34,TRUE,FALSE,11-10-2023
DOC100019,1872148951,HX4332003,Marcus,Sanchez,Dr. Marcus Sanchez,Hematology,Ramirez Group,9965 Troy Islands,South Jason,MI,34363,949-948-0831x36783,marcus.sanchez@kaiserhealth.org,NY69692,OH,27-05-2029,17,TRUE,FALSE,22-08-2021
DOC100020,2763201632,YS7083172,Christopher,Walker,Dr. Christopher Walker,Hematology,"Sanchez, Beck and Wood",8557 Parker Fort Apt. 351,East Javier,NC,63965,298-494-1343x524,christopher.walker@kaiserhealth.org,NC88047,PA,30-08-2028,33,TRUE,FALSE,18-11-2021
DOC100021,2872774348,RW3471434,Terri,Tran,Dr. Terri Tran,Rheumatology,"Raymond, Little and Mullins",94777 Lopez Center,Shelleyfort,CA,15454,667-319-0229,terri.tran@kaiserhealth.org,NC20561,TX,20-07-2028,14,TRUE,FALSE,03-07-2022
DOC100022,1316658760,GP6909670,Angela,Butler,Dr. Angela Butler,Rheumatology,"Gibbs, Perez and Mills",4964 Chelsea Streets Apt. 334,East Johnside,IL,10339,(606)679-7403,angela.butler@kaiserhealth.org,OH64921,NC,27-06-2030,39,TRUE,FALSE,10-05-2025
DOC100023,1734670656,FQ2980699,Charles,Hall,Dr. Charles Hall,Oncology,French-Weber,1832 Serrano Cliffs,East Laurashire,NY,38329,217.846.4887x719,charles.hall@kaiserhealth.org,OH27786,GA,15-08-2030,16,TRUE,FALSE,27-03-2024
DOC100024,2537556464,CR0805310,Cassandra,Johnson,Dr. Cassandra Johnson,Oncology,Hayden PLC,490 Thomas Run,Moonburgh,FL,77221,(871)275-6551x25674,cassandra.johnson@kaiserhealth.org,FL12671,MI,06-06-2029,14,TRUE,FALSE,30-03-2022
DOC100025,2193745299,YD2419049,Leonard,Morris,Dr. Leonard Morris,Infectious Disease,Hancock-Bryan,876 Jacob Lake,Garrettton,OH,27181,282-847-7109x324,leonard.morris@kaiserhealth.org,FL19961,MI,22-11-2027,20,TRUE,FALSE,29-05-2023
DOC100026,2919058651,SW5067165,Victoria,Durham,Dr. Victoria Durham,Oncology,Valentine-Holland,4846 Baird Gardens,Arnoldfurt,CA,25484,+1-982-414-6584x044,victoria.durham@kaiserhealth.org,OH33086,NC,24-05-2029,22,TRUE,FALSE,28-01-2026
DOC100027,2769453147,HQ9965075,Todd,Cook,Dr. Todd Cook,Oncology,"Bennett, Cantu and Kane",636 Louis Mountains,Hughesberg,GA,65424,9282951718,todd.cook@kaiserhealth.org,FL56507,IL,27-07-2030,26,TRUE,FALSE,20-09-2022
DOC100028,2808313678,HY7770143,Robert,Pena,Dr. Robert Pena,Infectious Disease,Jones Hospital,615 Finley Road Suite 809,East Crystalport,FL,30318,001-716-711-7240x0504,robert.pena@kaiserhealth.org,IL97026,MI,30-04-2029,28,TRUE,FALSE,25-09-2022
DOC100029,2685574443,DG5182337,John,Jenkins,Dr. John Jenkins,Oncology,"Sparks, Jackson and Miller",379 Jesse Route Suite 740,Santanaside,CA,21207,575-894-6474,john.jenkins@kaiserhealth.org,NC88222,IL,15-02-2031,11,TRUE,FALSE,09-08-2025
DOC100030,2352408240,BT4271094,Daniel,James,Dr. Daniel James,Hematology,Andrews-Haney,64090 Wall Heights Apt. 953,New John,GA,99536,001-821-404-7095x2145,daniel.james@kaiserhealth.org,GA54657,TX,07-05-2028,8,TRUE,FALSE,14-08-2022
DOC100031,2116719022,UK1318699,Kristin,Walter,Dr. Kristin Walter,Nephrology,Schmidt-Mcintyre,7451 Mccarty Divide,Port Erica,CA,88896,(885)716-0481x7549,kristin.walter@kaiserhealth.org,NC59856,GA,16-12-2027,33,TRUE,FALSE,26-06-2023
DOC100032,2499091334,XC2328120,Thomas,Harvey,Dr. Thomas Harvey,Infectious Disease,"Murphy, Bishop and Holland",461 Brandon Camp Suite 711,New Derek,CA,59960,(786)592-6179x640,thomas.harvey@kaiserhealth.org,MI71592,IL,19-05-2029,7,TRUE,FALSE,11-04-2025
DOC100033,2713493618,HW2421024,Stephanie,Foley,Dr. Stephanie Foley,Nephrology,Pollard Hospital,64317 Elizabeth Row Apt. 053,Port Anne,MI,9493,001-683-493-3529x04228,stephanie.foley@kaiserhealth.org,IL67560,NY,18-12-2027,34,TRUE,FALSE,18-09-2021
DOC100034,2488771906,LV4013990,David,Howard,Dr. David Howard,Oncology,Chapman Medical Center,0268 Julie Mountains,Stricklandhaven,MI,78313,278-239-0847,david.howard@kaiserhealth.org,CA32962,GA,14-07-2029,38,TRUE,FALSE,28-11-2024
DOC100035,2296717565,LX1256746,Ronald,Rodriguez,Dr. Ronald Rodriguez,Gastroenterology,"Browning, Jones and Miller",24998 James Ranch,Shawnchester,CA,13500,001-318-736-7365x766,ronald.rodriguez@kaiserhealth.org,GA21542,PA,23-04-2029,21,TRUE,FALSE,25-02-2024
DOC100036,2808760385,VR7034824,Elizabeth,Brooks,Dr. Elizabeth Brooks,Hematology,Mcdaniel Group,11615 Angela Radial,Elizabethchester,GA,46847,+1-360-749-4519x83273,elizabeth.brooks@kaiserhealth.org,NY13783,MI,03-02-2031,20,TRUE,FALSE,24-03-2026
DOC100037,2808613171,WE7484677,Michael,Farmer,Dr. Michael Farmer,Neurology,"Perez, Patterson and Hoffman",402 Park Inlet,Michaelburgh,CA,19277,001-861-920-1836,michael.farmer@kaiserhealth.org,NC28958,OH,11-12-2028,17,FALSE,FALSE,01-11-2022
DOC100038,1146584044,UU7278755,Mitchell,Griffith,Dr. Mitchell Griffith,Gastroenterology,"Carlson, Ware and Moore",147 Tucker Mills,Nelsonhaven,NC,15419,(261)249-7840x369,mitchell.griffith@kaiserhealth.org,OH69682,PA,13-05-2028,17,FALSE,FALSE,22-01-2024
DOC100039,1963605766,XW2702895,Sierra,Saunders,Dr. Sierra Saunders,Cardiology,Roberts-Wilson,622 Patel Forks Suite 160,Smithland,GA,41534,001-769-466-4160,sierra.saunders@kaiserhealth.org,NY78937,GA,26-11-2030,5,TRUE,FALSE,29-05-2025
DOC100040,2217459615,XT6578091,Marilyn,Gillespie,Dr. Marilyn Gillespie,Neurology,Kim Medical Center,9681 Harrell Summit,Jeffreyburgh,CA,10512,418.383.5523x12432,marilyn.gillespie@kaiserhealth.org,FL21846,OH,01-04-2028,11,TRUE,FALSE,12-09-2025
DOC100041,1724005045,MP2386922,Steven,Elliott,Dr. Steven Elliott,Endocrinology,"Cole, Glass and Cunningham",527 Taylor Roads Suite 490,Williamport,NY,61022,200.954.1199x867,steven.elliott@kaiserhealth.org,MI60140,MI,13-05-2031,20,TRUE,FALSE,11-05-2026
DOC100042,1374740748,FC7594647,Denise,Morris,Dr. Denise Morris,Oncology,Mason-Rosario,51820 Jasmine Mill Apt. 554,Ortizmouth,CA,89485,+1-705-315-1864x492,denise.morris@kaiserhealth.org,OH73335,NY,22-12-2029,20,TRUE,FALSE,12-09-2022
DOC100043,2944064090,VR4395339,Sabrina,Collins,Dr. Sabrina Collins,Pulmonology,"Hale, Myers and Larson",8652 Debbie Manors,Andrewport,TX,24128,357.233.2214,sabrina.collins@kaiserhealth.org,NY92242,CA,24-04-2030,24,TRUE,FALSE,11-05-2024
DOC100044,1952145623,ET5884247,Nancy,Williamson,Dr. Nancy Williamson,Pulmonology,"Bennett, Martin and Guerra",706 Rhodes Freeway,Bishopmouth,PA,31172,-7483,nancy.williamson@kaiserhealth.org,NY71385,NY,20-08-2029,14,TRUE,FALSE,24-12-2025
DOC100045,1685160481,QM4965137,Robert,Martin,Dr. Robert Martin,Oncology,Solis and Sons,75818 Justin Track Apt. 478,Port Samuel,MI,29603,550.260.6853x615,robert.martin@kaiserhealth.org,NC52992,MI,07-11-2028,19,TRUE,FALSE,03-05-2022
DOC100046,2461200471,DH8267586,Mary,Santos,Dr. Mary Santos,Nephrology,Taylor Hospital,277 Rebecca Brook Suite 328,Rodriguezport,TX,31648,510-436-9711x7980,mary.santos@kaiserhealth.org,OH95841,NY,25-09-2028,36,TRUE,FALSE,22-02-2025
DOC100047,2053773515,TW5064317,Aaron,Gomez,Dr. Aaron Gomez,Cardiology,"Butler, Beck and Miller",88888 Peter Mountains Apt. 654,West Kristinastad,FL,32105,001-419-352-0585x2772,aaron.gomez@kaiserhealth.org,MI12799,CA,17-07-2030,26,TRUE,FALSE,21-05-2025
DOC100048,1931839335,EV0422842,Benjamin,Harris,Dr. Benjamin Harris,Cardiology,Blackwell Hospital,687 Johnson Rue Apt. 450,Joshuastad,CA,57773,(876)452-7758x4161,benjamin.harris@kaiserhealth.org,TX11947,PA,25-10-2029,20,TRUE,FALSE,29-12-2023
DOC100049,1240268117,QM8917839,Manuel,Miller,Dr. Manuel Miller,Oncology,"Phillips, Griffin and Robbins",757 Jessica Knoll,Hillton,CA,10336,+1-765-882-0297x02135,manuel.miller@kaiserhealth.org,IL70036,CA,28-11-2029,8,FALSE,FALSE,08-10-2021
DOC100050,2617711592,CE4998569,Cassie,Shelton,Dr. Cassie Shelton,Oncology,Watson-Hines,565 Wright Crescent,Lake Jacobhaven,IL,51224,-4807,cassie.shelton@kaiserhealth.org,GA76263,MI,27-01-2028,32,TRUE,FALSE,15-02-2022
DOC100051,1836736576,PD5654527,Shannon,Roach,Dr. Shannon Roach,Cardiology,Osborn-Cochran,518 Vance Vista Apt. 258,North Tracie,NY,18703,470.358.9578,shannon.roach@kaiserhealth.org,NY22219,OH,11-10-2027,11,TRUE,FALSE,15-02-2024
DOC100052,2280988516,MX6049451,Raymond,Love,Dr. Raymond Love,Oncology,Fox-Hammond,51778 Anderson Village,Port Tammy,NC,57205,601.582.4225x35841,raymond.love@kaiserhealth.org,FL30280,GA,13-03-2030,19,TRUE,FALSE,07-03-2026
DOC100053,2851493689,VX8094024,Joshua,Weber,Dr. Joshua Weber,Oncology,"Ferguson, Shaw and Jackson",99590 Christopher Row,Debrashire,PA,55103,+1-207-484-4736x471,joshua.weber@kaiserhealth.org,PA10800,TX,13-05-2029,14,TRUE,FALSE,11-01-2025
DOC100054,2120183667,LF5459910,Todd,Harris,Dr. Todd Harris,Endocrinology,"Thomas, Hensley and Flores",2588 Luis Mountain Apt. 473,North Brent,TX,50852,+1-963-625-9532x787,todd.harris@kaiserhealth.org,MI16522,NY,11-08-2029,22,TRUE,FALSE,10-09-2021
DOC100055,2797643815,PD4978403,Christopher,Long,Dr. Christopher Long,Infectious Disease,Levy-Lewis,04797 Herrera Vista Apt. 624,Kathrynstad,MI,6431,(609)383-5841x6878,christopher.long@kaiserhealth.org,CA11007,FL,16-01-2028,24,FALSE,FALSE,26-04-2022
DOC100056,1445107622,NT3885160,Phillip,Norton,Dr. Phillip Norton,Infectious Disease,Grant-Diaz,98680 Benjamin Station,Lindahaven,CA,60399,(698)725-9526,phillip.norton@kaiserhealth.org,GA20205,PA,27-08-2029,32,TRUE,FALSE,30-10-2025
DOC100057,2416052975,CP1369681,Amanda,Erickson,Dr. Amanda Erickson,Oncology,Wells-Smith,169 Robles Stream Apt. 974,Lake Brett,CA,63474,(589)262-3091,amanda.erickson@kaiserhealth.org,PA39041,PA,16-05-2029,15,TRUE,FALSE,29-02-2024
DOC100058,1883552312,JG2921277,Robert,Gutierrez,Dr. Robert Gutierrez,Nephrology,Jenkins PLC,028 Ann Shore Suite 865,South Rhonda,CA,45370,-4598,robert.gutierrez@kaiserhealth.org,GA99277,MI,05-10-2028,25,TRUE,FALSE,14-12-2023
DOC100059,2271774490,MS1477005,Janet,Vaughn,Dr. Janet Vaughn,Pulmonology,Stewart-Bailey,1986 Cardenas Trail Apt. 404,West Sandraview,NY,98456,233.584.8421x9933,janet.vaughn@kaiserhealth.org,NY90610,MI,18-03-2030,37,TRUE,FALSE,23-06-2023
DOC100060,1793597820,QD5182037,Brian,Gutierrez,Dr. Brian Gutierrez,Hematology,"Kennedy, Maldonado and Taylor",7734 Mitchell Circle,Lake Audreyside,NC,97322,001-302-762-0672x4004,brian.gutierrez@kaiserhealth.org,NC89928,TX,15-09-2028,28,TRUE,FALSE,11-05-2025
DOC100061,2665905151,TX6449251,Veronica,Daniels,Dr. Veronica Daniels,Nephrology,Small-Anderson,3152 Wong Stravenue Apt. 054,East Cheryl,TX,84220,(668)851-6122x7530,veronica.daniels@kaiserhealth.org,PA50662,OH,30-06-2028,13,TRUE,FALSE,17-04-2025
DOC100062,1486528168,MA5423573,Karen,Finley,Dr. Karen Finley,Neurology,Aguilar-Berry,530 Steven Estate Suite 841,Michaelbury,TX,29222,(572)579-5687,karen.finley@kaiserhealth.org,TX20114,IL,22-05-2030,11,TRUE,FALSE,11-03-2022
DOC100063,1592962229,FQ0653794,Alicia,Rice,Dr. Alicia Rice,Hematology,Miller-Elliott,839 Franklin Walk,Wilsonborough,FL,94468,001-871-987-0728,alicia.rice@kaiserhealth.org,NC41348,IL,23-11-2029,35,FALSE,FALSE,26-12-2021
DOC100064,1597746886,FG9240758,Angelica,Chambers,Dr. Angelica Chambers,Cardiology,Cummings-Foster,391 Rodney Squares,New Virginialand,NC,62376,8468226567,angelica.chambers@kaiserhealth.org,NY47363,NY,02-11-2027,15,TRUE,FALSE,30-01-2026
DOC100065,1613750606,SM3615305,Dean,Dalton,Dr. Dean Dalton,Oncology,White PLC,230 Tiffany Mountain Suite 863,South Michael,PA,36630,310.269.0331,dean.dalton@kaiserhealth.org,TX28035,CA,24-05-2029,23,FALSE,FALSE,28-11-2021
DOC100066,2277901043,ET9861434,John,Williams,Dr. John Williams,Cardiology,Young-Robinson,84395 Young Wells,Lake Adriana,CA,54707,740-889-2687x0568,john.williams@kaiserhealth.org,FL65027,MI,26-03-2029,34,TRUE,FALSE,06-10-2022
DOC100067,2980893246,AV5396218,Kevin,White,Dr. Kevin White,Rheumatology,"Wells, Atkinson and Turner",0866 Paul Glens,West Deborah,NY,59455,(518)930-4699x013,kevin.white@kaiserhealth.org,NC81313,NC,20-05-2028,37,TRUE,FALSE,29-04-2024
DOC100068,2706540515,HX1952058,Kevin,Stout,Dr. Kevin Stout,Rheumatology,Giles Ltd,739 Randy Garden,Kimberlyfurt,CA,61613,-10469,kevin.stout@kaiserhealth.org,GA72722,TX,21-05-2031,13,TRUE,FALSE,23-03-2023
DOC100069,2043030548,NT7403450,Nathan,Gutierrez,Dr. Nathan Gutierrez,Oncology,"Shields, Figueroa and Smith",2353 Hudson Gardens Suite 854,Levyfort,IL,60902,(252)328-7280,nathan.gutierrez@kaiserhealth.org,NY58237,OH,22-12-2030,30,TRUE,FALSE,27-11-2021
DOC100070,2527758416,CP9284511,Kathy,Gutierrez,Dr. Kathy Gutierrez,Rheumatology,"Hall, Mann and Smith",0997 Smith Place Suite 008,Amandaport,IL,2747,862.311.8233x98454,kathy.gutierrez@kaiserhealth.org,IL68447,MI,30-01-2029,32,TRUE,FALSE,12-12-2024
DOC100071,2570596401,XW6582029,Stephen,Sanchez,Dr. Stephen Sanchez,Hematology,"Perez, Sutton and Abbott",66687 Dana Squares,North Vincent,CA,57374,+1-659-218-0339x7401,stephen.sanchez@kaiserhealth.org,TX18812,FL,04-04-2028,28,TRUE,FALSE,03-03-2024
DOC100072,1927557192,SM6543102,Alexis,Clark,Dr. Alexis Clark,Hematology,Goodwin Ltd,42939 Rhodes Plains Suite 621,Brianchester,CA,30928,959-999-6504,alexis.clark@kaiserhealth.org,OH83619,NY,19-06-2028,21,TRUE,FALSE,09-07-2024
DOC100073,2394731217,FY7155188,Angela,Bennett,Dr. Angela Bennett,Oncology,Frazier Ltd,94311 Moore Station Apt. 655,North Adamport,IL,58793,(341)221-2678x886,angela.bennett@kaiserhealth.org,TX93584,TX,17-11-2027,28,TRUE,FALSE,03-07-2024
DOC100074,1323705895,QT2911467,Angela,Carlson,Dr. Angela Carlson,Gastroenterology,Shields-Smith,1839 Gina Extension Apt. 444,Thomasburgh,OH,57474,964-371-5437x993,angela.carlson@kaiserhealth.org,OH85353,NY,27-01-2028,13,FALSE,FALSE,01-02-2024
DOC100075,1778528922,PS0182422,Adam,Foster,Dr. Adam Foster,Rheumatology,"James, Atkins and Alexander",924 Morrison Square Apt. 752,Novakport,FL,96822,001-479-235-6465x193,adam.foster@kaiserhealth.org,PA78012,IL,03-08-2030,10,TRUE,FALSE,03-06-2025
DOC100076,2249818299,EF9959001,Sherry,Clark,Dr. Sherry Clark,Oncology,Guerra-Jones,724 Johnny Drives Suite 617,Aguilarside,MI,66903,001-268-805-8911x352,sherry.clark@kaiserhealth.org,IL95344,FL,12-09-2030,31,TRUE,FALSE,25-04-2024
DOC100077,1784473647,CY0276773,Tammy,Jordan,Dr. Tammy Jordan,Oncology,Garcia and Sons,5679 Michael Burg,Garciachester,CA,11754,725-945-7387,tammy.jordan@kaiserhealth.org,TX50970,PA,29-11-2027,27,FALSE,FALSE,22-03-2025
DOC100078,1588153714,QH2104696,Jennifer,Chavez,Dr. Jennifer Chavez,Neurology,Evans Ltd,51238 Andrea Isle,Mullenbury,TX,53591,+1-522-566-0937x9660,jennifer.chavez@kaiserhealth.org,PA85718,PA,05-09-2028,17,TRUE,FALSE,10-01-2022
DOC100079,2877470168,QH3950047,Barbara,Lloyd,Dr. Barbara Lloyd,Nephrology,"Lopez, Nguyen and Ellis",785 Carr Radial Apt. 557,Port Emily,CA,39487,+1-891-825-1341x252,barbara.lloyd@kaiserhealth.org,IL80345,CA,12-01-2030,11,TRUE,FALSE,01-09-2022
DOC100080,2565060983,MT4168784,Bailey,Henderson,Dr. Bailey Henderson,Oncology,Reid-Steele,274 Jacob Ville,Harveystad,MI,1757,323.268.8767x6772,bailey.henderson@kaiserhealth.org,NY26864,NY,18-11-2030,30,TRUE,FALSE,16-05-2023
DOC100081,2852398680,BB2578729,Kelly,Hill,Dr. Kelly Hill,Oncology,"Roberts, Norman and Cunningham",819 Joseph Plains Suite 807,South Curtis,TX,86179,001-834-407-4517x13395,kelly.hill@kaiserhealth.org,PA90356,PA,12-02-2030,15,TRUE,FALSE,05-09-2022
DOC100082,2958887947,AM5169409,Kristen,Li,Dr. Kristen Li,Hematology,Hudson PLC,825 Roberts Grove Apt. 260,Michelleberg,IL,92438,(632)853-6729,kristen.li@kaiserhealth.org,MI85711,FL,02-02-2029,8,TRUE,FALSE,04-05-2025
DOC100083,1896230913,AQ5626368,Charles,Norton,Dr. Charles Norton,Oncology,Powell Ltd,577 Perkins Ways Apt. 751,Robinsonchester,CA,28268,345.945.8929x7500,charles.norton@kaiserhealth.org,CA28098,NC,26-07-2027,18,TRUE,FALSE,20-07-2022
DOC100084,2865278585,XX4973348,Sarah,Moore,Dr. Sarah Moore,Oncology,Smith-Rubio,242 Davis Lake,Christopherburgh,FL,7288,(943)261-1037x1293,sarah.moore@kaiserhealth.org,IL47880,FL,13-07-2027,36,TRUE,FALSE,01-06-2024
DOC100085,2844198665,EK0415747,Lisa,Mcneil,Dr. Lisa Mcneil,Neurology,Benson-Woods,1115 Ibarra Dam,Ayalaberg,FL,84593,+1-921-589-0927x53269,lisa.mcneil@kaiserhealth.org,NC45537,NC,12-11-2027,22,TRUE,FALSE,08-05-2022
DOC100086,1308330165,YR1208267,Donald,Martinez,Dr. Donald Martinez,Hematology,"Cruz, Richmond and Edwards",41389 Maxwell Spurs,Port Melanieport,FL,27429,398.236.4037x61379,donald.martinez@kaiserhealth.org,IL52096,IL,11-01-2029,8,FALSE,FALSE,09-03-2024
DOC100087,1938026206,RF4004991,David,Valencia,Dr. David Valencia,Oncology,"Fisher, Payne and Thompson",09104 Bill Circle Suite 848,Hendersonfurt,IL,11304,+1-788-892-4141x8328,david.valencia@kaiserhealth.org,GA94058,NC,27-12-2029,38,TRUE,FALSE,21-01-2022
DOC100088,1874315274,YF0549329,Kyle,Kim,Dr. Kyle Kim,Infectious Disease,Brown Medical Center,79904 David Station Apt. 027,Alexandraview,OH,22385,(324)910-5648x149,kyle.kim@kaiserhealth.org,NC52982,NY,07-06-2029,30,TRUE,FALSE,02-11-2025
DOC100089,1275304637,JL4990453,Michael,Porter,Dr. Michael Porter,Oncology,"Jackson, Moore and Ayala",80003 Thomas Lights,East Sarah,NY,5136,-7656,michael.porter@kaiserhealth.org,GA50213,TX,18-08-2029,30,TRUE,FALSE,10-12-2021
DOC100090,2145933272,QV5687833,Harry,Brock,Dr. Harry Brock,Oncology,Finley Medical Center,4518 Smith Flats Suite 949,South Micheal,CA,65166,001-838-632-0603x85050,harry.brock@kaiserhealth.org,NC68556,NC,09-12-2027,28,TRUE,FALSE,29-03-2023
DOC100091,1088398225,SQ1397187,Alyssa,Allen,Dr. Alyssa Allen,Oncology,Woodward-Kaufman,410 Phyllis Pike,Haynesstad,GA,60592,001-519-618-2619x9062,alyssa.allen@kaiserhealth.org,TX77272,OH,09-08-2028,34,TRUE,FALSE,04-03-2024
DOC100092,2406403910,PM1801704,Sara,Long,Dr. Sara Long,Infectious Disease,"Nguyen, Chavez and Hall",91212 Owens Lodge,New Michaelborough,TX,59734,574-711-2490x3521,sara.long@kaiserhealth.org,TX94085,OH,07-03-2029,28,FALSE,FALSE,11-11-2025
DOC100093,2766182512,TN8230047,Brandon,Evans,Dr. Brandon Evans,Oncology,Johnson Group,831 Garcia Underpass Apt. 100,East James,OH,53006,(719)394-1013x721,brandon.evans@kaiserhealth.org,NC59712,FL,05-09-2027,20,TRUE,FALSE,01-06-2025
DOC100094,1431069033,CD9079030,Brent,Glass,Dr. Brent Glass,Oncology,Underwood-Foster,6253 Joshua Mission,North Christina,GA,81369,847.468.7014,brent.glass@kaiserhealth.org,FL80747,FL,12-04-2029,8,TRUE,FALSE,11-03-2023
DOC100095,2395995342,XS3644089,Dawn,Robles,Dr. Dawn Robles,Endocrinology,Mccoy PLC,5787 Durham Parkway,Paulburgh,OH,3917,593-604-0785x93213,dawn.robles@kaiserhealth.org,NC74962,CA,07-10-2029,27,FALSE,FALSE,20-12-2021
DOC100096,2856624628,RH3427086,Kathryn,Gould,Dr. Kathryn Gould,Infectious Disease,"Bradford, Salinas and Kelly",39559 Jade Knoll,New Stacy,NC,65018,-1850,kathryn.gould@kaiserhealth.org,NC27575,OH,25-09-2029,20,TRUE,FALSE,24-07-2025
DOC100097,2175183046,XV9013983,Aaron,Hardin,Dr. Aaron Hardin,Oncology,Drake Hospital,0029 Kim Vista,Susanstad,FL,92846,+1-769-515-4522x67528,aaron.hardin@kaiserhealth.org,PA49739,CA,29-04-2030,18,FALSE,FALSE,26-12-2022
DOC100098,1739363854,NQ8544587,Nicholas,Gross,Dr. Nicholas Gross,Hematology,Anderson-Daniel,029 Mccall Ridge Apt. 917,West Julie,CA,31695,(652)315-7043x315,nicholas.gross@kaiserhealth.org,GA51973,FL,24-07-2030,28,TRUE,FALSE,03-07-2021
DOC100099,1932048996,KE3536937,Brandon,Kim,Dr. Brandon Kim,Oncology,Costa-Wilkerson,5861 Kramer Ports Apt. 271,West Andrewview,CA,14227,952-262-1815,brandon.kim@kaiserhealth.org,IL74044,GA,01-05-2029,34,TRUE,FALSE,24-11-2022
DOC100100,2228728080,CX0062312,Catherine,Hamilton,Dr. Catherine Hamilton,Oncology,Garcia and Sons,8844 Young Causeway,Armstrongfort,CA,20632,3502614973,catherine.hamilton@kaiserhealth.org,NC69770,PA,17-05-2028,8,TRUE,FALSE,12-12-2022
DOC100101,2700886008,JT4086211,Danielle,Rowland,Dr. Danielle Rowland,Gastroenterology,Anthony-Parker,7418 Lopez Light Suite 270,Scottview,TX,30155,290-821-1586x938,danielle.rowland@kaiserhealth.org,FL35156,MI,23-12-2030,38,TRUE,FALSE,09-12-2025
DOC100102,2461567933,KX1016668,Robert,Nichols,Dr. Robert Nichols,Hematology,Armstrong-Young,60898 David Throughway Suite 223,East Brad,CA,10772,+1-663-929-4511x68685,robert.nichols@kaiserhealth.org,CA32463,NY,25-05-2031,36,TRUE,FALSE,07-08-2021
DOC100103,2918033974,BC4890250,Kristin,Dean,Dr. Kristin Dean,Neurology,"Harrington, Rodriguez and Hernandez",91485 Baker Shoal,Armstrongfort,MI,5411,(746)529-9606,kristin.dean@kaiserhealth.org,TX62205,NY,15-09-2027,24,TRUE,FALSE,15-07-2025
DOC100104,1968562185,BD6315999,Samantha,Prince,Dr. Samantha Prince,Infectious Disease,Morgan Hospital,7132 Mccann Mills Suite 469,East Scottchester,PA,97618,285.408.2148x6289,samantha.prince@kaiserhealth.org,CA93115,IL,25-04-2028,33,TRUE,FALSE,15-03-2023
DOC100105,2866296194,HY1142626,Mary,Wright,Dr. Mary Wright,Oncology,Williams-Ward,5786 Erin Garden,Tracymouth,PA,23777,598.555.2414x0602,mary.wright@kaiserhealth.org,NY21995,CA,01-04-2030,24,TRUE,FALSE,30-05-2023
DOC100106,2121267888,PD0158199,Erica,Adams,Dr. Erica Adams,Rheumatology,Palmer-Hancock,2290 Johnny Valley,Jenniferview,OH,56050,(757)643-7489x6910,erica.adams@kaiserhealth.org,CA48253,OH,06-10-2028,29,TRUE,FALSE,31-05-2022
DOC100107,1982622444,RE1264647,Timothy,Rogers,Dr. Timothy Rogers,Oncology,Davidson-Hensley,432 Rachel Valley Suite 520,Brightview,PA,55363,(460)499-3538x7584,timothy.rogers@kaiserhealth.org,IL42321,GA,29-09-2028,17,TRUE,FALSE,29-04-2022
DOC100108,1406596575,PW9245937,Thomas,Figueroa,Dr. Thomas Figueroa,Rheumatology,"Stokes, Hines and White",135 Julie Inlet Suite 554,Stevenville,TX,62175,8996917381,thomas.figueroa@kaiserhealth.org,OH51830,IL,02-04-2029,36,FALSE,FALSE,14-12-2021
DOC100109,1564651939,TF8073741,Monica,Hernandez,Dr. Monica Hernandez,Infectious Disease,Cooper PLC,52175 Lawrence Centers Apt. 743,New Kathy,CA,64670,001-712-296-6667x60083,monica.hernandez@kaiserhealth.org,TX93012,IL,16-04-2031,20,TRUE,FALSE,27-03-2024
DOC100110,1661797968,SY6805891,Katherine,Schmidt,Dr. Katherine Schmidt,Cardiology,Rhodes Ltd,54216 Jackson View,West Stacymouth,FL,95899,598.456.2575x32603,katherine.schmidt@kaiserhealth.org,PA31802,MI,24-05-2028,7,TRUE,FALSE,06-09-2021
DOC100111,2561014388,TU9375679,Brittany,Jackson,Dr. Brittany Jackson,Gastroenterology,Dawson-Conner,489 Brittney Causeway Apt. 001,Wallaceville,CA,72234,472-830-4618x499,brittany.jackson@kaiserhealth.org,PA13219,GA,11-01-2031,11,TRUE,FALSE,21-05-2022
DOC100112,1125457387,MR1775140,William,Williamson,Dr. William Williamson,Cardiology,Wilson-Rodriguez,348 Michael Lodge,Ethanside,CA,65559,975.430.0119,william.williamson@kaiserhealth.org,PA94930,NY,17-11-2027,15,FALSE,FALSE,05-11-2025
DOC100113,1828258673,NW2266093,Charles,Cummings,Dr. Charles Cummings,Hematology,Newman-Bryant,7012 Melissa Lake Suite 611,North Melissaburgh,MI,43579,(679)841-5521x667,charles.cummings@kaiserhealth.org,OH60965,CA,06-06-2030,18,TRUE,FALSE,24-07-2025
DOC100114,1918255371,JX7859696,Lauren,Banks,Dr. Lauren Banks,Oncology,Wilson Ltd,16979 White Light,Cherylberg,NY,63819,716.370.1450x8993,lauren.banks@kaiserhealth.org,PA56135,GA,03-05-2029,16,TRUE,FALSE,11-08-2023
DOC100115,2991251341,FM2866929,Timothy,Alvarado,Dr. Timothy Alvarado,Infectious Disease,"Cruz, Combs and Grant",28772 Karen Islands,West Tara,OH,7100,738.366.3177x97177,timothy.alvarado@kaiserhealth.org,TX73788,NC,11-08-2029,16,TRUE,FALSE,24-08-2021
DOC100116,2422579050,RE3688767,Curtis,Gutierrez,Dr. Curtis Gutierrez,Infectious Disease,"Dunn, Petersen and Conner",837 Cox Center Apt. 758,Moranstad,GA,94337,211.430.5548x851,curtis.gutierrez@kaiserhealth.org,GA31922,NY,03-08-2029,6,TRUE,FALSE,09-09-2022
DOC100117,1404384279,RT8191485,Lydia,Newton,Dr. Lydia Newton,Gastroenterology,Rodriguez-Carr,63735 Katherine Cape,Port Patriciamouth,CA,86806,001-982-470-8086,lydia.newton@kaiserhealth.org,GA81611,FL,09-06-2030,32,TRUE,FALSE,01-06-2026
DOC100118,1407451713,GU5962923,Glenn,Ochoa,Dr. Glenn Ochoa,Neurology,Hughes PLC,669 Joshua Junctions Suite 722,Morrisonhaven,CA,39680,001-785-383-3394x522,glenn.ochoa@kaiserhealth.org,MI55982,NC,24-09-2030,22,TRUE,FALSE,28-06-2024
DOC100119,1544948126,BJ2232536,Anna,Aguilar,Dr. Anna Aguilar,Oncology,"Mckinney, Craig and English",0810 Thomas Skyway Apt. 342,Francesberg,TX,8631,001-843-580-5719x838,anna.aguilar@kaiserhealth.org,MI92890,IL,01-09-2029,31,TRUE,FALSE,10-12-2023
DOC100120,1168457759,AC7518636,Heather,Williams,Dr. Heather Williams,Neurology,Hughes-Frye,004 Christine Tunnel Suite 359,Port Jenny,GA,25863,672-412-2816x0648,heather.williams@kaiserhealth.org,IL52318,IL,06-03-2028,26,TRUE,FALSE,18-06-2026
DOC100121,1975001701,FQ7063242,Meghan,Smith,Dr. Meghan Smith,Pulmonology,Mckinney-Moore,9094 Tyler Plaza,Charlesmouth,NY,69365,828.318.2688,meghan.smith@kaiserhealth.org,PA42819,NY,24-12-2028,28,TRUE,FALSE,18-05-2023
DOC100122,1064361103,RC2938700,Nicole,Alvarado,Dr. Nicole Alvarado,Oncology,Ward-Robinson,015 Allen Row Apt. 056,South Jonathanport,NY,3739,258.387.7043x58112,nicole.alvarado@kaiserhealth.org,OH27324,GA,23-05-2028,9,TRUE,FALSE,23-04-2023
DOC100123,1115542622,CS9092753,Michelle,Coleman,Dr. Michelle Coleman,Endocrinology,Harris Ltd,120 Love Camp Apt. 102,Angelashire,CA,30338,366-276-6506x180,michelle.coleman@kaiserhealth.org,MI99989,GA,23-06-2030,18,TRUE,FALSE,10-02-2022
DOC100124,1219656523,JW1389994,Michael,Shaw,Dr. Michael Shaw,Oncology,Buchanan-Turner,7660 Moore Forges,Lake Peter,IL,72030,824-350-8821x0099,michael.shaw@kaiserhealth.org,FL77862,MI,16-10-2028,37,TRUE,FALSE,13-04-2023
DOC100125,2403761379,CS0552696,Kaitlin,Berger,Dr. Kaitlin Berger,Rheumatology,Lewis-Whitehead,23943 Howard Union,Port Karenside,NC,60959,+1-581-341-4139x7552,kaitlin.berger@kaiserhealth.org,TX71736,NY,15-09-2028,6,TRUE,FALSE,01-02-2022
DOC100126,1430068486,PY6188924,Rachel,Stewart,Dr. Rachel Stewart,Cardiology,Murphy-Hopkins,955 Jackson Island,Port Jeffrey,IL,97470,+1-364-452-5777x5478,rachel.stewart@kaiserhealth.org,NY77017,FL,29-03-2030,14,TRUE,FALSE,11-03-2022
DOC100127,2914630316,DQ9904210,Meagan,Trevino,Dr. Meagan Trevino,Oncology,Vance and Sons,110 Lisa Prairie Suite 930,Amyside,CA,62380,+1-725-263-9427x8816,meagan.trevino@kaiserhealth.org,TX75065,PA,25-04-2030,38,TRUE,FALSE,12-07-2023
DOC100128,2252410564,SC4917785,Melanie,Drake,Dr. Melanie Drake,Oncology,"Sutton, Todd and Taylor",99275 Jeffery Oval,North Joseph,CA,31174,7383567700,melanie.drake@kaiserhealth.org,MI31873,PA,28-06-2030,15,TRUE,FALSE,05-12-2025
DOC100129,1913800030,RM6220863,Cynthia,Hill,Dr. Cynthia Hill,Rheumatology,"Baker, Stephens and Thompson",9184 Kaufman Fork Suite 557,Eatontown,FL,66277,(472)431-8432,cynthia.hill@kaiserhealth.org,OH51934,IL,13-01-2029,9,TRUE,FALSE,02-07-2022
DOC100130,1802380617,KK5187053,Donna,Perry,Dr. Donna Perry,Pulmonology,Cortez-Olson,3926 John Crossroad Apt. 280,North Gabriel,MI,24098,869.490.4137x97723,donna.perry@kaiserhealth.org,IL91620,FL,16-11-2030,34,TRUE,FALSE,14-06-2026
DOC100131,2383206038,MW0506413,Lori,White,Dr. Lori White,Gastroenterology,"Dixon, Jackson and Jennings",913 Cruz Coves Apt. 388,Serranoville,FL,23756,899.808.8117x2980,lori.white@kaiserhealth.org,OH74491,CA,26-01-2029,14,TRUE,FALSE,11-11-2021
DOC100132,1038657191,SE6199062,Heidi,Patterson,Dr. Heidi Patterson,Oncology,Clarke-James,2473 Justin Wells,Scotttown,CA,93450,001-409-881-8063x5651,heidi.patterson@kaiserhealth.org,IL51288,OH,08-04-2030,25,TRUE,FALSE,22-06-2026
DOC100133,2313291212,QQ5618537,Jon,Wyatt,Dr. Jon Wyatt,Oncology,Cunningham-Carr,68872 Hansen Orchard Suite 495,Fitzgeraldville,GA,98518,272.413.8658,jon.wyatt@kaiserhealth.org,IL25717,NY,24-02-2029,15,TRUE,FALSE,16-07-2021
DOC100134,2903521356,SB4420678,Linda,Morrow,Dr. Linda Morrow,Gastroenterology,Frost-Graham,3519 Jenny Locks,Jenniferton,FL,23474,+1-477-203-8430x9883,linda.morrow@kaiserhealth.org,NY70560,NY,09-01-2029,13,TRUE,FALSE,13-07-2023
DOC100135,1323651994,CA1372151,Diana,Cantrell,Dr. Diana Cantrell,Oncology,Shea Group,669 April Street Apt. 184,Michaelview,GA,30162,+1-337-669-0426x818,diana.cantrell@kaiserhealth.org,CA32018,MI,10-12-2028,32,TRUE,FALSE,28-06-2022
DOC100136,2706625324,JQ2099934,Leah,Frye,Dr. Leah Frye,Hematology,"Li, Andrews and Benson",735 Maldonado Radial Apt. 714,South Cynthiabury,OH,89225,001-835-765-8804x341,leah.frye@kaiserhealth.org,NC72787,CA,27-10-2027,10,TRUE,FALSE,18-03-2026
DOC100137,1638380657,TR5985642,Sarah,Woods,Dr. Sarah Woods,Oncology,Robinson-Berry,373 Jill Well,Jamieborough,PA,33229,+1-752-711-1790x807,sarah.woods@kaiserhealth.org,MI38707,CA,03-08-2029,22,TRUE,FALSE,19-05-2026
DOC100138,2859321334,TB3965223,Misty,Henry,Dr. Misty Henry,Nephrology,"Ramirez, Walker and Ray",678 Wayne Lock,South Tiffany,PA,92021,675.500.3691x55942,misty.henry@kaiserhealth.org,PA87537,CA,22-08-2028,27,FALSE,FALSE,03-07-2025
DOC100139,1937842701,BH9308705,Susan,Cooper,Dr. Susan Cooper,Nephrology,Jimenez and Sons,556 Hayes Ports Apt. 931,Lindaside,FL,57152,(932)627-0267x2885,susan.cooper@kaiserhealth.org,TX54663,TX,24-07-2028,25,TRUE,FALSE,11-04-2026
DOC100140,1921851569,DL4522675,Michele,Williams,Dr. Michele Williams,Endocrinology,Vaughn Medical Center,7175 Ward Points,Mauricechester,NC,16391,(993)399-8245x587,michele.williams@kaiserhealth.org,MI56769,FL,11-02-2029,16,TRUE,FALSE,07-12-2023
DOC100141,2220969029,LV3917251,Steven,Frye,Dr. Steven Frye,Oncology,Davidson Hospital,996 Christian Junctions Apt. 554,Catherinefurt,PA,36054,359.587.6220x234,steven.frye@kaiserhealth.org,PA32005,NY,16-03-2028,26,TRUE,FALSE,14-11-2024
DOC100142,2331541006,QP2676586,Dakota,Brown,Dr. Dakota Brown,Cardiology,Kelley-Johnson,114 Christopher Loaf Suite 334,Simsberg,GA,69542,(900)455-7784,dakota.brown@kaiserhealth.org,MI95323,FL,18-06-2030,15,TRUE,FALSE,30-01-2026
DOC100143,1405411526,FC8159970,Gregory,Harper,Dr. Gregory Harper,Infectious Disease,"Curry, Wiley and Graham",7831 Parker Loop Suite 240,New Lisaberg,TX,45574,778-507-7406x4930,gregory.harper@kaiserhealth.org,MI66911,TX,31-03-2029,8,TRUE,FALSE,06-04-2026
DOC100144,1368844431,BN9872050,Samuel,Wright,Dr. Samuel Wright,Infectious Disease,"Mclaughlin, Price and Gray",63894 Wong Place Suite 631,East Keith,NY,83979,297.449.7350x208,samuel.wright@kaiserhealth.org,IL96772,MI,06-12-2027,35,TRUE,FALSE,23-11-2023
DOC100145,1324171467,RX4186256,Joseph,Espinoza,Dr. Joseph Espinoza,Rheumatology,"Smith, Davis and Smith",6475 Terry Bypass,Christopherberg,CA,7846,861-987-2346x013,joseph.espinoza@kaiserhealth.org,GA15848,IL,18-07-2028,33,TRUE,FALSE,12-10-2021
DOC100146,1490211586,UH8068687,James,Moss,Dr. James Moss,Nephrology,Boyd and Sons,4520 Jon Route Suite 350,North Joel,FL,57407,702-349-1630x09792,james.moss@kaiserhealth.org,GA49171,NY,21-07-2028,30,FALSE,FALSE,01-11-2022
DOC100147,1898992172,FG3206163,Vincent,Parks,Dr. Vincent Parks,Endocrinology,Galvan-Shea,52812 Hall Point,Lindamouth,MI,96601,606.952.4077,vincent.parks@kaiserhealth.org,IL51910,NY,20-04-2028,10,TRUE,FALSE,25-04-2026
DOC100148,2854870998,PD6229991,Jacob,Bailey,Dr. Jacob Bailey,Cardiology,"Mcdonald, Dillon and George",82744 Gibson Trail,Grosstown,CA,81730,(693)751-8638x782,jacob.bailey@kaiserhealth.org,NY47498,NC,28-03-2029,27,TRUE,FALSE,26-03-2024
DOC100149,2679970246,EV9606530,Daniel,Mills,Dr. Daniel Mills,Oncology,Williams and Sons,31731 Ashley Villages,Barretthaven,IL,82286,001-994-205-3910x371,daniel.mills@kaiserhealth.org,PA12651,PA,11-01-2029,24,TRUE,FALSE,29-03-2026
DOC100150,2132475469,WC3736785,Julia,Zamora,Dr. Julia Zamora,Oncology,Bauer-Brown,014 Shirley Path Apt. 138,Lopezhaven,NC,86599,992.888.6195,julia.zamora@kaiserhealth.org,TX18600,IL,02-04-2031,37,TRUE,FALSE,19-05-2022
DOC100151,1233030705,YG4578610,Garrett,White,Dr. Garrett White,Oncology,Wagner-Sandoval,5855 Duran Meadows Suite 939,South Katie,PA,98094,657-276-0049x082,garrett.white@kaiserhealth.org,GA87862,GA,09-10-2028,16,FALSE,FALSE,20-05-2023
DOC100152,2985524140,NB2933334,Jason,Edwards,Dr. Jason Edwards,Infectious Disease,"Short, Ellison and Dixon",07522 Richardson Prairie,East Jonathan,CA,39862,996-393-1572,jason.edwards@kaiserhealth.org,CA99417,CA,10-01-2030,35,FALSE,FALSE,19-01-2024
DOC100153,1903494466,MQ4374896,Benjamin,Stokes,Dr. Benjamin Stokes,Nephrology,Miller-Brown,6613 Cynthia Roads Suite 048,West Amberberg,NY,43339,432.406.7998x13646,benjamin.stokes@kaiserhealth.org,CA77045,PA,04-12-2028,40,TRUE,FALSE,13-03-2022
DOC100154,2417154544,WY4328309,Thomas,Mcgee,Dr. Thomas Mcgee,Infectious Disease,"Ross, Miller and Shaw",78376 Ann Street,East Charles,PA,56870,491-716-6553x55904,thomas.mcgee@kaiserhealth.org,TX13336,GA,12-02-2030,23,TRUE,FALSE,03-04-2025
DOC100155,2660993538,WR5842824,Cindy,Alexander,Dr. Cindy Alexander,Cardiology,Gonzalez Hospital,110 Stacy Drive,Alexanderville,GA,40493,970.453.8338x848,cindy.alexander@kaiserhealth.org,TX43902,NC,14-06-2030,16,FALSE,FALSE,26-08-2021
DOC100156,2135346554,UK7170999,Nicholas,Escobar,Dr. Nicholas Escobar,Oncology,"Williams, Jackson and Campbell",70164 Lin Brook Suite 636,West Toddside,GA,12038,(638)778-0038,nicholas.escobar@kaiserhealth.org,FL75598,NY,31-07-2029,29,TRUE,FALSE,03-11-2024
DOC100157,2022356972,LY2175250,Julie,Smith,Dr. Julie Smith,Oncology,"Bell, Garrett and Young",46084 Edward Lock Apt. 168,South John,GA,20522,(449)857-8232x98324,julie.smith@kaiserhealth.org,IL37444,TX,13-05-2031,15,TRUE,FALSE,23-09-2022
DOC100158,1296666760,BT3505830,Diana,Cunningham,Dr. Diana Cunningham,Oncology,Stewart PLC,52056 Turner Summit,Edwinborough,FL,14495,(520)599-4999,diana.cunningham@kaiserhealth.org,FL55134,IL,23-06-2028,13,TRUE,FALSE,19-09-2021
DOC100159,2210447898,LP2575326,Michael,Watts,Dr. Michael Watts,Oncology,Anderson-Mathis,526 Wells Estates Apt. 306,West Stephaniebury,FL,97804,+1-833-712-7975x73660,michael.watts@kaiserhealth.org,FL27197,FL,04-03-2029,6,TRUE,FALSE,11-05-2026
DOC100160,1150648909,BX1001676,Brittney,Fox,Dr. Brittney Fox,Cardiology,"Buchanan, Meyer and Hayes",88608 Black Roads,East Kellyfurt,NC,40419,001-347-426-4908x27718,brittney.fox@kaiserhealth.org,IL72180,TX,22-10-2030,18,TRUE,FALSE,22-06-2026
DOC100161,1461849926,DS9141173,Sharon,Horton,Dr. Sharon Horton,Oncology,Long Hospital,27937 John Square Apt. 111,Waltersland,FL,69158,001-468-492-6860x259,sharon.horton@kaiserhealth.org,IL78569,FL,11-03-2031,27,TRUE,FALSE,22-09-2022
DOC100162,2208737530,AX1197218,Harold,Joseph,Dr. Harold Joseph,Cardiology,Parker-Cross,2123 Cindy Glen Apt. 777,New Nicolebury,NY,28927,001-577-667-1990,harold.joseph@kaiserhealth.org,IL94454,FL,17-02-2030,34,FALSE,FALSE,28-03-2026
DOC100163,2470120455,PD1002255,Lori,Clark,Dr. Lori Clark,Hematology,Hernandez Ltd,20994 Knapp Causeway Apt. 622,Cherylshire,MI,74186,(879)350-1455,lori.clark@kaiserhealth.org,IL22183,PA,21-09-2030,26,TRUE,FALSE,16-02-2025
DOC100164,2674676212,YB2169797,Megan,Brown,Dr. Megan Brown,Oncology,Taylor-Neal,8683 Cheryl Coves Apt. 794,Lynchmouth,CA,34535,699.552.9978x77293,megan.brown@kaiserhealth.org,OH57002,MI,03-07-2027,6,TRUE,FALSE,02-07-2022
DOC100165,1771670145,AY8993588,Andrew,Garrett,Dr. Andrew Garrett,Nephrology,Mclaughlin and Sons,0558 Alex Flats Suite 414,Williammouth,NY,1304,755-769-9023,andrew.garrett@kaiserhealth.org,OH96732,FL,02-06-2031,35,TRUE,FALSE,27-07-2025
DOC100166,2289002877,FC7535408,Sabrina,Robles,Dr. Sabrina Robles,Oncology,"Taylor, Moore and Murray",6084 Peters Brook Apt. 955,East Juantown,NC,44954,(882)399-6291x4504,sabrina.robles@kaiserhealth.org,OH62858,FL,11-08-2029,10,TRUE,FALSE,08-07-2023
DOC100167,2177517016,PB8801994,Nathan,Gallegos,Dr. Nathan Gallegos,Oncology,Robinson-Turner,0317 Lauren Parkway,East Matthew,CA,63870,001-384-252-1823x0768,nathan.gallegos@kaiserhealth.org,FL95799,GA,26-10-2028,26,TRUE,FALSE,13-11-2021
DOC100168,1375899757,DD3055488,Gloria,Wheeler,Dr. Gloria Wheeler,Oncology,Cook Medical Center,409 Fowler Fords,Jamesport,CA,36762,-2811,gloria.wheeler@kaiserhealth.org,CA31516,GA,16-05-2028,13,TRUE,FALSE,09-02-2026
DOC100169,2149331637,GY5160917,Michael,Flores,Dr. Michael Flores,Hematology,Harding Hospital,14958 Williams Burgs,Bergerton,MI,14385,(501)366-2997x9545,michael.flores@kaiserhealth.org,NC27647,GA,03-06-2031,5,TRUE,FALSE,15-06-2025
DOC100170,1869782922,DN9958669,Ashley,Davis,Dr. Ashley Davis,Neurology,"Mcdonald, Bryant and Cohen",3329 Durham Lock Apt. 557,Johnsonfort,IL,15297,(377)724-5992x816,ashley.davis@kaiserhealth.org,OH54939,IL,10-11-2029,33,TRUE,FALSE,05-02-2022
DOC100171,1698485833,GV4522885,Laura,Patel,Dr. Laura Patel,Cardiology,Garza-Allen,276 Matthew Via,Muellerchester,CA,74846,983-421-9719x97581,laura.patel@kaiserhealth.org,NC72963,MI,21-10-2028,31,TRUE,FALSE,11-12-2024
DOC100172,2608106200,GJ2442043,Chad,Rodriguez,Dr. Chad Rodriguez,Oncology,"Wise, Gray and Snyder",32902 Shawn Highway,Gilbertmouth,CA,26147,254.894.6519,chad.rodriguez@kaiserhealth.org,PA69322,NY,06-02-2031,40,TRUE,FALSE,31-07-2022
DOC100173,2384066658,BA4397359,Melissa,Brown,Dr. Melissa Brown,Oncology,"Faulkner, Smith and Castro",40369 Garrett Station Suite 666,Lake Glenn,MI,18729,286.356.2422,melissa.brown@kaiserhealth.org,FL35362,IL,03-04-2030,33,TRUE,FALSE,17-08-2021
DOC100174,1228160648,JE2940572,Douglas,Dyer,Dr. Douglas Dyer,Oncology,"Kim, Branch and Miller",9692 Hicks Plaza Suite 653,South Cassandra,TX,76252,338.946.8950x0975,douglas.dyer@kaiserhealth.org,PA88234,CA,07-06-2030,24,TRUE,FALSE,05-03-2022
DOC100175,2158328182,PT8615335,Douglas,Simon,Dr. Douglas Simon,Rheumatology,Marshall-Miller,71894 Rebecca Place,South Shawnfort,CA,75731,001-956-454-4209x4940,douglas.simon@kaiserhealth.org,IL38632,MI,06-12-2029,38,TRUE,FALSE,07-12-2021
DOC100176,1157399305,ND6484085,Diana,Carter,Dr. Diana Carter,Gastroenterology,"Weber, Mitchell and Miller",4294 Hodge Bridge,New Gregshire,NC,97358,(275)724-3728,diana.carter@kaiserhealth.org,GA73806,CA,09-11-2027,23,TRUE,FALSE,23-09-2022
DOC100177,1581128801,GX3613861,Caitlin,Underwood,Dr. Caitlin Underwood,Oncology,Mullins-Gutierrez,72395 Dawn Throughway Apt. 027,Alvarezfort,CA,98300,001-783-266-7428x60476,caitlin.underwood@kaiserhealth.org,GA53478,CA,29-11-2027,10,TRUE,FALSE,05-01-2026
DOC100178,1481934667,WN6506180,Dana,Blanchard,Dr. Dana Blanchard,Nephrology,Bishop-Pearson,4414 Murray Spring Apt. 938,Ericaburgh,NY,41561,-7790,dana.blanchard@kaiserhealth.org,MI15965,NY,05-06-2028,27,FALSE,FALSE,27-11-2023
DOC100179,1449147660,RF8326842,Johnathan,Johnson,Dr. Johnathan Johnson,Pulmonology,"Davis, Mays and Douglas",111 Nicholas Track,North Heather,CA,33706,871-774-6542x1406,johnathan.johnson@kaiserhealth.org,CA82551,NC,02-10-2027,14,TRUE,FALSE,10-09-2023
DOC100180,1996881435,GP8222394,Stephanie,Baker,Dr. Stephanie Baker,Neurology,Jones-Krause,627 Douglas Trafficway,Robinsonville,NY,58379,001-241-201-1947x072,stephanie.baker@kaiserhealth.org,TX97946,MI,28-04-2030,8,TRUE,FALSE,25-10-2024
DOC100181,2814141397,LM2314913,Joseph,Graves,Dr. Joseph Graves,Rheumatology,Andrews-Robertson,6618 Aaron Spurs Suite 198,Mathewport,CA,53010,4152851743,joseph.graves@kaiserhealth.org,GA53036,MI,16-02-2029,24,TRUE,FALSE,13-02-2023
DOC100182,1995562053,HY6452577,Kent,Price,Dr. Kent Price,Oncology,Mccoy Hospital,73203 Jennifer Ramp Apt. 761,Victormouth,PA,2652,9504506138,kent.price@kaiserhealth.org,IL73828,NC,25-08-2030,11,TRUE,FALSE,03-06-2026
DOC100183,1428341108,WA9969308,Jesse,Jones,Dr. Jesse Jones,Pulmonology,"Thomas, Valdez and Ruiz",20204 Stephen Extension,Port Lisaville,NC,65662,+1-493-713-6565x198,jesse.jones@kaiserhealth.org,NC71879,TX,20-01-2031,28,TRUE,FALSE,23-04-2023
DOC100184,2278816580,XH9282722,Kathryn,Watkins,Dr. Kathryn Watkins,Nephrology,Brown-Hill,58273 Dennis Turnpike Suite 207,North Adrianland,MI,93134,+1-494-267-2324x8763,kathryn.watkins@kaiserhealth.org,TX73373,PA,12-01-2030,7,TRUE,FALSE,10-01-2023
DOC100185,2314530385,NR7005184,Jennifer,Salazar,Dr. Jennifer Salazar,Pulmonology,Burton Hospital,0833 Valerie Court Suite 883,Townsendborough,MI,36732,2317277220,jennifer.salazar@kaiserhealth.org,NC84732,TX,15-09-2028,29,TRUE,FALSE,12-04-2023
DOC100186,2918463865,MR7908272,Ryan,Cook,Dr. Ryan Cook,Neurology,Williams-Yang,07811 Jennifer Ramp,Robertmouth,NY,30655,001-215-831-3636x31797,ryan.cook@kaiserhealth.org,NC94341,IL,11-02-2028,18,TRUE,FALSE,02-05-2023
DOC100187,1591365177,RG9260302,Sarah,Gibson,Dr. Sarah Gibson,Nephrology,Brooks-Ellis,543 Martinez Square,West Derekmouth,MI,60607,(925)534-9292x98316,sarah.gibson@kaiserhealth.org,TX27658,NC,04-01-2030,7,TRUE,FALSE,10-07-2025
DOC100188,1024286990,XK1379772,Mary,Ramirez,Dr. Mary Ramirez,Neurology,"Patterson, Salas and Wright",392 Robert Cape Apt. 780,Schmidtfort,OH,91812,477-731-8063,mary.ramirez@kaiserhealth.org,MI28705,MI,02-10-2028,16,TRUE,FALSE,12-07-2023
DOC100189,2257991366,ED0388629,Deborah,Davis,Dr. Deborah Davis,Oncology,Caldwell-Martin,907 Ingram Well Suite 257,Port Courtneyfurt,TX,91039,780-246-4989x31950,deborah.davis@kaiserhealth.org,GA90576,MI,20-12-2027,7,TRUE,FALSE,01-10-2024
DOC100190,1172980686,MB8637659,Michael,Harvey,Dr. Michael Harvey,Nephrology,Richardson-Wong,325 Amber Run,Mclaughlinshire,CA,92624,335.754.8640,michael.harvey@kaiserhealth.org,OH27548,IL,18-12-2028,35,TRUE,FALSE,05-05-2025
DOC100191,1498643009,SD8063565,Todd,Rose,Dr. Todd Rose,Cardiology,Harrison PLC,9513 Miller Lock Apt. 411,West Daniel,TX,19893,223.680.4682x7567,todd.rose@kaiserhealth.org,OH95403,MI,19-04-2028,21,TRUE,FALSE,11-01-2022
DOC100192,2959463688,RF5887449,Andrew,Pham,Dr. Andrew Pham,Rheumatology,"Newman, Jenkins and Cooper",9887 Torres Curve Suite 243,Watsonport,OH,6703,(454)472-9284,andrew.pham@kaiserhealth.org,TX96413,NY,24-01-2031,19,TRUE,FALSE,19-10-2022
DOC100193,1138658902,NW0127961,Evan,Wilson,Dr. Evan Wilson,Cardiology,Andrews-Alexander,38055 Nathan Plains Apt. 841,South Sarahberg,IL,60537,320-988-5474x92975,evan.wilson@kaiserhealth.org,FL58606,NY,29-04-2031,7,TRUE,FALSE,01-11-2021
DOC100194,2984902770,GX8430988,Donald,Pierce,Dr. Donald Pierce,Oncology,Johnson-Williamson,5150 Brandy Forges,Jamesland,MI,71071,818.463.7599x805,donald.pierce@kaiserhealth.org,TX98345,CA,17-07-2030,28,TRUE,FALSE,17-02-2025
DOC100195,1214656693,SA1184895,Mike,Watson,Dr. Mike Watson,Rheumatology,Cooper-Parker,137 Lara Heights Apt. 662,East Jaredfort,IL,69353,519-461-0646x28792,mike.watson@kaiserhealth.org,FL89477,FL,13-01-2031,34,FALSE,FALSE,28-09-2024
DOC100196,1426818184,LD8489476,Keith,Henry,Dr. Keith Henry,Nephrology,Davenport-Torres,00244 Martinez Shores Suite 627,North David,GA,36836,219.659.7964x7158,keith.henry@kaiserhealth.org,FL54520,GA,09-03-2028,34,TRUE,FALSE,11-06-2026
DOC100197,1714163356,MS8043416,Brian,Flores,Dr. Brian Flores,Oncology,"Taylor, Martin and Nelson",504 Moreno Club Apt. 219,New Marcus,NY,41947,+1-944-851-8952x02845,brian.flores@kaiserhealth.org,NC33394,GA,10-12-2028,25,TRUE,FALSE,18-11-2022
DOC100198,2237333433,GH9521117,Curtis,Moore,Dr. Curtis Moore,Nephrology,Decker PLC,7112 Timothy Inlet,Donmouth,CA,78836,352.840.1322x34232,curtis.moore@kaiserhealth.org,NC15539,GA,08-06-2030,28,TRUE,FALSE,12-06-2022
DOC100199,2947284639,EB8678085,Chris,Hampton,Dr. Chris Hampton,Oncology,Williams-Rodriguez,1401 Contreras Throughway,Port Davidborough,TX,77519,725.401.2495,chris.hampton@kaiserhealth.org,GA25776,NC,18-02-2031,34,TRUE,FALSE,02-10-2025
DOC100200,1036915594,FT4347955,Kimberly,Austin,Dr. Kimberly Austin,Endocrinology,"Hudson, Garcia and Lane",334 Rachel Plain,Lake Coreyborough,GA,66586,001-575-892-7125x663,kimberly.austin@kaiserhealth.org,OH37594,OH,23-12-2027,28,TRUE,FALSE,02-03-2024
DOC100201,2472929314,HT6632270,David,Rodriguez,Dr. David Rodriguez,Endocrinology,Simpson Hospital,015 Wilson Haven Suite 947,New Richard,CA,56594,917.352.0716,david.rodriguez@kaiserhealth.org,GA27625,NC,02-01-2028,39,TRUE,FALSE,18-09-2022
DOC100202,2448906120,GJ7175455,Ralph,Neal,Dr. Ralph Neal,Gastroenterology,Figueroa and Sons,3539 Martinez Villages,Hardyview,CA,94020,001-399-346-5796x78427,ralph.neal@kaiserhealth.org,IL55107,CA,24-07-2028,31,TRUE,FALSE,28-08-2025
DOC100203,1998245587,QC6947225,Tyler,Fuller,Dr. Tyler Fuller,Infectious Disease,Johnson Ltd,70269 Hernandez Road,Port Charleshaven,MI,65013,234.877.8485x880,tyler.fuller@kaiserhealth.org,MI63054,NY,29-03-2031,10,TRUE,FALSE,05-07-2022
DOC100204,1554496475,US7622023,Patrick,Edwards,Dr. Patrick Edwards,Pulmonology,Ramos-Johnson,427 Taylor Stravenue,Freemanville,NY,75061,+1-878-789-7782x80647,patrick.edwards@kaiserhealth.org,FL31877,OH,03-10-2030,11,TRUE,FALSE,30-11-2023
DOC100205,2800681149,EC6433472,Luke,Johnson,Dr. Luke Johnson,Endocrinology,Anderson Hospital,905 Davis Key Suite 650,East Jimmy,CA,41408,001-711-241-5208,luke.johnson@kaiserhealth.org,TX13744,CA,15-06-2029,27,TRUE,FALSE,01-02-2025
DOC100206,2778487282,UV7968845,Ashley,Valenzuela,Dr. Ashley Valenzuela,Hematology,Smith-Harrison,6965 Lindsey Courts,West Tyler,CA,87976,629-845-6371x83440,ashley.valenzuela@kaiserhealth.org,FL21738,GA,01-12-2030,24,TRUE,FALSE,01-06-2023
DOC100207,2240082547,TA7740649,Claudia,Rubio,Dr. Claudia Rubio,Neurology,"Richard, Davis and Rogers",876 Michael Club,Williamport,CA,57243,+1-485-936-6498x78208,claudia.rubio@kaiserhealth.org,NC58974,FL,26-05-2028,31,TRUE,FALSE,20-06-2025
DOC100208,2632663416,WH8944846,Joseph,Little,Dr. Joseph Little,Neurology,"Farrell, Meadows and Michael",357 John Summit,Meganchester,CA,42267,836-544-2493,joseph.little@kaiserhealth.org,TX27907,IL,24-12-2027,12,TRUE,FALSE,08-10-2022
DOC100209,2497350208,AF1442703,James,Sanchez,Dr. James Sanchez,Oncology,Marshall-Castro,0324 Anthony Turnpike Suite 820,Caseyton,CA,11501,694-916-5162x31981,james.sanchez@kaiserhealth.org,CA74694,FL,05-04-2031,26,TRUE,FALSE,06-04-2022
DOC100210,2570512046,CT7234601,John,Martinez,Dr. John Martinez,Neurology,Murphy-Silva,363 Daniel Forest Suite 764,South Amandaville,OH,41983,-3475,john.martinez@kaiserhealth.org,GA42396,CA,29-03-2030,17,TRUE,FALSE,16-10-2021
DOC100211,1837645208,SD4743503,Mckenzie,Bates,Dr. Mckenzie Bates,Oncology,Vazquez Ltd,8645 Amanda Freeway,Pricefurt,FL,33994,913-843-2756x0417,mckenzie.bates@kaiserhealth.org,OH52534,CA,09-06-2031,15,TRUE,FALSE,28-04-2024
DOC100212,1630097925,CH2719500,Jennifer,Mcdowell,Dr. Jennifer Mcdowell,Rheumatology,Holloway Ltd,156 Chavez Burgs Apt. 272,South Jamesport,TX,41621,001-711-923-8296,jennifer.mcdowell@kaiserhealth.org,NC24076,TX,13-07-2029,36,TRUE,FALSE,18-08-2022
DOC100213,2730652407,YQ8487392,Jorge,Mcdaniel,Dr. Jorge Mcdaniel,Gastroenterology,Marsh-Gonzalez,2669 Andrew Brooks Apt. 173,Jacquelineburgh,PA,7026,(896)994-2152x9108,jorge.mcdaniel@kaiserhealth.org,PA71393,IL,06-01-2031,40,TRUE,FALSE,12-09-2025
DOC100214,1744857086,FA9593518,David,Reeves,Dr. David Reeves,Infectious Disease,Shah Hospital,762 Gates Rapid Apt. 436,South Laura,FL,4272,743-897-3597x1072,david.reeves@kaiserhealth.org,NC99551,GA,01-06-2030,40,TRUE,FALSE,20-04-2023
DOC100215,2565118102,FB3173109,Jennifer,Erickson,Dr. Jennifer Erickson,Infectious Disease,"Harper, Jones and Hawkins",3759 Adam Parkways,Turnerfurt,GA,88484,(428)309-2428x757,jennifer.erickson@kaiserhealth.org,NC91785,MI,04-11-2028,21,TRUE,FALSE,02-01-2026
DOC100216,1910371705,TP5094801,Ryan,Green,Dr. Ryan Green,Pulmonology,Williams-Anderson,564 Austin Trace Suite 856,West Jillian,NY,64893,001-928-870-3203x20742,ryan.green@kaiserhealth.org,FL78089,NY,28-12-2027,11,TRUE,FALSE,14-09-2025
DOC100217,2338392886,DW9576122,Billy,Kelly,Dr. Billy Kelly,Gastroenterology,"Hoffman, Ellis and Rodriguez",51342 Karen View,Annashire,OH,28340,001-308-792-6137,billy.kelly@kaiserhealth.org,NC54238,TX,10-08-2027,39,FALSE,FALSE,30-11-2023
DOC100218,2558556659,HU8368457,Erin,Becker,Dr. Erin Becker,Oncology,Brooks-Hickman,2017 Gibson Grove,West Taramouth,OH,43088,001-892-630-4501x8961,erin.becker@kaiserhealth.org,CA14543,IL,02-04-2028,6,TRUE,FALSE,15-07-2023
DOC100219,2043350488,TU9210752,Tammy,Glenn,Dr. Tammy Glenn,Oncology,Smith and Sons,6421 Henry Meadows,Rebeccaberg,IL,47561,+1-815-783-7767x49961,tammy.glenn@kaiserhealth.org,PA86304,FL,08-02-2030,19,TRUE,FALSE,29-01-2023
DOC100220,2196931572,RY9194096,Ryan,Simmons,Dr. Ryan Simmons,Oncology,Palmer Group,278 Kelly Mews,Port Timberg,CA,17250,+1-843-886-4908x10818,ryan.simmons@kaiserhealth.org,PA55603,OH,24-11-2027,31,FALSE,FALSE,12-06-2025
DOC100221,1390604805,TU2583206,Donna,Carroll,Dr. Donna Carroll,Hematology,Kelly-Richards,72260 Robert Squares,Leemouth,MI,99768,+1-279-245-2321x94168,donna.carroll@kaiserhealth.org,MI76155,NY,05-03-2029,19,TRUE,FALSE,27-06-2022
DOC100222,2225179086,JC6862278,Alexander,Rios,Dr. Alexander Rios,Oncology,Holt-Melton,9956 Miller Dale Apt. 310,Port Anthony,CA,63561,+1-323-468-3147x2760,alexander.rios@kaiserhealth.org,OH95491,MI,02-05-2031,17,TRUE,FALSE,16-10-2022
DOC100223,1314659116,PM5355904,Joanne,Wallace,Dr. Joanne Wallace,Endocrinology,Ruiz-Heath,49605 Curtis Vista,Pettyfort,PA,97111,001-998-540-7678,joanne.wallace@kaiserhealth.org,MI67961,MI,14-07-2030,14,TRUE,FALSE,04-01-2022
DOC100224,1352110392,KA5147705,Allison,Henderson,Dr. Allison Henderson,Neurology,Tran-Adams,1795 Terry Brooks Apt. 437,Samuelhaven,NC,29297,001-959-472-4665,allison.henderson@kaiserhealth.org,FL36712,NC,20-02-2030,38,TRUE,FALSE,04-04-2023
DOC100225,2920698042,BK3940701,Justin,Curry,Dr. Justin Curry,Oncology,"Webb, Thompson and Moore",67433 Yvette Knolls Suite 522,Port Brycechester,IL,15439,+1-431-383-7455x084,justin.curry@kaiserhealth.org,PA24141,CA,02-07-2030,23,TRUE,FALSE,03-12-2021
DOC100226,2368157981,FG8780038,Sara,Kim,Dr. Sara Kim,Pulmonology,Estes-Campos,918 William Expressway,Port Jamiestad,PA,21083,001-847-287-1255x2137,sara.kim@kaiserhealth.org,GA61563,TX,16-07-2028,6,TRUE,FALSE,10-07-2025
DOC100227,2543840460,TJ3256216,Matthew,Wagner,Dr. Matthew Wagner,Gastroenterology,Adams Ltd,3286 Devin Meadow Suite 678,Sherrymouth,MI,19583,001-208-611-5562x60602,matthew.wagner@kaiserhealth.org,FL64700,FL,12-04-2029,14,TRUE,FALSE,29-11-2024
DOC100228,2957823298,XG2482629,Nina,Haynes,Dr. Nina Haynes,Oncology,Griffith-Edwards,48926 Schneider Plains Suite 563,Christopherside,PA,44343,(228)284-3188x4852,nina.haynes@kaiserhealth.org,NY83051,NC,14-04-2031,12,TRUE,FALSE,01-02-2026
DOC100229,1056647423,DE2099499,Brittany,Allen,Dr. Brittany Allen,Nephrology,Barber-Benitez,054 Martinez Throughway,South Kennethtown,FL,59895,539-398-9354x49268,brittany.allen@kaiserhealth.org,MI40432,FL,21-11-2028,6,TRUE,FALSE,20-11-2025
DOC100230,2289752677,EF3306046,Brandi,Carson,Dr. Brandi Carson,Neurology,Gibson-Thomas,1106 Thomas Mission Apt. 586,Wigginsshire,FL,65883,+1-367-576-2282x7728,brandi.carson@kaiserhealth.org,FL18668,TX,07-06-2029,33,TRUE,FALSE,09-07-2025
DOC100231,2573660965,NV9988081,Antonio,Moore,Dr. Antonio Moore,Hematology,"Wood, Crane and Guzman",15940 David Inlet Suite 447,Port Douglasshire,GA,55781,7443327018,antonio.moore@kaiserhealth.org,CA42207,NC,14-03-2031,39,TRUE,FALSE,15-11-2021
DOC100232,1868034764,KQ2649082,Robert,Berry,Dr. Robert Berry,Hematology,"Chavez, Morgan and Bennett",87772 Davis Road,Hughesfurt,GA,44934,-2741,robert.berry@kaiserhealth.org,NY75622,NY,24-04-2028,16,TRUE,FALSE,07-02-2026
DOC100233,1665702793,QC4521117,Barbara,Brown,Dr. Barbara Brown,Rheumatology,"Boyd, Christensen and Shaw",82043 Maria Villages,Millerside,NY,80042,669-307-0562x60856,barbara.brown@kaiserhealth.org,NC60343,NC,26-12-2027,15,TRUE,FALSE,04-05-2022
DOC100234,2025922220,PK4742123,Amber,Mitchell,Dr. Amber Mitchell,Oncology,Scott Medical Center,6209 White Station,West Petermouth,CA,19173,(854)361-0339x93788,amber.mitchell@kaiserhealth.org,IL11600,GA,22-08-2028,36,TRUE,FALSE,04-01-2022
DOC100235,1973397767,CV9038498,Lucas,Tran,Dr. Lucas Tran,Oncology,Washington Group,48913 Kevin Lodge,Millerhaven,CA,27168,(258)223-8687,lucas.tran@kaiserhealth.org,TX29432,CA,14-12-2030,27,TRUE,FALSE,12-06-2025
DOC100236,1994510162,FX4999827,Susan,Oliver,Dr. Susan Oliver,Nephrology,"Stanton, Smith and Mahoney",9465 Brenda Pass Suite 028,West Christopherville,PA,18805,001-784-763-9855x4743,susan.oliver@kaiserhealth.org,CA22206,IL,23-05-2028,25,TRUE,FALSE,28-05-2025
DOC100237,2168147214,LS6833901,Susan,Murphy,Dr. Susan Murphy,Nephrology,"Anderson, Nielsen and Lynch",26876 Kristin Run,New Anthonymouth,CA,88613,956-795-6201,susan.murphy@kaiserhealth.org,NY73394,MI,24-06-2031,23,TRUE,FALSE,19-02-2023
DOC100238,2489952997,SW7729343,Sean,Walker,Dr. Sean Walker,Oncology,Chang Ltd,19433 Coffey Camp Suite 793,East Traceyfurt,NY,15042,498-372-8399x921,sean.walker@kaiserhealth.org,CA70933,NY,14-01-2028,18,TRUE,FALSE,14-09-2023
DOC100239,2605583034,JC4488501,Sarah,Foley,Dr. Sarah Foley,Rheumatology,"Daniel, Hill and Abbott",894 Smith Meadow,Port Sheilachester,CA,53831,918-777-5803x046,sarah.foley@kaiserhealth.org,OH84569,MI,09-07-2027,6,TRUE,FALSE,29-10-2024
DOC100240,1557702727,TL7608495,James,Miller,Dr. James Miller,Gastroenterology,"Aguirre, Mooney and Perez",33254 Connie Court Apt. 760,Marybury,NC,14635,335.305.8319x9717,james.miller@kaiserhealth.org,CA37297,MI,03-10-2027,26,TRUE,FALSE,11-10-2021
DOC100241,2124056829,VN2914504,Nicholas,Wu,Dr. Nicholas Wu,Infectious Disease,"Brown, Anderson and Ellison",49611 Anita Hill Suite 619,Halltown,NY,59930,(376)399-1507x8593,nicholas.wu@kaiserhealth.org,GA41148,PA,20-07-2027,33,TRUE,FALSE,25-01-2022
DOC100242,2384215031,QS0782357,Brittany,Randall,Dr. Brittany Randall,Gastroenterology,"Martinez, Hicks and Kelly",972 Devin Cape Apt. 249,Palmerstad,IL,41289,001-782-227-4954,brittany.randall@kaiserhealth.org,PA28781,NY,12-09-2029,38,TRUE,FALSE,26-06-2026
DOC100243,1307681040,XV1570184,Diane,Thomas,Dr. Diane Thomas,Oncology,Hunter PLC,5333 Matthew Shores,Nealmouth,MI,79113,001-259-995-9465x217,diane.thomas@kaiserhealth.org,IL93735,FL,05-06-2028,25,TRUE,FALSE,11-07-2021
DOC100244,2485714224,DA9881385,Danielle,Steele,Dr. Danielle Steele,Gastroenterology,Hanson-Allen,636 Margaret Avenue Suite 015,New Dariusport,CA,58226,595.600.3342,danielle.steele@kaiserhealth.org,IL28554,IL,21-07-2030,20,TRUE,FALSE,23-12-2022
DOC100245,2958702070,DN0166299,Matthew,Spencer,Dr. Matthew Spencer,Hematology,Gonzalez and Sons,02615 Kevin Garden Suite 528,Johnsland,MI,16032,(823)538-6559,matthew.spencer@kaiserhealth.org,PA50952,PA,31-05-2031,17,TRUE,FALSE,20-11-2021
DOC100246,1792171747,RH3294562,Kathryn,Matthews,Dr. Kathryn Matthews,Rheumatology,"Phillips, Hernandez and Wright",89731 Gibbs Ridges Apt. 286,Victormouth,PA,23962,958-577-7496x90333,kathryn.matthews@kaiserhealth.org,GA73898,CA,07-03-2029,9,TRUE,FALSE,10-05-2023
DOC100247,2772459928,DN1581487,Kevin,Oneal,Dr. Kevin Oneal,Infectious Disease,"Moore, Kirby and Scott",14785 Brandy Mountain,Ronaldmouth,MI,57190,(657)354-6027x34151,kevin.oneal@kaiserhealth.org,OH41270,MI,02-11-2030,20,TRUE,FALSE,05-11-2023
DOC100248,2615396695,TY3219719,Sara,Garcia,Dr. Sara Garcia,Nephrology,Ward PLC,3544 Lee Rapids,Port Karen,GA,97470,-6852,sara.garcia@kaiserhealth.org,PA82756,NY,12-04-2030,33,TRUE,FALSE,08-11-2025
DOC100249,2191965701,GE9022784,Veronica,Lynn,Dr. Veronica Lynn,Infectious Disease,Perez-Cummings,3898 Sharp Mountain,Latoyamouth,MI,25122,(763)777-8052x92407,veronica.lynn@kaiserhealth.org,MI68610,FL,15-06-2028,18,TRUE,FALSE,22-01-2025
DOC100250,2494651909,SN2405800,Ronald,Goodwin,Dr. Ronald Goodwin,Gastroenterology,"Medina, Nguyen and Johnson",25999 Baird Ford,Brownfurt,PA,25186,915.297.4121x8209,ronald.goodwin@kaiserhealth.org,NY46989,CA,16-04-2028,20,TRUE,FALSE,10-03-2023
DOC100251,2566668327,EG8656242,Chad,Mccarty,Dr. Chad Mccarty,Endocrinology,Harris-Carter,0580 Mark Loop,Mooreville,CA,17427,-5016,chad.mccarty@kaiserhealth.org,NY94985,CA,03-03-2028,14,TRUE,FALSE,21-05-2026
DOC100252,2621267969,FQ8687653,Sheila,Matthews,Dr. Sheila Matthews,Endocrinology,"Moran, Stevens and Harris",1693 Kent Overpass,Fordton,OH,97139,547-454-6926,sheila.matthews@kaiserhealth.org,MI10973,MI,29-04-2031,36,TRUE,FALSE,03-03-2025
DOC100253,1846895009,RY5197128,Stephen,Bartlett,Dr. Stephen Bartlett,Oncology,Hale Medical Center,032 Khan Plain Suite 137,Riddleside,GA,16390,(911)285-6724x380,stephen.bartlett@kaiserhealth.org,NC20254,NC,22-10-2027,10,TRUE,FALSE,04-06-2025
DOC100254,1894905807,QS7956544,Patrick,Reese,Dr. Patrick Reese,Endocrinology,Sanders Medical Center,25777 Christopher Shoals Apt. 727,Mckenzieburgh,CA,2868,+1-912-741-8621x042,patrick.reese@kaiserhealth.org,MI49855,MI,02-04-2028,21,TRUE,FALSE,04-05-2023
DOC100255,2929049047,CE8144294,Jennifer,Stafford,Dr. Jennifer Stafford,Pulmonology,"Robinson, Horton and Copeland",4709 Brandon Lane,East Nicholas,IL,31766,510.360.0531,jennifer.stafford@kaiserhealth.org,CA24621,MI,19-11-2030,16,FALSE,FALSE,03-12-2022
DOC100256,1752437280,LC2927663,Jennifer,Williams,Dr. Jennifer Williams,Oncology,"Rodriguez, Murphy and Hart",386 Martinez Forest,West Marcustown,TX,53210,+1-550-863-7314x9501,jennifer.williams@kaiserhealth.org,FL85727,PA,11-10-2028,8,TRUE,FALSE,29-09-2025
DOC100257,1027674783,NX6742860,Tonya,Garcia,Dr. Tonya Garcia,Pulmonology,"Moody, Nielsen and Carroll",95625 Cynthia Spurs Suite 715,New Rhondamouth,GA,50619,338.290.3091x43639,tonya.garcia@kaiserhealth.org,OH98931,PA,30-01-2028,38,TRUE,FALSE,05-09-2024
DOC100258,1185694544,DJ9673938,Victor,Harris,Dr. Victor Harris,Rheumatology,Harris-Johnson,524 Schneider Trace Apt. 864,East Melaniemouth,TX,45423,738.403.3968,victor.harris@kaiserhealth.org,PA81776,CA,18-05-2029,5,TRUE,FALSE,18-07-2021
DOC100259,1618175344,GB0910939,Calvin,Vasquez,Dr. Calvin Vasquez,Cardiology,Williams and Sons,12983 William Meadow,Collinsborough,CA,32603,(829)434-4973x47156,calvin.vasquez@kaiserhealth.org,NY89257,TX,01-07-2029,29,TRUE,FALSE,01-04-2025
DOC100260,1124471746,YX5421406,Roberto,Lynch,Dr. Roberto Lynch,Oncology,Wolf-Weiss,66149 Angela Extensions Suite 674,Campbellside,PA,79933,815.827.3230x0857,roberto.lynch@kaiserhealth.org,CA43847,IL,30-06-2031,16,TRUE,FALSE,07-11-2024
DOC100261,2396271286,GV1741011,Tara,Brooks,Dr. Tara Brooks,Nephrology,Parker-Archer,0169 James Mews,Kelseystad,IL,67296,001-475-606-6337x050,tara.brooks@kaiserhealth.org,GA12459,GA,26-01-2030,14,TRUE,FALSE,15-05-2025
DOC100262,1064256908,YR7661830,Sheryl,Hernandez,Dr. Sheryl Hernandez,Infectious Disease,Guzman Ltd,11669 April Field,Martinchester,CA,33645,001-448-686-9461x195,sheryl.hernandez@kaiserhealth.org,NY84349,NC,06-09-2030,27,TRUE,FALSE,11-04-2023
DOC100263,2601585174,WG2806346,Sarah,Sanders,Dr. Sarah Sanders,Oncology,Smith-Jackson,11686 Quinn Extension Apt. 522,South Hunter,PA,14950,393.423.0234x679,sarah.sanders@kaiserhealth.org,GA21123,GA,01-11-2027,17,TRUE,FALSE,27-12-2023
DOC100264,1093761847,TQ0050506,Christopher,Martinez,Dr. Christopher Martinez,Cardiology,Peterson PLC,7100 Walton Avenue,North Jasontown,FL,49740,+1-584-777-5965x555,christopher.martinez@kaiserhealth.org,NC70079,NC,29-04-2030,14,TRUE,FALSE,19-11-2024
DOC100265,1102707903,YW2020417,Nicholas,Brown,Dr. Nicholas Brown,Nephrology,Marks-Drake,6209 Misty Harbors,West Shannon,TX,90440,+1-978-863-0505x05739,nicholas.brown@kaiserhealth.org,MI18383,NY,22-08-2030,12,TRUE,FALSE,09-03-2022
DOC100266,1136565198,EL3092511,Michael,Crosby,Dr. Michael Crosby,Oncology,Hatfield-Vincent,649 Jennifer Ways,East Tylerland,TX,39999,+1-887-227-1783x33211,michael.crosby@kaiserhealth.org,OH32026,PA,05-03-2028,40,TRUE,FALSE,09-04-2024
DOC100267,1902196207,CA0219467,Raven,Miranda,Dr. Raven Miranda,Endocrinology,Ball Ltd,128 Davis Square Suite 399,Lake Matthewfurt,FL,86211,+1-586-333-4141x1159,raven.miranda@kaiserhealth.org,TX93863,IL,06-12-2029,38,TRUE,FALSE,15-08-2024
DOC100268,1290927914,MP0833181,David,Edwards,Dr. David Edwards,Nephrology,Ray-Smith,836 Flores Lakes,New Elizabeth,PA,77935,516.908.7524,david.edwards@kaiserhealth.org,NC76524,FL,22-05-2030,34,TRUE,FALSE,16-05-2025
DOC100269,1403127722,XB0543645,Dylan,Campbell,Dr. Dylan Campbell,Nephrology,"Ortega, Solis and Warner",8149 Welch Forge Suite 460,Ericborough,GA,96531,802.776.4208,dylan.campbell@kaiserhealth.org,CA23686,CA,17-04-2029,39,TRUE,FALSE,09-07-2025
DOC100270,1781137995,PG5315313,Veronica,Todd,Dr. Veronica Todd,Oncology,Jones-Acosta,386 David Terrace Apt. 472,South Heather,FL,38653,(833)830-5912,veronica.todd@kaiserhealth.org,OH38922,NY,21-05-2030,35,TRUE,FALSE,04-12-2022
DOC100271,1623972652,QG5435209,Sara,Davis,Dr. Sara Davis,Oncology,White-Williams,626 Austin Garden Suite 749,Lake Julie,IL,91175,+1-517-264-7501x11178,sara.davis@kaiserhealth.org,TX24563,GA,28-12-2029,34,TRUE,FALSE,15-05-2026
DOC100272,2349292983,CP8739774,Vanessa,Mendoza,Dr. Vanessa Mendoza,Oncology,"Mcgee, Bauer and White",649 Cory Circles Apt. 606,Brownshire,OH,71146,001-213-412-9208x751,vanessa.mendoza@kaiserhealth.org,FL42483,PA,10-12-2029,32,TRUE,FALSE,01-04-2023
DOC100273,1906007806,SN7177318,Denise,Miller,Dr. Denise Miller,Oncology,York-Johnson,458 Rodney Shoals,East Kevinhaven,OH,38957,+1-287-529-7585x98831,denise.miller@kaiserhealth.org,FL27394,PA,27-08-2027,23,TRUE,FALSE,04-02-2023
DOC100274,1074279907,QE6257016,Donald,Chase,Dr. Donald Chase,Rheumatology,Bernard PLC,542 Jones Glens,Patrickburgh,NC,52937,414.862.8314x359,donald.chase@kaiserhealth.org,CA48874,OH,28-12-2030,22,TRUE,FALSE,19-10-2022
DOC100275,1195085016,MQ9055281,Leslie,French,Dr. Leslie French,Oncology,Johnson-Munoz,1818 Jones Route,West Reginaview,FL,19680,440.616.3611,leslie.french@kaiserhealth.org,TX53899,FL,31-12-2029,39,TRUE,FALSE,29-08-2025
DOC100276,2933554864,BC5577881,Cody,Bailey,Dr. Cody Bailey,Oncology,"Grimes, Arnold and Lawson",56258 Woods Crossroad,Alberthaven,NC,93984,(822)969-4053,cody.bailey@kaiserhealth.org,NC48307,GA,10-04-2028,28,TRUE,FALSE,24-03-2025
DOC100277,1371162411,FJ1272380,Valerie,Lindsey,Dr. Valerie Lindsey,Pulmonology,"Mitchell, Cisneros and Meyer",1465 Cynthia Club,North Frederick,OH,8026,948-370-6827,valerie.lindsey@kaiserhealth.org,NC27305,GA,21-03-2029,27,TRUE,FALSE,12-08-2021
DOC100278,1431038569,LW5798877,Christina,Bartlett,Dr. Christina Bartlett,Pulmonology,"Smith, Coleman and Ferguson",89097 Emily Track Apt. 215,New Michael,MI,7173,(676)525-1538x14474,christina.bartlett@kaiserhealth.org,TX50172,TX,04-07-2027,21,TRUE,FALSE,02-05-2026
DOC100279,2402547292,YT4222231,Phillip,Leblanc,Dr. Phillip Leblanc,Oncology,"Robertson, Barry and Walls",50975 Gomez Avenue Suite 265,North Ryanborough,PA,11608,782.861.7024x37654,phillip.leblanc@kaiserhealth.org,MI26577,GA,16-04-2031,21,TRUE,FALSE,17-01-2023
DOC100280,1805525782,TK1067275,Amanda,Adams,Dr. Amanda Adams,Endocrinology,Douglas-Gonzales,6053 Jake Canyon,South Robert,CA,43913,9234741678,amanda.adams@kaiserhealth.org,NC76507,PA,16-11-2028,23,TRUE,FALSE,23-11-2024
DOC100281,2929751702,XT1406937,Warren,Mclean,Dr. Warren Mclean,Rheumatology,Anderson-Rosario,25803 Erika Junctions,Braytown,NY,57429,344.671.6392x8234,warren.mclean@kaiserhealth.org,PA17213,MI,23-06-2030,17,TRUE,FALSE,07-08-2023
DOC100282,1430187186,GR5998056,Elizabeth,Patterson,Dr. Elizabeth Patterson,Oncology,Mccarthy-Patrick,92312 Johnson Fields,South Andres,OH,26668,806-968-4335,elizabeth.patterson@kaiserhealth.org,PA60608,PA,04-10-2027,5,TRUE,FALSE,31-10-2025
DOC100283,2478137674,FP6299123,Ronald,Williams,Dr. Ronald Williams,Pulmonology,Adams Hospital,635 Hunter Alley Apt. 534,Ramirezville,CA,56980,(447)755-4110,ronald.williams@kaiserhealth.org,NC53963,NY,11-01-2029,29,TRUE,FALSE,26-07-2024
DOC100284,2462879232,NK8704947,Julia,Chapman,Dr. Julia Chapman,Gastroenterology,"Watson, Santos and Clark",12910 James Mission Apt. 189,Kevinfort,GA,26977,-8290,julia.chapman@kaiserhealth.org,FL13517,CA,27-05-2029,14,TRUE,FALSE,29-06-2022
DOC100285,2146273014,RC9597964,Rhonda,Jones,Dr. Rhonda Jones,Hematology,Mills-Farley,94240 Laura Square,Lake Lisa,CA,65385,+1-488-212-7868x66943,rhonda.jones@kaiserhealth.org,PA77177,MI,05-03-2028,6,TRUE,FALSE,11-05-2026
DOC100286,1902572520,JM6504481,Jeffery,Horton,Dr. Jeffery Horton,Gastroenterology,"Gibson, Zimmerman and Warren",44812 Brandon Freeway Suite 024,West Morgan,FL,7253,+1-433-881-0595x5184,jeffery.horton@kaiserhealth.org,TX22387,MI,26-04-2031,15,TRUE,FALSE,02-01-2024
DOC100287,2445189520,ES4576521,Mark,Brown,Dr. Mark Brown,Oncology,Holloway and Sons,40891 Bautista Glens Apt. 735,Jamesfurt,TX,20901,536.952.7172x722,mark.brown@kaiserhealth.org,NC38981,FL,07-08-2030,40,TRUE,FALSE,11-01-2023
DOC100288,1671120754,YM2798524,Deborah,Smith,Dr. Deborah Smith,Oncology,Mcclure Group,21637 Garcia Pine,Lake Karen,NY,2046,+1-416-260-1002x314,deborah.smith@kaiserhealth.org,FL26870,TX,12-11-2030,19,TRUE,FALSE,29-07-2021
DOC100289,1216110760,GD0890714,Susan,Rodriguez,Dr. Susan Rodriguez,Oncology,"Meyers, Farrell and Miller",9724 Mendoza Gardens,New Heatherside,NY,16632,2015841862,susan.rodriguez@kaiserhealth.org,IL97501,CA,07-08-2027,11,TRUE,FALSE,04-06-2023
DOC100290,1932501249,MM2893891,Ronald,Hernandez,Dr. Ronald Hernandez,Oncology,"Mitchell, Dorsey and Cohen",2131 Howard Ridges,Davidland,CA,6182,+1-622-768-5926x249,ronald.hernandez@kaiserhealth.org,CA79315,FL,21-03-2031,17,FALSE,FALSE,18-05-2022
DOC100291,1801387592,QX1256638,Joseph,Porter,Dr. Joseph Porter,Oncology,Cantu-Cochran,22526 Griffith Turnpike,Briggsville,CA,76240,(742)415-2265x57676,joseph.porter@kaiserhealth.org,NY51193,NY,28-11-2030,34,TRUE,FALSE,03-08-2023
DOC100292,1754801571,NK7947386,Patrick,Dunn,Dr. Patrick Dunn,Oncology,"Ferguson, Patel and Underwood",96893 Joe Alley Apt. 058,Rosarioville,OH,8309,(452)347-2863x330,patrick.dunn@kaiserhealth.org,FL19123,GA,15-06-2030,28,TRUE,FALSE,17-09-2022
DOC100293,2167811266,YU1215353,Nicholas,Johnson,Dr. Nicholas Johnson,Oncology,Watson-Miles,9202 Thomas Gardens,North Ashleychester,OH,20124,001-227-228-4765x70412,nicholas.johnson@kaiserhealth.org,NY40522,OH,24-01-2030,36,TRUE,FALSE,21-12-2022
DOC100294,2657967842,QD1477320,Wesley,Smith,Dr. Wesley Smith,Cardiology,Frazier-Liu,843 Huynh Groves Apt. 862,South Christine,CA,29193,(828)591-7756x6205,wesley.smith@kaiserhealth.org,NY75291,CA,23-08-2028,16,TRUE,FALSE,01-06-2022
DOC100295,2249911877,GK7784858,Dan,Cox,Dr. Dan Cox,Oncology,Johnson-Campbell,39043 Danielle Bypass,West Christopher,CA,75228,001-209-770-0514,dan.cox@kaiserhealth.org,CA66414,NY,10-09-2030,29,TRUE,FALSE,24-11-2023
DOC100296,2770028427,PE4671978,Susan,Porter,Dr. Susan Porter,Gastroenterology,Walton-Swanson,156 Wayne Trail,North Brenda,MI,50585,790.942.2711x3322,susan.porter@kaiserhealth.org,GA72378,NC,02-11-2030,15,TRUE,FALSE,11-08-2022
DOC100297,2479695450,AU0255905,Matthew,Ward,Dr. Matthew Ward,Infectious Disease,Williams-Marquez,39912 Davis Bridge Apt. 481,Davismouth,NY,22746,621-949-5511x2747,matthew.ward@kaiserhealth.org,OH55238,PA,06-04-2030,31,TRUE,FALSE,09-09-2022
DOC100298,1334911415,FA8507698,Shelby,Bonilla,Dr. Shelby Bonilla,Infectious Disease,Williams-Trevino,9275 Brooks Springs Suite 874,New Tiffanyton,IL,97630,880.321.4629,shelby.bonilla@kaiserhealth.org,CA71564,MI,11-06-2028,6,FALSE,FALSE,18-10-2024
DOC100299,2965917135,RS5294563,Morgan,Caldwell,Dr. Morgan Caldwell,Oncology,Owens-Day,12166 Richard Circles Suite 597,Lake Judith,CA,15485,870-282-7235x909,morgan.caldwell@kaiserhealth.org,NC38059,IL,24-06-2031,21,TRUE,FALSE,27-07-2024
DOC100300,2391919541,US7635148,Kristine,Irwin,Dr. Kristine Irwin,Pulmonology,Brown Medical Center,4212 Joshua Common Suite 768,Lake Patricia,CA,24628,9169542356,kristine.irwin@kaiserhealth.org,NC51071,FL,09-10-2029,31,TRUE,FALSE,11-11-2022
DOC100301,2820829737,JW8969083,Tammy,Kim,Dr. Tammy Kim,Oncology,"Hudson, Morrow and Hoffman",99255 Edward Mount,South Michelle,GA,15391,+1-464-880-7279x10336,tammy.kim@kaiserhealth.org,TX41506,TX,31-05-2028,24,TRUE,FALSE,15-06-2024
DOC100302,2513644249,HN3123034,Jason,Lee,Dr. Jason Lee,Hematology,"Ray, Smith and Cervantes",4817 Gutierrez Knoll,Mariachester,GA,69073,001-651-827-6528x92866,jason.lee@kaiserhealth.org,NC67164,OH,12-03-2030,7,TRUE,FALSE,27-11-2023
DOC100303,2204482070,BC5941651,Jacqueline,Pace,Dr. Jacqueline Pace,Infectious Disease,Cowan Medical Center,096 Tyler Terrace,Lake Seanshire,TX,4778,+1-846-833-7861x37157,jacqueline.pace@kaiserhealth.org,FL24671,MI,12-07-2027,37,FALSE,FALSE,05-09-2024
DOC100304,2713915596,HP3212347,Kimberly,Romero,Dr. Kimberly Romero,Infectious Disease,Hobbs-Baker,306 Alexis Drives Suite 895,Georgeshire,IL,56864,486.839.6096,kimberly.romero@kaiserhealth.org,MI17330,GA,05-08-2030,39,TRUE,FALSE,21-12-2022
DOC100305,1586734257,YM4090034,Richard,Flores,Dr. Richard Flores,Gastroenterology,Kim Medical Center,196 Hood Estate,Jamesland,OH,3861,(409)520-9819x60275,richard.flores@kaiserhealth.org,IL93748,PA,09-04-2030,12,TRUE,FALSE,19-05-2023
DOC100306,1760644134,GF7560417,Kenneth,Nichols,Dr. Kenneth Nichols,Hematology,Barber Group,041 Courtney Route Apt. 179,North Donaldview,OH,24176,817-353-6170,kenneth.nichols@kaiserhealth.org,PA65360,NY,25-07-2029,15,TRUE,FALSE,22-02-2022
DOC100307,1569857002,WQ2063459,Jason,Barnes,Dr. Jason Barnes,Cardiology,Schultz-Hayes,40299 David Junctions,Timothyside,NY,1158,(484)513-9080,jason.barnes@kaiserhealth.org,TX42716,NC,08-03-2031,13,TRUE,FALSE,06-08-2024
DOC100308,2577242954,GC6526693,Danny,Robinson,Dr. Danny Robinson,Oncology,Taylor-Miller,4731 Erickson Run,Stuartfort,CA,57656,963.842.3461x99423,danny.robinson@kaiserhealth.org,NC94817,MI,02-04-2031,19,FALSE,FALSE,16-04-2025
DOC100309,2342069694,EC5291086,Rodney,Burgess,Dr. Rodney Burgess,Hematology,Dean-Lawson,95517 Pamela Pass Suite 964,Raymondville,GA,24081,262-753-1355x25105,rodney.burgess@kaiserhealth.org,NY39423,FL,28-05-2028,17,FALSE,FALSE,14-06-2025
DOC100310,2476263934,XG6262044,Ashley,Morris,Dr. Ashley Morris,Neurology,Hoffman Group,383 Ann Stravenue Apt. 966,Lisaborough,MI,26338,4777046117,ashley.morris@kaiserhealth.org,GA42547,PA,04-01-2030,34,TRUE,FALSE,01-10-2024
DOC100311,2256366941,DT0053759,Joel,Smith,Dr. Joel Smith,Nephrology,Schneider PLC,4260 Matthew Brook,South Codychester,CA,95299,945-956-1857x9064,joel.smith@kaiserhealth.org,CA43247,NC,08-02-2031,29,TRUE,FALSE,12-07-2022
DOC100312,2528092428,RL7215862,Megan,Pace,Dr. Megan Pace,Pulmonology,Johnson Medical Center,15632 James Valleys,Lisaside,CA,1148,001-604-401-0414x596,megan.pace@kaiserhealth.org,PA15788,TX,06-06-2031,36,TRUE,FALSE,01-09-2022
DOC100313,2564494856,FL7287032,Brandy,Wilson,Dr. Brandy Wilson,Oncology,Atkins-Mullins,718 Becky Shore Suite 457,North Joseph,FL,39329,001-515-983-3117x030,brandy.wilson@kaiserhealth.org,TX14700,GA,23-12-2030,21,TRUE,FALSE,08-10-2024
DOC100314,2617075877,RD2151342,Jacob,Garcia,Dr. Jacob Garcia,Endocrinology,Cervantes PLC,7281 Jeffery Lakes Suite 798,Port Ricardo,NC,9497,962-449-1271x130,jacob.garcia@kaiserhealth.org,IL83825,MI,18-08-2028,18,TRUE,FALSE,26-09-2021
DOC100315,1892613715,AK1659152,Thomas,Schmidt,Dr. Thomas Schmidt,Oncology,Baker-Mcintosh,6326 Romero Center,Nelsonville,NY,6941,+1-866-334-3629x4897,thomas.schmidt@kaiserhealth.org,GA96447,GA,24-05-2030,34,TRUE,FALSE,01-12-2021
DOC100316,2905097592,GB4501896,Debbie,Haley,Dr. Debbie Haley,Oncology,Wilson Medical Center,18143 Myers Courts Apt. 473,Port James,OH,83980,394-401-2897x4325,debbie.haley@kaiserhealth.org,IL33332,FL,17-04-2028,30,TRUE,FALSE,26-04-2024
DOC100317,1266421476,KX9251583,Rachel,Thomas,Dr. Rachel Thomas,Hematology,Wade Group,24120 Montes Prairie Apt. 737,North Lorishire,CA,89636,638-982-2114x5775,rachel.thomas@kaiserhealth.org,OH72447,IL,28-07-2028,32,TRUE,FALSE,04-08-2024
DOC100318,2592661085,QX3278814,Stephen,Carey,Dr. Stephen Carey,Oncology,Mckinney-Vance,48026 Donna Divide Suite 703,Howardland,CA,25908,(614)687-8245x5696,stephen.carey@kaiserhealth.org,NY72601,IL,22-04-2028,14,FALSE,FALSE,04-11-2021
DOC100319,2386490810,SD8661794,Bethany,Miles,Dr. Bethany Miles,Rheumatology,"Martinez, Pope and Knight",1072 Becker Pike Suite 982,Tommyland,IL,39131,6702349107,bethany.miles@kaiserhealth.org,MI20717,NC,29-04-2029,6,TRUE,FALSE,28-06-2024
DOC100320,2226016459,QX7945232,Donna,Smith,Dr. Donna Smith,Oncology,Taylor-Koch,42369 Kelly Bypass,Fitzpatrickbury,MI,89433,+1-466-561-4494x2965,donna.smith@kaiserhealth.org,IL98265,NY,23-07-2028,32,TRUE,FALSE,25-08-2022
DOC100321,1610277697,KV9564122,Robert,Gonzalez,Dr. Robert Gonzalez,Oncology,Miller-Knight,266 Dillon Mills Suite 857,Ronaldchester,FL,54274,708.406.1294x398,robert.gonzalez@kaiserhealth.org,NY12082,FL,19-02-2030,6,TRUE,FALSE,11-02-2026
DOC100322,1368314727,PA1227770,Rachel,Rich,Dr. Rachel Rich,Hematology,Campos Group,0787 Christopher Groves,West Brookeport,MI,74614,550.419.8038x2872,rachel.rich@kaiserhealth.org,FL36389,IL,10-10-2028,30,TRUE,FALSE,20-02-2024
DOC100323,1166799840,RN7899730,Jennifer,Zuniga,Dr. Jennifer Zuniga,Gastroenterology,Hanson-Gonzalez,29181 James Mountains,Port Williamfurt,CA,7795,946-372-3849,jennifer.zuniga@kaiserhealth.org,OH85550,PA,02-05-2029,40,TRUE,FALSE,27-09-2022
DOC100324,2717957602,KG7573839,Daisy,Lopez,Dr. Daisy Lopez,Oncology,"Sandoval, Jackson and Harmon",7441 Richardson Harbor,Cruzville,MI,61313,(962)204-7196x09409,daisy.lopez@kaiserhealth.org,GA27191,IL,11-05-2031,29,FALSE,FALSE,06-07-2024
DOC100325,2729341722,GF9716743,Sydney,Mcdonald,Dr. Sydney Mcdonald,Neurology,"Ellis, Smith and Moore",8681 Diana Knoll,Stephenberg,NC,36983,001-746-717-6792x98842,sydney.mcdonald@kaiserhealth.org,CA12376,PA,24-12-2029,21,TRUE,FALSE,05-12-2024
DOC100326,1280156193,DT3745508,Carlos,Johnson,Dr. Carlos Johnson,Oncology,"Moore, Davis and Rodriguez",3312 Campos Manor Apt. 094,North Melanieland,TX,58373,001-659-902-5176x29833,carlos.johnson@kaiserhealth.org,NC89205,NY,10-05-2029,8,FALSE,FALSE,05-12-2023
DOC100327,2711991808,DF1352478,Jeremiah,Harmon,Dr. Jeremiah Harmon,Oncology,Cervantes-Stokes,90130 Patricia Lake,Carrollland,NY,45158,(787)433-9785,jeremiah.harmon@kaiserhealth.org,TX94815,PA,27-11-2030,26,TRUE,FALSE,24-01-2022
DOC100328,1376037548,FC4565328,Scott,Garrett,Dr. Scott Garrett,Infectious Disease,Carroll and Sons,17309 Johnson View Suite 465,Port Monicaport,FL,10302,-9150,scott.garrett@kaiserhealth.org,TX66206,OH,22-12-2029,31,TRUE,FALSE,02-07-2025
DOC100329,2072081155,NF6060290,Sharon,Mercer,Dr. Sharon Mercer,Gastroenterology,"Johnson, Morgan and Green",23850 Trevor Valley Apt. 516,New Timothyberg,IL,35957,001-201-207-8356x7430,sharon.mercer@kaiserhealth.org,OH62691,NC,14-10-2030,24,TRUE,FALSE,01-03-2023
DOC100330,2504892673,TV9756341,Amanda,Dalton,Dr. Amanda Dalton,Oncology,"Sutton, Smith and Olson",2668 Darrell Crest Suite 535,Hullbury,NC,30914,590-236-8900,amanda.dalton@kaiserhealth.org,PA61117,TX,28-10-2027,38,FALSE,FALSE,23-12-2021
DOC100331,2318848520,AT9434681,David,White,Dr. David White,Oncology,Edwards PLC,2967 Diane Club,Shawnaborough,PA,65372,001-353-274-5843x845,david.white@kaiserhealth.org,IL92180,NC,20-12-2028,27,TRUE,FALSE,27-12-2024
DOC100332,1749075399,YW8935449,Janice,Howell,Dr. Janice Howell,Oncology,Miller-Barr,8315 Barry Freeway,Santosmouth,CA,15474,2706449641,janice.howell@kaiserhealth.org,NC42457,NY,17-02-2031,25,TRUE,FALSE,04-10-2024
DOC100333,1571266110,PE7371586,Tyler,Roy,Dr. Tyler Roy,Nephrology,Wallace-Walker,68040 Pineda Rest Suite 493,West Jessicachester,CA,56540,001-401-886-4876x9984,tyler.roy@kaiserhealth.org,NC61744,IL,25-06-2029,36,TRUE,FALSE,10-07-2023
DOC100334,2762282772,YS8137702,David,Smith,Dr. David Smith,Gastroenterology,"Tapia, Miller and Wright",9609 Ward Shoals Suite 901,Ashleymouth,CA,35171,(977)507-0705,david.smith@kaiserhealth.org,NY88852,OH,26-03-2029,12,TRUE,FALSE,29-12-2021
DOC100335,2082154544,RA2296044,Bethany,Miller,Dr. Bethany Miller,Neurology,"Arnold, Ashley and Alexander",4723 Dylan River Apt. 310,Lake William,CA,58213,001-750-283-0440,bethany.miller@kaiserhealth.org,GA10273,NY,18-01-2030,40,TRUE,FALSE,29-06-2023
DOC100336,1679497567,VE2877725,Michael,Jones,Dr. Michael Jones,Cardiology,Wilson-Jones,9561 Liu Divide,West Catherinestad,MI,44408,(557)749-0250x42901,michael.jones@kaiserhealth.org,MI63690,OH,01-09-2029,19,FALSE,FALSE,25-10-2025
DOC100337,2807412094,TW1813989,Krista,Marquez,Dr. Krista Marquez,Oncology,Gray PLC,261 Susan Fork,Ryanville,MI,69675,6975887543,krista.marquez@kaiserhealth.org,NC34824,GA,22-11-2028,37,TRUE,FALSE,25-07-2023
DOC100338,1820433971,TV5690705,Lauren,Madden,Dr. Lauren Madden,Infectious Disease,Bryant Ltd,376 Miller Points,West Denisebury,TX,59348,(339)328-3692x94455,lauren.madden@kaiserhealth.org,OH13153,NC,26-03-2029,25,TRUE,FALSE,28-01-2025
DOC100339,1118242241,EK6209520,William,Hernandez,Dr. William Hernandez,Oncology,Chen-Barton,0216 Cannon Station,Newtonberg,CA,4967,(602)312-8866x52683,william.hernandez@kaiserhealth.org,OH22942,PA,05-12-2028,14,TRUE,FALSE,10-05-2024
DOC100340,2461033993,RS8614057,Brittany,Jensen,Dr. Brittany Jensen,Gastroenterology,"Williams, Rodgers and Kelly",7647 Jessica Stream Apt. 209,Emilymouth,OH,50226,872-689-4134x75098,brittany.jensen@kaiserhealth.org,NY73461,CA,13-11-2028,31,TRUE,FALSE,05-10-2024
DOC100341,1489138249,PQ1832582,Lucas,White,Dr. Lucas White,Neurology,Williams Ltd,8499 Garcia Haven,North Keith,NC,64285,432.244.9134x213,lucas.white@kaiserhealth.org,OH82764,GA,15-01-2030,7,TRUE,FALSE,31-10-2021
DOC100342,2942007494,XN5398402,Susan,Fernandez,Dr. Susan Fernandez,Oncology,Smith Medical Center,49678 Mariah Hill Apt. 176,Bakerberg,CA,36998,001-315-713-1528x5478,susan.fernandez@kaiserhealth.org,NY49405,NY,17-04-2031,30,TRUE,FALSE,27-10-2021
DOC100343,1846398554,YQ4355379,Ryan,Randolph,Dr. Ryan Randolph,Oncology,"Stewart, Skinner and Guerrero",032 Wiggins Forges,West Theodore,CA,64006,(874)323-1830,ryan.randolph@kaiserhealth.org,TX94730,CA,01-08-2029,35,TRUE,FALSE,28-03-2026
DOC100344,1268768118,AX7156956,Cheryl,Mckinney,Dr. Cheryl Mckinney,Endocrinology,Barnes Hospital,935 Moreno Falls Suite 347,Roblesfurt,CA,78861,(887)341-3146x753,cheryl.mckinney@kaiserhealth.org,NY70646,PA,30-03-2028,17,TRUE,FALSE,12-06-2025
DOC100345,1045319433,RM0479303,Stephanie,Guerrero,Dr. Stephanie Guerrero,Infectious Disease,Terry-Bush,9630 Adams Forge Suite 085,Emilychester,NY,51799,866.540.4735x047,stephanie.guerrero@kaiserhealth.org,IL84593,NC,06-12-2029,36,TRUE,FALSE,29-11-2022
DOC100346,1999219212,JU3843089,Amanda,Chan,Dr. Amanda Chan,Oncology,Gould PLC,98006 Kimberly Isle Suite 810,West Amanda,NC,21078,-6367,amanda.chan@kaiserhealth.org,GA10256,OH,26-08-2027,8,TRUE,FALSE,31-08-2021
DOC100347,2664187758,BH0468750,Kari,Rose,Dr. Kari Rose,Oncology,"Sanders, Washington and Moore",33041 Rios Curve Suite 111,Smithside,CA,79782,(219)663-9456,kari.rose@kaiserhealth.org,PA20722,MI,29-08-2028,6,FALSE,FALSE,25-05-2025
DOC100348,1613325411,AR6095431,James,Baker,Dr. James Baker,Hematology,"Johnston, Bennett and Jordan",8474 Patrick Parks,Beanside,FL,94162,973-390-6375,james.baker@kaiserhealth.org,PA17134,PA,25-03-2030,38,TRUE,FALSE,20-02-2024
DOC100349,1997179110,BN5120704,Martin,Pacheco,Dr. Martin Pacheco,Nephrology,Davis and Sons,9312 Jensen Mountains,North Katrina,OH,33534,(945)720-5996x04387,martin.pacheco@kaiserhealth.org,NY23346,CA,08-04-2030,40,TRUE,FALSE,02-07-2023
DOC100350,2619639907,NQ6991507,Marc,Fletcher,Dr. Marc Fletcher,Gastroenterology,"Peters, Singh and Quinn",1620 April Crossing,East Samuel,PA,15399,8672287286,marc.fletcher@kaiserhealth.org,MI35228,NY,03-10-2028,11,TRUE,FALSE,30-06-2022
DOC100351,1939284567,VQ2320024,Ryan,Phillips,Dr. Ryan Phillips,Nephrology,"Nelson, Morris and Preston",48395 Kennedy Fords,Saraberg,OH,22028,970.756.2271x04331,ryan.phillips@kaiserhealth.org,NC95420,PA,25-11-2027,24,TRUE,FALSE,05-01-2022
DOC100352,1274954508,UX2038806,Colleen,Wheeler,Dr. Colleen Wheeler,Oncology,Bell PLC,0344 Silva Inlet,Claudiafurt,FL,33891,-3235,colleen.wheeler@kaiserhealth.org,FL93958,FL,22-11-2029,9,TRUE,FALSE,13-05-2022
DOC100353,2795995946,LF1707303,David,Boyd,Dr. David Boyd,Neurology,"Miranda, Rivera and Ingram",973 Aaron Fort Apt. 192,East Thomas,CA,533,810-828-7675x48138,david.boyd@kaiserhealth.org,MI37936,FL,15-10-2030,35,TRUE,FALSE,09-10-2024
DOC100354,2636205015,AT1247395,Jasmin,Kelly,Dr. Jasmin Kelly,Oncology,"Stewart, Miller and Jacobs",42687 Neal Glen,New Rachelstad,CA,23833,8577563983,jasmin.kelly@kaiserhealth.org,FL35929,IL,04-04-2028,16,TRUE,FALSE,02-08-2021
DOC100355,2258323024,DA2615347,James,Ward,Dr. James Ward,Neurology,Smith Hospital,54809 Johnson Harbor Suite 604,Colleenshire,PA,4489,001-479-477-2781x050,james.ward@kaiserhealth.org,PA96626,TX,14-03-2031,38,FALSE,FALSE,13-08-2022
DOC100356,2112233865,LV6309938,Christopher,Flowers,Dr. Christopher Flowers,Oncology,Brown Ltd,1843 Marvin Spring,Rachaelburgh,CA,77420,001-458-906-6013x8241,christopher.flowers@kaiserhealth.org,PA42397,CA,08-09-2027,22,TRUE,FALSE,03-11-2023
DOC100357,2317912868,MR8725587,Charlotte,Barker,Dr. Charlotte Barker,Hematology,Thompson-Francis,4851 Owens Villages,New Sarahland,GA,15739,521-725-9020,charlotte.barker@kaiserhealth.org,IL86177,OH,15-06-2029,7,TRUE,FALSE,09-03-2022
DOC100358,1736346692,MJ8121478,Natalie,Harding,Dr. Natalie Harding,Rheumatology,Hood-May,240 Mccarthy Fall,Donaldmouth,FL,54762,334.932.4474,natalie.harding@kaiserhealth.org,MI15392,GA,02-01-2029,37,TRUE,FALSE,01-06-2026
DOC100359,2776657546,AF7341514,Michael,Barton,Dr. Michael Barton,Gastroenterology,"Cole, Welch and Decker",628 Victoria Mews,Debbieport,NC,27691,488-941-8343x74018,michael.barton@kaiserhealth.org,NC94365,NY,03-02-2028,22,FALSE,FALSE,20-06-2025
DOC100360,1115083535,JK4392840,Brenda,Watson,Dr. Brenda Watson,Pulmonology,Barrett-Valenzuela,150 Robert Isle Suite 125,Franciscoside,IL,24901,001-707-997-9966x73459,brenda.watson@kaiserhealth.org,PA62928,OH,20-05-2030,5,TRUE,FALSE,27-11-2024
DOC100361,1633373898,QQ5153663,Kevin,Arellano,Dr. Kevin Arellano,Oncology,Hines PLC,6496 Frank Expressway,Oliviahaven,GA,26513,001-922-850-1425,kevin.arellano@kaiserhealth.org,NC13945,PA,13-03-2028,13,TRUE,FALSE,30-05-2025
DOC100362,1407553666,YT4590902,Aaron,Hernandez,Dr. Aaron Hernandez,Endocrinology,Turner Medical Center,36132 Smith Estate,Coryside,PA,90519,(637)867-3162x5265,aaron.hernandez@kaiserhealth.org,MI92554,MI,13-01-2030,30,FALSE,FALSE,04-11-2024
DOC100363,1618637159,QW4121820,Amanda,Reed,Dr. Amanda Reed,Nephrology,"Yang, Willis and Walker",55580 Melendez Rue,East Vincent,GA,6300,646.615.6262,amanda.reed@kaiserhealth.org,CA34470,FL,20-02-2029,9,FALSE,FALSE,01-08-2025
DOC100364,2433481705,SA2566212,Austin,Mullen,Dr. Austin Mullen,Gastroenterology,White-Sanders,1516 Eugene Crossroad,Parkstown,OH,64220,+1-766-704-6419x7857,austin.mullen@kaiserhealth.org,GA19012,OH,21-12-2027,18,TRUE,FALSE,06-01-2023
DOC100365,1467299493,SY7430271,Tina,Schmidt,Dr. Tina Schmidt,Infectious Disease,Berg-Miller,9438 Graham Mountain,Billfort,MI,60826,(609)754-6540x842,tina.schmidt@kaiserhealth.org,FL78925,PA,08-04-2029,36,TRUE,FALSE,23-08-2021
DOC100366,1147546926,HF9676291,Sean,Evans,Dr. Sean Evans,Infectious Disease,Larson Hospital,632 Amanda Crossroad,Lake Trevor,CA,36505,(479)338-9701x550,sean.evans@kaiserhealth.org,FL30700,IL,13-02-2029,39,TRUE,FALSE,08-11-2025
DOC100367,1376815118,LP7243807,Tina,Miller,Dr. Tina Miller,Oncology,"Curry, Henderson and Johnson",161 Ashley Hollow Apt. 059,Lewischester,NY,36517,001-224-880-9624x4063,tina.miller@kaiserhealth.org,GA59958,PA,16-04-2030,30,TRUE,FALSE,07-08-2022
DOC100368,2004125777,CC8372742,Joshua,Ford,Dr. Joshua Ford,Endocrinology,"Flores, Walker and Smith",19497 Walters Isle Suite 780,Matthewstad,CA,58747,(277)338-2646,joshua.ford@kaiserhealth.org,MI23174,TX,07-03-2030,23,TRUE,FALSE,19-08-2025
DOC100369,2210427523,YB8370816,Anna,Reed,Dr. Anna Reed,Oncology,Adkins PLC,4577 Eric Prairie Apt. 959,Perrytown,CA,98986,587-336-8269x1163,anna.reed@kaiserhealth.org,CA88407,CA,03-12-2029,8,TRUE,FALSE,15-12-2023
DOC100370,1353310600,LG1312206,Gregory,Moore,Dr. Gregory Moore,Gastroenterology,"Werner, Pierce and Bell",9455 Elizabeth Spur,Wayneside,CA,51903,667.274.7226,gregory.moore@kaiserhealth.org,PA52294,NC,05-10-2029,17,TRUE,FALSE,02-05-2024
DOC100371,2613315520,NW5063731,Kathryn,Douglas,Dr. Kathryn Douglas,Pulmonology,"Solomon, Reyes and Delgado",3093 Chelsea Parkway Apt. 996,West Chelseaburgh,CA,75121,+1-571-450-9688x3275,kathryn.douglas@kaiserhealth.org,PA15759,NY,03-07-2029,18,TRUE,FALSE,12-03-2023
DOC100372,2189241956,XY2525715,Marcus,Carter,Dr. Marcus Carter,Oncology,Clark Group,97327 Linda Villages Suite 237,North Kaitlynchester,CA,68627,661.864.8198x0770,marcus.carter@kaiserhealth.org,MI68839,OH,07-01-2031,37,TRUE,FALSE,31-10-2021
DOC100373,1890309143,PH9102574,Michael,Moran,Dr. Michael Moran,Neurology,"Soto, Alexander and Cobb",49125 Douglas Divide,Port Timothy,TX,35170,951-777-3454,michael.moran@kaiserhealth.org,OH36789,CA,05-11-2030,20,FALSE,FALSE,29-04-2025
DOC100374,2524508640,HL5338033,Holly,Carroll,Dr. Holly Carroll,Nephrology,"Johnson, Taylor and Boyd",59544 Ashley Inlet,Marquezport,CA,20743,001-222-694-6430x3942,holly.carroll@kaiserhealth.org,NC52157,TX,16-01-2029,33,TRUE,FALSE,27-10-2025
DOC100375,1713023212,UT3381674,Julie,Ferrell,Dr. Julie Ferrell,Endocrinology,Woods-Yoder,298 Mills Lane Suite 287,South Penny,FL,2366,+1-915-234-3324x91357,julie.ferrell@kaiserhealth.org,FL65576,TX,25-01-2031,20,TRUE,FALSE,14-12-2025
DOC100376,2347156627,QP8962706,Rachael,Figueroa,Dr. Rachael Figueroa,Infectious Disease,Beck-Ross,8148 Tara Centers,Knightbury,NY,32573,523-337-2094x841,rachael.figueroa@kaiserhealth.org,IL88011,NC,08-05-2031,14,TRUE,FALSE,15-08-2022
DOC100377,1467474689,RC5273230,Alexandra,Brown,Dr. Alexandra Brown,Oncology,Sanchez PLC,1805 James Crescent Suite 173,New Bridgetfort,CA,39817,001-909-261-7399,alexandra.brown@kaiserhealth.org,PA74415,OH,26-07-2028,31,FALSE,FALSE,16-12-2024
DOC100378,2674916016,UF3645875,Carolyn,Vasquez,Dr. Carolyn Vasquez,Oncology,Murphy Group,448 Matthew Springs Suite 712,Smithhaven,OH,62171,522.516.4175x8231,carolyn.vasquez@kaiserhealth.org,OH42347,FL,20-10-2028,35,TRUE,FALSE,05-10-2025
DOC100379,2024972439,UX2011669,Kevin,Miranda,Dr. Kevin Miranda,Oncology,Garcia-Evans,252 Katie Turnpike,Port Eric,NC,87348,(958)679-6434,kevin.miranda@kaiserhealth.org,FL65436,TX,27-01-2029,32,TRUE,FALSE,23-09-2022
DOC100380,2886946119,ME4364027,Kevin,Acosta,Dr. Kevin Acosta,Oncology,"Stewart, Parker and Elliott",60652 Wang Brook Apt. 344,Andrewchester,CA,50623,988-933-9874x11325,kevin.acosta@kaiserhealth.org,NY64767,NC,10-09-2027,31,TRUE,FALSE,23-10-2024
DOC100381,2225223728,DQ9323023,Gwendolyn,Stout,Dr. Gwendolyn Stout,Pulmonology,Wright-Benitez,10548 Kim Haven Apt. 721,Tiffanychester,OH,20394,(794)693-8173,gwendolyn.stout@kaiserhealth.org,GA92160,MI,11-11-2029,11,TRUE,FALSE,04-01-2026
DOC100382,1141614150,UH7710040,Lisa,Norris,Dr. Lisa Norris,Oncology,Barton Medical Center,7325 Perez Lake Suite 344,East Davidchester,CA,56512,(970)680-8509x6085,lisa.norris@kaiserhealth.org,NY37665,NC,09-12-2029,5,TRUE,FALSE,01-05-2024
DOC100383,2775965555,HM6690551,Cynthia,Navarro,Dr. Cynthia Navarro,Oncology,"Davis, Grant and Rodriguez",197 Karen Trafficway,Meyersmouth,GA,59652,001-625-212-9578x6069,cynthia.navarro@kaiserhealth.org,OH28201,CA,23-02-2030,12,TRUE,FALSE,23-10-2024
DOC100384,2357978630,WL0505739,Andrew,Perez,Dr. Andrew Perez,Hematology,Hernandez-Foley,739 Barry Stravenue Apt. 323,Huntertown,OH,70417,+1-402-885-1553x334,andrew.perez@kaiserhealth.org,MI20665,PA,25-08-2028,32,FALSE,FALSE,23-06-2023
DOC100385,2164932898,BE7148727,Sharon,Robinson,Dr. Sharon Robinson,Cardiology,Johnson-Rich,60736 Sean Locks Apt. 369,North Tanyahaven,GA,76300,001-381-723-1795x5633,sharon.robinson@kaiserhealth.org,NC41575,FL,12-07-2029,18,TRUE,FALSE,01-09-2023
DOC100386,1160256434,XR1287153,William,Duffy,Dr. William Duffy,Nephrology,Smith Group,55416 Perez Squares Apt. 670,Jessicamouth,MI,6447,(932)290-2822,william.duffy@kaiserhealth.org,NY94408,PA,04-10-2027,29,FALSE,FALSE,12-04-2023
DOC100387,2863341411,CL9319525,Michelle,Guerrero,Dr. Michelle Guerrero,Infectious Disease,Williamson-Morrow,28225 Kristin Burgs Suite 346,Reginaview,CA,82016,400-450-7026x08698,michelle.guerrero@kaiserhealth.org,CA50737,CA,03-12-2027,39,TRUE,FALSE,15-08-2021
DOC100388,2655289931,NA8752437,Michael,Walker,Dr. Michael Walker,Hematology,Mcneil-Rodriguez,6872 Larry Mountains Suite 258,Summerville,TX,63125,393.523.8223x1164,michael.walker@kaiserhealth.org,MI47144,TX,16-06-2028,7,TRUE,FALSE,17-08-2023
DOC100389,2814973746,BL2330276,Jack,Hopkins,Dr. Jack Hopkins,Pulmonology,Page-Murray,56529 Julie Union Suite 032,East Cynthiabury,TX,21719,(650)997-7539x6737,jack.hopkins@kaiserhealth.org,CA81819,OH,31-12-2027,26,TRUE,FALSE,14-11-2023
DOC100390,2566184438,ND2590472,Diana,Robertson,Dr. Diana Robertson,Oncology,Rogers-Stafford,7871 Hines Greens Apt. 560,North Jeremy,TX,60457,318-442-5476,diana.robertson@kaiserhealth.org,GA73234,IL,09-03-2029,14,TRUE,FALSE,03-11-2025
DOC100391,1059126620,DM7201859,James,Larsen,Dr. James Larsen,Infectious Disease,Parsons and Sons,929 Lauren Lake Apt. 825,North Erin,TX,83719,+1-893-928-9634x0646,james.larsen@kaiserhealth.org,OH42112,CA,27-06-2029,12,TRUE,FALSE,26-03-2024
DOC100392,2492617647,MA1111783,Derek,Hurley,Dr. Derek Hurley,Oncology,Jones Ltd,99106 Douglas View Apt. 362,Myersborough,MI,33081,(613)742-6192x372,derek.hurley@kaiserhealth.org,MI85055,GA,17-07-2027,22,TRUE,FALSE,29-06-2022
DOC100393,1926764921,LC8260688,Abigail,Warren,Dr. Abigail Warren,Gastroenterology,"George, Hall and Gonzales",972 Nicole Throughway,Nancyton,GA,50505,717-569-2743x811,abigail.warren@kaiserhealth.org,NY78013,MI,12-03-2031,39,TRUE,FALSE,13-09-2025
DOC100394,1312920875,DB2932184,Mary,Richmond,Dr. Mary Richmond,Oncology,Brown-Garcia,448 Barnes Villages Suite 510,Lake Lindabury,NY,77280,839.264.1789x9698,mary.richmond@kaiserhealth.org,NY76341,IL,20-01-2030,28,FALSE,FALSE,30-05-2022
DOC100395,1603408487,EU7585988,Brittany,Leon,Dr. Brittany Leon,Neurology,Johnston Medical Center,9966 Michael Turnpike,Phelpsshire,NY,69020,3666039205,brittany.leon@kaiserhealth.org,CA41077,CA,31-05-2031,17,TRUE,FALSE,31-12-2024
DOC100396,1298395429,PC8446267,Laurie,Daniel,Dr. Laurie Daniel,Oncology,Howard-Vega,47057 Mack Estates Apt. 885,Mullinsburgh,IL,66015,355-898-3541,laurie.daniel@kaiserhealth.org,OH28775,NC,29-10-2028,18,TRUE,FALSE,21-09-2025
DOC100397,2359892625,PN0931418,Danielle,Sherman,Dr. Danielle Sherman,Cardiology,Baker Ltd,5752 Marcus Creek Apt. 948,Katherineside,NC,23819,(891)431-1964x2585,danielle.sherman@kaiserhealth.org,OH18645,PA,01-06-2031,10,TRUE,FALSE,08-10-2024
DOC100398,2423401636,DD2849718,Dale,Blanchard,Dr. Dale Blanchard,Rheumatology,Austin-Arellano,70382 Johnson Fork Apt. 337,East Alexander,MI,32440,8974768893,dale.blanchard@kaiserhealth.org,IL82291,IL,07-02-2031,11,TRUE,FALSE,27-11-2025
DOC100399,1562588967,UE4082226,Beverly,Burton,Dr. Beverly Burton,Nephrology,Francis-Mann,6553 Fernandez Club Apt. 538,North Tina,IL,67013,001-278-951-9358x374,beverly.burton@kaiserhealth.org,CA93780,PA,16-02-2030,20,TRUE,FALSE,21-03-2025
DOC100400,2727578446,SY3414651,Tyler,Graham,Dr. Tyler Graham,Oncology,Johnson Group,7215 Stephanie Harbor,Staceytown,CA,94035,+1-876-426-3748x453,tyler.graham@kaiserhealth.org,FL22272,TX,03-10-2030,8,TRUE,FALSE,31-01-2026
DOC100401,2870682778,XX8160930,Tina,Matthews,Dr. Tina Matthews,Infectious Disease,Arellano Medical Center,119 Alyssa Stream Apt. 339,Port Howard,NC,85620,415.311.6966x6725,tina.matthews@kaiserhealth.org,PA42011,NC,26-10-2028,7,TRUE,FALSE,07-07-2024
DOC100402,1832152850,PR6251538,Gregory,Jordan,Dr. Gregory Jordan,Cardiology,Porter-Lopez,35157 Alexandria Brooks Apt. 805,East Aaronhaven,IL,2149,4565409951,gregory.jordan@kaiserhealth.org,IL73324,IL,15-03-2030,21,TRUE,FALSE,24-09-2025
DOC100403,2348079705,AV7545105,Hunter,Robinson,Dr. Hunter Robinson,Oncology,Davis-Vega,592 Mccarthy Trail,New Eduardo,OH,58841,4904814415,hunter.robinson@kaiserhealth.org,PA11161,NY,29-04-2031,32,TRUE,FALSE,05-05-2022
DOC100404,1882617024,HR6545628,Tyler,Munoz,Dr. Tyler Munoz,Pulmonology,"Mora, Pace and Mcfarland",1815 Michael Garden Suite 360,Brianfort,NY,86963,001-591-681-5899x886,tyler.munoz@kaiserhealth.org,GA96019,GA,09-11-2028,15,TRUE,FALSE,24-08-2022
DOC100405,2053134026,PL0237416,Seth,Gonzalez,Dr. Seth Gonzalez,Hematology,"Simmons, Graham and Miller",1587 Torres Turnpike,Kelliton,NC,69648,2312499825,seth.gonzalez@kaiserhealth.org,GA99356,TX,12-09-2027,25,TRUE,FALSE,27-01-2024
DOC100406,2862110225,SA3056906,Paul,Bell,Dr. Paul Bell,Hematology,"Williams, Bryan and Russo",503 Stephen Ferry,Lake Luke,IL,94090,373.699.0063,paul.bell@kaiserhealth.org,IL73691,NY,08-07-2027,32,TRUE,FALSE,16-07-2023
DOC100407,1823414363,RY1892392,Donna,Herman,Dr. Donna Herman,Neurology,Joyce-Benitez,6022 Christy Green,Beckerport,CA,27354,+1-846-206-6643x7490,donna.herman@kaiserhealth.org,TX62596,CA,16-06-2030,22,FALSE,FALSE,25-04-2025
DOC100408,1609310668,KY3356708,David,Norris,Dr. David Norris,Infectious Disease,Walsh Medical Center,1285 Sherry Glens,Mitchellport,CA,37817,001-541-416-3187,david.norris@kaiserhealth.org,IL24425,IL,13-09-2029,28,TRUE,FALSE,18-10-2021
DOC100409,2635020005,GK7491624,Taylor,Rodriguez,Dr. Taylor Rodriguez,Hematology,Johnson Group,13695 Rodgers Mills,Lake Sarahborough,CA,28082,001-850-890-2542x5730,taylor.rodriguez@kaiserhealth.org,PA49892,NY,23-02-2028,11,TRUE,FALSE,23-12-2023
DOC100410,1555989534,GU6112910,William,Perez,Dr. William Perez,Nephrology,"Lee, Barrett and Gonzales",39848 Douglas Island Apt. 116,New Jennifermouth,FL,49046,8213306090,william.perez@kaiserhealth.org,FL68427,NY,21-02-2031,9,FALSE,FALSE,28-05-2023
DOC100411,2473820236,TY4855716,Kathleen,Johnson,Dr. Kathleen Johnson,Oncology,"Jones, Banks and Bartlett",9673 Salazar Key Suite 727,Jeffreyport,GA,84006,001-526-842-5064x2076,kathleen.johnson@kaiserhealth.org,OH78650,NC,11-01-2028,6,TRUE,FALSE,30-06-2024
DOC100412,2240903678,SC2786866,Jared,Sullivan,Dr. Jared Sullivan,Nephrology,Murray-Chavez,5556 Jennifer Ford Apt. 339,Port Jessica,IL,81618,(978)665-4362x718,jared.sullivan@kaiserhealth.org,FL34125,CA,06-05-2031,15,TRUE,FALSE,31-12-2024
DOC100413,1878844344,TD2308340,Brent,Robinson,Dr. Brent Robinson,Oncology,"Wu, Keller and Giles",70369 Joshua Summit Apt. 693,South Leslie,IL,32705,001-227-759-9801x1100,brent.robinson@kaiserhealth.org,TX45446,CA,14-02-2031,20,FALSE,FALSE,05-04-2022
DOC100414,1810595518,JE6945005,Lawrence,Winters,Dr. Lawrence Winters,Oncology,Manning and Sons,59597 Morgan Extensions Suite 418,East Frank,IL,16025,-9566,lawrence.winters@kaiserhealth.org,TX43552,CA,13-05-2031,39,TRUE,FALSE,12-04-2025
DOC100415,1649837354,GU6273652,Colton,Williams,Dr. Colton Williams,Hematology,Kennedy-Woods,579 Seth Brooks,Pottsshire,NY,45567,315-712-2946x21354,colton.williams@kaiserhealth.org,GA33791,GA,22-01-2030,16,TRUE,FALSE,14-09-2025
DOC100416,1397240422,NX9312163,Allen,Vance,Dr. Allen Vance,Hematology,Frey-Diaz,84807 Bullock Center Apt. 447,Morganview,OH,98804,001-971-858-0290x90463,allen.vance@kaiserhealth.org,NY79045,TX,23-02-2029,5,TRUE,FALSE,19-10-2021
DOC100417,2601002314,EW9001851,Heather,Nelson,Dr. Heather Nelson,Neurology,Rogers-Pratt,5254 Tracy Grove Apt. 715,North Lisaville,TX,32346,225-212-9311,heather.nelson@kaiserhealth.org,GA83774,GA,18-08-2030,15,TRUE,FALSE,24-05-2024
DOC100418,2230848100,DT4186203,Molly,Williamson,Dr. Molly Williamson,Oncology,Aguilar Group,191 Janet Flats Apt. 211,South Latashabury,FL,28054,4169583737,molly.williamson@kaiserhealth.org,OH60512,TX,20-09-2028,27,TRUE,FALSE,06-01-2022
DOC100419,1617213145,CV5151092,Scott,Romero,Dr. Scott Romero,Endocrinology,Thompson and Sons,89311 Jacob Islands Apt. 269,Carolynhaven,OH,84465,336-945-3804x4210,scott.romero@kaiserhealth.org,NC53888,MI,16-12-2028,16,TRUE,FALSE,03-01-2022
DOC100420,1494514754,YC0225267,Christine,Roth,Dr. Christine Roth,Oncology,Craig Ltd,15959 Ashley Stream Suite 757,Victorfort,NY,41588,-2291,christine.roth@kaiserhealth.org,NY85739,OH,04-06-2031,22,TRUE,FALSE,03-12-2024
DOC100421,2226557676,VW5236687,Steven,Nolan,Dr. Steven Nolan,Gastroenterology,Hernandez-Rojas,0256 Reginald Bridge Suite 229,East Cody,NC,51788,524.953.0762x4843,steven.nolan@kaiserhealth.org,GA79792,NC,28-01-2030,19,TRUE,FALSE,27-09-2025
DOC100422,2893135030,MT7210552,Ryan,Valentine,Dr. Ryan Valentine,Pulmonology,Freeman Ltd,1157 Thomas Path,Larachester,CA,64792,4426549691,ryan.valentine@kaiserhealth.org,TX82286,OH,11-12-2028,20,TRUE,FALSE,01-09-2024
DOC100423,1021260650,YD9179202,Lindsay,Shields,Dr. Lindsay Shields,Rheumatology,Cunningham-Wells,5633 Barker Well,Cynthiafort,TX,37270,-3704,lindsay.shields@kaiserhealth.org,NY42118,NY,28-07-2029,5,TRUE,FALSE,15-04-2026
DOC100424,2227284765,QW0412009,Terry,Smith,Dr. Terry Smith,Endocrinology,"Gilmore, Cruz and Hernandez",87794 Shannon Tunnel Apt. 425,South Johntown,CA,43389,(597)382-4575x983,terry.smith@kaiserhealth.org,TX11424,OH,02-10-2028,32,TRUE,FALSE,04-01-2022
DOC100425,2849843624,CS6236903,Jill,Lee,Dr. Jill Lee,Infectious Disease,"Campbell, Gibbs and Henderson",4324 Anthony Row,Millermouth,TX,19849,968.629.7514x743,jill.lee@kaiserhealth.org,NC89309,NY,10-03-2028,34,TRUE,FALSE,26-06-2026
DOC100426,2620563411,CM9503428,David,Blanchard,Dr. David Blanchard,Cardiology,Williams Hospital,2568 Cristina Rue Suite 625,Lake Justinshire,NY,99655,001-408-302-7112,david.blanchard@kaiserhealth.org,FL88264,CA,20-09-2029,24,TRUE,FALSE,19-11-2022
DOC100427,1034199097,BB5140546,Shelby,Young,Dr. Shelby Young,Oncology,Compton-Morgan,1768 Alicia Row Suite 281,South Erik,FL,34678,230.580.0370,shelby.young@kaiserhealth.org,PA61202,PA,21-09-2030,13,TRUE,FALSE,22-06-2023
DOC100428,1568182096,RU0422711,Stephanie,Best,Dr. Stephanie Best,Neurology,Mason Hospital,608 Vasquez Skyway Suite 810,New Barry,FL,30582,001-870-551-9582,stephanie.best@kaiserhealth.org,TX31108,NC,22-02-2028,38,FALSE,FALSE,21-01-2026
DOC100429,2725459606,HG9912971,Adrian,Burton,Dr. Adrian Burton,Oncology,"Campbell, Hawkins and Dixon",94535 Long Run,Shannonmouth,CA,79585,+1-586-632-1061x3394,adrian.burton@kaiserhealth.org,IL81714,NY,11-01-2029,36,TRUE,FALSE,09-06-2025
DOC100430,2242149551,CF7474721,Brian,Sims,Dr. Brian Sims,Nephrology,"Zamora, Bridges and Robinson",0325 Victor Stravenue,Cortezmouth,CA,51717,+1-227-278-9431x910,brian.sims@kaiserhealth.org,CA57641,IL,21-02-2031,30,TRUE,FALSE,03-08-2021
DOC100431,1758955168,QJ0903802,Stacey,Conrad,Dr. Stacey Conrad,Oncology,Wallace-Daniel,05336 Jones Mall,West Kayleeville,IL,40091,(347)331-0720,stacey.conrad@kaiserhealth.org,OH30736,MI,30-07-2030,30,TRUE,FALSE,29-06-2023
DOC100432,1671577871,CF1663651,Spencer,Tanner,Dr. Spencer Tanner,Rheumatology,"Grant, Nelson and Warner",23166 Benjamin Meadows Suite 620,Lake Bryanview,PA,93549,973-540-4337x0096,spencer.tanner@kaiserhealth.org,MI73739,FL,16-07-2030,35,TRUE,FALSE,23-11-2021
DOC100433,2082723590,VN0567303,Justin,Davis,Dr. Justin Davis,Oncology,Bryant-Kennedy,5882 Moss Key,Thompsonfurt,CA,49274,454.727.8656x194,justin.davis@kaiserhealth.org,IL43039,TX,06-06-2031,10,TRUE,FALSE,18-07-2024
DOC100434,2614768342,BC6542356,Debbie,Hayes,Dr. Debbie Hayes,Hematology,"Hensley, Martin and Williams",582 Tiffany Turnpike,Port Heather,CA,11215,(918)380-8190x48235,debbie.hayes@kaiserhealth.org,NC31061,OH,17-11-2028,27,FALSE,FALSE,01-09-2024
DOC100435,2089319925,XL0272751,Amy,Foster,Dr. Amy Foster,Infectious Disease,"Weiss, Robinson and Bell",137 Mary Terrace Apt. 081,Thomasland,IL,91587,536-443-8130x0041,amy.foster@kaiserhealth.org,NC10481,GA,06-01-2031,13,TRUE,FALSE,06-02-2022
DOC100436,1033682963,MG3905504,Carl,Chavez,Dr. Carl Chavez,Oncology,Henderson Hospital,94565 Kevin River Suite 990,Rowlandfort,CA,42395,(204)876-8169x957,carl.chavez@kaiserhealth.org,NY75422,GA,30-08-2027,31,TRUE,FALSE,22-08-2025
DOC100437,2868512765,FT9286646,Katherine,Miller,Dr. Katherine Miller,Pulmonology,Stephens-Miller,6539 Johnson Inlet,Robinsonchester,MI,12946,9296087182,katherine.miller@kaiserhealth.org,NY21484,NY,17-06-2030,10,TRUE,FALSE,20-04-2026
DOC100438,2179817890,XK6337861,Paul,Buckley,Dr. Paul Buckley,Oncology,"Ramsey, King and Wilson",74204 Simmons Spur Apt. 137,Wrightfurt,GA,98088,+1-326-404-2359x7371,paul.buckley@kaiserhealth.org,NY55955,GA,02-02-2028,31,FALSE,FALSE,14-08-2022
DOC100439,2053844446,XH0600025,Joy,Potts,Dr. Joy Potts,Gastroenterology,"Johnson, Crawford and Bauer",85816 Johnson Mews Suite 111,Nataliestad,CA,62711,(783)621-0219x2378,joy.potts@kaiserhealth.org,PA53920,TX,12-07-2029,32,TRUE,FALSE,23-01-2022
DOC100440,2396096262,NL8263128,Tara,Douglas,Dr. Tara Douglas,Cardiology,"Gutierrez, Castro and Hall",2605 William Bridge,New Elizabethshire,CA,70037,9429537337,tara.douglas@kaiserhealth.org,OH92223,IL,28-05-2028,40,TRUE,FALSE,03-05-2022
DOC100441,2311060920,VY8196027,Gerald,Tran,Dr. Gerald Tran,Oncology,"Weaver, Lara and Thomas",217 Ashlee Gateway,Francostad,TX,30037,560-460-5603x567,gerald.tran@kaiserhealth.org,FL95527,FL,14-07-2029,24,TRUE,FALSE,30-10-2025
DOC100442,1640412091,DQ9112442,Pamela,Lucas,Dr. Pamela Lucas,Oncology,"Moore, George and Roberts",9061 Janet Trail,Port Darlene,NY,48934,964-875-4895x478,pamela.lucas@kaiserhealth.org,GA57369,FL,19-09-2030,30,TRUE,FALSE,05-04-2026
DOC100443,1617136657,FF4029901,Sandra,Jacobs,Dr. Sandra Jacobs,Rheumatology,"Floyd, Taylor and Rogers",8891 Soto Groves Suite 983,Saramouth,PA,31881,001-635-843-5864,sandra.jacobs@kaiserhealth.org,GA90478,MI,06-05-2030,39,TRUE,FALSE,05-02-2023
DOC100444,2139080882,GM1305231,Kayla,Zamora,Dr. Kayla Zamora,Oncology,Pham Ltd,58853 Perkins Extensions Apt. 433,Isaacfort,IL,49652,667.349.7852,kayla.zamora@kaiserhealth.org,IL73120,FL,27-07-2028,10,TRUE,FALSE,21-07-2022
DOC100445,2776863423,XY4619942,Tammy,Li,Dr. Tammy Li,Oncology,Smith-Lopez,7894 Gonzalez Center Suite 791,Kimmouth,GA,16156,(621)450-0141,tammy.li@kaiserhealth.org,OH68478,OH,30-10-2030,22,TRUE,FALSE,23-04-2022
DOC100446,1966395517,FB8496498,Sara,Mcdaniel,Dr. Sara Mcdaniel,Rheumatology,Williams Ltd,15944 Allen Forges,Sarahstad,OH,31481,(208)495-3263,sara.mcdaniel@kaiserhealth.org,CA25027,TX,19-11-2027,25,TRUE,FALSE,09-05-2026
DOC100447,1531355251,AL0537953,Joy,Irwin,Dr. Joy Irwin,Gastroenterology,Pacheco-Martinez,3379 Patricia Forges,Danielbury,NY,88471,469-896-7331x1677,joy.irwin@kaiserhealth.org,OH47173,MI,11-02-2031,18,TRUE,FALSE,23-09-2024
DOC100448,1849196655,GG0770461,Andrew,Hubbard,Dr. Andrew Hubbard,Cardiology,Macias Group,550 Romero Loaf Suite 935,Lake Chris,GA,92111,+1-962-263-3556x43436,andrew.hubbard@kaiserhealth.org,TX88830,PA,01-06-2030,29,TRUE,FALSE,15-04-2026
DOC100449,1409074260,TS0501716,John,Wolfe,Dr. John Wolfe,Oncology,Marquez-Johnson,6076 Blankenship Corners Suite 453,Michaelview,CA,63222,(823)798-9830,john.wolfe@kaiserhealth.org,PA55327,OH,13-09-2027,10,TRUE,FALSE,10-06-2023
DOC100450,2790647715,VD0300215,Christopher,Moon,Dr. Christopher Moon,Oncology,Gilbert PLC,1847 Kelly Walks,Ramirezburgh,FL,30528,(842)481-3190x92487,christopher.moon@kaiserhealth.org,TX21536,FL,01-07-2028,28,TRUE,FALSE,22-08-2021
DOC100451,1040104145,YV6422971,Lindsey,Gonzalez,Dr. Lindsey Gonzalez,Oncology,"Jones, Mejia and Adams",178 Cummings Drives,East Kristin,PA,43162,(448)208-8062,lindsey.gonzalez@kaiserhealth.org,TX86563,OH,28-06-2029,33,TRUE,FALSE,27-10-2022
DOC100452,1977457314,KY1583311,Meghan,Allen,Dr. Meghan Allen,Oncology,"Flowers, Berry and Ramirez",2132 Carlos Lane,North Justin,CA,69824,868.486.8785x9964,meghan.allen@kaiserhealth.org,FL11720,FL,20-08-2029,34,TRUE,FALSE,29-09-2025
DOC100453,1715398854,YQ2812356,David,Johnson,Dr. David Johnson,Hematology,Greene Hospital,96664 Johnson Oval Apt. 036,South Michelle,MI,98703,(946)832-0374,david.johnson@kaiserhealth.org,NC36610,OH,24-06-2029,17,TRUE,FALSE,14-06-2025
DOC100454,2249127113,AQ2407875,Nathan,Harris,Dr. Nathan Harris,Pulmonology,Perry Medical Center,14505 Blankenship Shoal,Millerport,CA,47001,487.607.1553x48201,nathan.harris@kaiserhealth.org,NC21018,PA,02-10-2027,32,TRUE,FALSE,14-09-2021
DOC100455,2868507451,BW6634362,William,Mccoy,Dr. William Mccoy,Oncology,Johnson-Powell,9545 Laurie Prairie Apt. 776,Lake Kimberlyshire,IL,66816,326-857-4223,william.mccoy@kaiserhealth.org,NC89619,GA,01-09-2028,38,TRUE,FALSE,06-11-2024
DOC100456,1313100943,CT1439666,Jeffrey,Williams,Dr. Jeffrey Williams,Cardiology,Mckay and Sons,362 Payne Glens Apt. 012,West Jessicaland,CA,29218,727.711.7595x749,jeffrey.williams@kaiserhealth.org,IL74903,FL,26-09-2029,15,TRUE,FALSE,26-10-2022
DOC100457,2494012897,KY3251225,Elizabeth,Conley,Dr. Elizabeth Conley,Hematology,"Meyer, Ramirez and Wheeler",06745 Porter Stream,Williamsshire,TX,39867,712-883-3372x188,elizabeth.conley@kaiserhealth.org,CA97298,GA,27-08-2030,32,TRUE,FALSE,23-11-2024
DOC100458,1412095790,RH7100943,Robert,Rivera,Dr. Robert Rivera,Gastroenterology,Sanchez PLC,150 Sullivan Meadows Apt. 670,Sharonville,CA,40872,677.569.3663,robert.rivera@kaiserhealth.org,TX29212,NY,03-02-2030,11,TRUE,FALSE,24-11-2022
DOC100459,2775847457,AM4589714,Matthew,Harper,Dr. Matthew Harper,Gastroenterology,"Bennett, Miller and Miller",86712 Aaron Fall,East Kellystad,CA,89464,+1-259-510-2451x09109,matthew.harper@kaiserhealth.org,TX63781,FL,08-11-2030,14,TRUE,FALSE,09-12-2022
DOC100460,1396531361,JW8782455,Penny,Holloway,Dr. Penny Holloway,Infectious Disease,Rodriguez-Watkins,421 Obrien Green,Lake Kimberly,CA,67988,979-934-0652,penny.holloway@kaiserhealth.org,OH46208,IL,08-01-2029,17,TRUE,FALSE,28-10-2025
DOC100461,2916795410,RX2728498,Kirk,Valdez,Dr. Kirk Valdez,Oncology,Butler-Arias,533 Hernandez Drives Apt. 109,East Danielmouth,IL,17030,(814)355-9376,kirk.valdez@kaiserhealth.org,GA47782,NY,14-06-2031,23,TRUE,FALSE,11-03-2026
DOC100462,1349107406,MX0042548,Jessica,Turner,Dr. Jessica Turner,Oncology,"Clark, Kennedy and Johnson",3510 Maureen Unions,Perryfort,TX,61253,+1-365-972-5659x20246,jessica.turner@kaiserhealth.org,NY45477,TX,22-03-2031,17,TRUE,FALSE,04-05-2024
DOC100463,1430753666,DJ4942965,Eddie,Henson,Dr. Eddie Henson,Nephrology,Hunt Group,26005 Mcbride Landing Suite 017,East Dylan,TX,89676,+1-684-986-8999x36079,eddie.henson@kaiserhealth.org,FL42770,TX,08-09-2027,31,TRUE,FALSE,30-11-2023
DOC100464,2414978266,DE8758575,Marvin,Russell,Dr. Marvin Russell,Oncology,"Hanna, Brown and Gallegos",9935 Shannon Hills Apt. 394,Bakerhaven,GA,30545,6378360601,marvin.russell@kaiserhealth.org,OH63773,GA,26-07-2027,6,FALSE,FALSE,05-10-2025
DOC100465,1612943985,EV8940626,Miranda,Oconnor,Dr. Miranda Oconnor,Oncology,"French, Mack and Alvarado",388 Chan Walk Apt. 685,New Diana,GA,2363,+1-461-853-7012x42446,miranda.oconnor@kaiserhealth.org,NC70322,CA,13-05-2028,10,TRUE,FALSE,21-11-2022
DOC100466,1591497501,UX8038287,Michael,Hubbard,Dr. Michael Hubbard,Endocrinology,Collins-Daniels,21031 Sanford Crescent,Morganhaven,FL,70571,581.679.4151x526,michael.hubbard@kaiserhealth.org,TX49438,IL,31-07-2030,5,TRUE,FALSE,25-08-2021
DOC100467,1110291813,GD7087601,Rhonda,Oliver,Dr. Rhonda Oliver,Pulmonology,Gay and Sons,2883 Ritter Throughway,Anthonyfurt,OH,99690,(918)863-2397x91378,rhonda.oliver@kaiserhealth.org,GA34123,FL,12-11-2028,39,TRUE,FALSE,19-08-2024
DOC100468,2916202232,SY8377441,James,Williams,Dr. James Williams,Nephrology,Lopez-Duncan,556 Tara Wall,Millerville,GA,78442,581.692.7788x51905,james.williams@kaiserhealth.org,PA97516,IL,12-10-2029,30,TRUE,FALSE,11-02-2025
DOC100469,1766204719,NA9409705,Kelly,Trevino,Dr. Kelly Trevino,Endocrinology,Crosby Ltd,462 Morgan Loop,New Michaelfort,GA,40921,001-346-700-4521x2899,kelly.trevino@kaiserhealth.org,GA46294,CA,24-12-2027,15,TRUE,FALSE,21-04-2022
DOC100470,1586812259,LQ2446176,Theresa,Tate,Dr. Theresa Tate,Hematology,Beasley-White,130 Collins Trace,Port Jennifershire,CA,91003,-7134,theresa.tate@kaiserhealth.org,TX85502,NC,21-08-2028,38,TRUE,FALSE,08-12-2021
DOC100471,2995996100,FH1177533,Derrick,Davis,Dr. Derrick Davis,Cardiology,"Smith, Vance and Williams",8142 Christopher Extension Apt. 910,Robinsonberg,TX,22700,001-883-560-8493x7830,derrick.davis@kaiserhealth.org,OH65057,NY,07-02-2030,8,TRUE,FALSE,18-10-2024
DOC100472,1017590251,YQ6298334,James,Rose,Dr. James Rose,Oncology,Taylor-Beltran,443 Jasmine Glens Suite 016,Lake Johnny,CA,17303,001-229-313-2033,james.rose@kaiserhealth.org,IL39556,FL,28-05-2030,15,TRUE,FALSE,07-11-2024
DOC100473,1190130205,PU8152873,Dean,Robinson,Dr. Dean Robinson,Neurology,Andrews Ltd,106 Matthew Mission,East Jennifer,MI,16654,(556)568-4732x365,dean.robinson@kaiserhealth.org,GA75647,PA,31-07-2029,27,TRUE,FALSE,27-08-2025
DOC100474,1176619128,KD1730985,Stacy,Kim,Dr. Stacy Kim,Oncology,Smith-Ford,78436 Nicole Divide,Joshuachester,FL,2305,681.497.5437x3476,stacy.kim@kaiserhealth.org,IL42949,OH,16-07-2029,27,TRUE,FALSE,16-05-2023
DOC100475,1418938984,NV0819740,Samuel,Anderson,Dr. Samuel Anderson,Oncology,Brewer Group,821 Griffith Pike,Hannahview,PA,86784,446.901.9134x43899,samuel.anderson@kaiserhealth.org,OH44194,FL,28-09-2029,26,TRUE,FALSE,10-07-2021
DOC100476,1238503719,VY0516991,Edward,Smith,Dr. Edward Smith,Gastroenterology,"Carrillo, Barnes and Peterson",21464 Willis Road Suite 999,Codyfort,CA,82371,735.905.5738,edward.smith@kaiserhealth.org,TX45456,CA,18-06-2028,11,TRUE,FALSE,27-02-2025
DOC100477,1567430003,TV6087066,Susan,Smith,Dr. Susan Smith,Endocrinology,Garcia and Sons,0376 Curtis Plaza,Higginsbury,OH,97235,335.610.4096,susan.smith@kaiserhealth.org,OH82029,TX,25-03-2030,12,TRUE,FALSE,27-04-2025
DOC100478,2535603319,AH6890030,Patricia,Davis,Dr. Patricia Davis,Cardiology,Carr Medical Center,830 Barker Plains Apt. 073,Clayville,CA,12128,293.694.0655x78201,patricia.davis@kaiserhealth.org,TX67482,TX,25-04-2028,23,TRUE,FALSE,16-12-2022
DOC100479,2934296711,CJ8375374,Lynn,Young,Dr. Lynn Young,Rheumatology,Oconnor and Sons,24707 Christine Bypass,Lake Rhondaborough,NC,48557,+1-446-821-2760x2508,lynn.young@kaiserhealth.org,IL95674,FL,16-12-2027,38,TRUE,FALSE,20-03-2022
DOC100480,2881056974,CG2834831,Kathy,Lewis,Dr. Kathy Lewis,Rheumatology,Perry Group,248 Mercado Estate,South Roger,TX,80579,945.349.3036x468,kathy.lewis@kaiserhealth.org,CA40815,GA,20-03-2031,34,FALSE,FALSE,10-06-2026
DOC100481,1704496410,JV6706670,Darrell,Neal,Dr. Darrell Neal,Oncology,Hall Ltd,769 Brian Falls,Port David,FL,7153,798.413.8815x88144,darrell.neal@kaiserhealth.org,OH34173,OH,07-01-2031,39,TRUE,FALSE,04-01-2023
DOC100482,2085095493,AL9660186,Bradley,Henry,Dr. Bradley Henry,Pulmonology,Taylor and Sons,297 Robert Roads,Lake Kathleenmouth,NC,22079,+1-345-500-0000x15291,bradley.henry@kaiserhealth.org,GA65552,MI,16-07-2029,38,TRUE,FALSE,01-05-2022
DOC100483,2732044138,KL9609454,Scott,Shannon,Dr. Scott Shannon,Pulmonology,"Watson, Cobb and Goodman",255 Chambers Underpass,Karenview,MI,21377,382-499-8747,scott.shannon@kaiserhealth.org,CA26293,IL,29-03-2028,25,TRUE,FALSE,14-12-2023
DOC100484,1770707057,WT3609149,Walter,Kramer,Dr. Walter Kramer,Gastroenterology,Gray-Williams,0090 Ebony Gardens Suite 551,Jenniferview,PA,69973,(566)791-3624,walter.kramer@kaiserhealth.org,NY67729,TX,25-01-2029,21,TRUE,FALSE,29-11-2021
DOC100485,2472322903,DW0287950,Michael,Underwood,Dr. Michael Underwood,Gastroenterology,"Bennett, Williams and Klein",63369 Montgomery Turnpike Apt. 982,North Bruce,FL,6659,664-481-8804,michael.underwood@kaiserhealth.org,CA43954,IL,28-10-2029,6,TRUE,FALSE,10-07-2025
DOC100486,2809351187,DS1335956,Vernon,Galvan,Dr. Vernon Galvan,Oncology,"Lee, Robbins and Lopez",4321 Heather River,Jessicahaven,CA,75398,+1-346-642-0362x5863,vernon.galvan@kaiserhealth.org,IL28753,CA,22-10-2030,25,TRUE,FALSE,21-08-2023
DOC100487,2565749025,BK2901935,Christopher,Marks,Dr. Christopher Marks,Gastroenterology,Carter-Hendrix,55402 Kramer Stravenue Suite 582,Jamestown,NC,88144,276-546-4489,christopher.marks@kaiserhealth.org,MI55095,FL,09-08-2030,29,TRUE,FALSE,03-06-2022
DOC100488,1261139898,PT1809788,Micheal,Hawkins,Dr. Micheal Hawkins,Hematology,"Stone, Greer and Hill",9050 Mcdaniel Centers,Johnborough,PA,27886,001-953-984-9516x32111,micheal.hawkins@kaiserhealth.org,IL35562,MI,25-07-2030,23,FALSE,FALSE,19-07-2022
DOC100489,2353751376,MC5881579,Amy,Obrien,Dr. Amy Obrien,Neurology,Allen Medical Center,3265 Benjamin Lodge,Lake Chaseland,GA,98810,+1-287-456-1786x880,amy.obrien@kaiserhealth.org,OH40115,MI,20-05-2028,13,FALSE,FALSE,20-09-2021
DOC100490,1692944551,CP6829732,Wendy,Johnson,Dr. Wendy Johnson,Oncology,Cook Group,298 John Lane,Thomasfort,CA,35089,001-249-316-0936x5952,wendy.johnson@kaiserhealth.org,TX25832,OH,26-10-2028,21,TRUE,FALSE,05-02-2022
DOC100491,2120602128,SN6526834,Lindsey,Pitts,Dr. Lindsey Pitts,Cardiology,"Ingram, Mitchell and Ryan",68750 Katherine Lodge,East Lisa,PA,21168,799.782.1374,lindsey.pitts@kaiserhealth.org,PA87526,MI,10-04-2029,11,FALSE,FALSE,23-02-2022
DOC100492,1157676472,FU8120995,Christopher,Peck,Dr. Christopher Peck,Hematology,"Reese, Cross and Anderson",050 Young Locks Suite 608,North Juliechester,OH,2856,3302835669,christopher.peck@kaiserhealth.org,PA67486,TX,20-02-2029,37,TRUE,FALSE,21-10-2022
DOC100493,2134750988,US6456522,Gail,Jones,Dr. Gail Jones,Oncology,"Lewis, Cisneros and Saunders",5068 Ryan Coves Suite 768,New Jason,CA,69247,640-513-4808x735,gail.jones@kaiserhealth.org,OH78044,IL,10-07-2029,25,TRUE,FALSE,05-03-2026
DOC100494,2214477324,JV1342138,Jill,Rice,Dr. Jill Rice,Gastroenterology,Williams-Hall,101 Hayes Square Apt. 908,Victoriashire,TX,93240,444-892-0749,jill.rice@kaiserhealth.org,CA88432,CA,17-09-2030,39,TRUE,FALSE,14-05-2026
DOC100495,1070534967,SE7411767,Cindy,Garrett,Dr. Cindy Garrett,Pulmonology,"Armstrong, Bennett and Deleon",997 Pamela Hill Apt. 859,Walshshire,NY,33033,(559)414-0849,cindy.garrett@kaiserhealth.org,TX46497,NY,14-04-2031,27,TRUE,FALSE,11-02-2023
DOC100496,1152854781,YY5061853,Daniel,Combs,Dr. Daniel Combs,Gastroenterology,Phillips and Sons,9806 Veronica Mountains Apt. 617,Comptontown,CA,84640,523.448.3893x595,daniel.combs@kaiserhealth.org,CA42232,TX,17-04-2030,29,TRUE,FALSE,08-04-2026
DOC100497,1347272742,GW1830617,Katherine,Huff,Dr. Katherine Huff,Gastroenterology,Clayton-Merritt,129 Peterson Plaza Apt. 695,South Donna,CA,12755,-7963,katherine.huff@kaiserhealth.org,FL33345,CA,30-11-2027,31,TRUE,FALSE,25-09-2022
DOC100498,2935782434,XR7695874,Katie,Aguirre,Dr. Katie Aguirre,Cardiology,Duncan-Hooper,3468 John Underpass,Melissaview,FL,82557,8028730086,katie.aguirre@kaiserhealth.org,NY47653,OH,06-10-2027,33,TRUE,FALSE,18-12-2021
DOC100499,2127515627,RV6304483,Darryl,Petty,Dr. Darryl Petty,Infectious Disease,Gordon-Jones,500 Nicholas Centers,Christopherland,CA,97196,607-662-8397x62053,darryl.petty@kaiserhealth.org,NC52361,IL,27-07-2027,25,TRUE,FALSE,15-09-2025
DOC100500,2664047350,KQ6392831,Scott,George,Dr. Scott George,Nephrology,Martin-Klein,66292 Smith Union Apt. 776,East Arianaland,MI,35044,9685841333,scott.george@kaiserhealth.org,PA26936,MI,16-11-2027,39,TRUE,FALSE,16-08-2022
DOC100501,1615581083,MT3286342,Stephanie,Edwards,Dr. Stephanie Edwards,Oncology,"Arias, Harris and Moon",78170 Melissa Expressway Apt. 192,South Danielchester,PA,31692,652.677.8956x13371,stephanie.edwards@kaiserhealth.org,OH38261,NC,15-08-2028,20,FALSE,FALSE,29-11-2021
DOC100502,1081867024,KA3304166,Jessica,Jackson,Dr. Jessica Jackson,Oncology,"Morris, Thomas and Foster",64403 Harris Glen,South Thomasville,IL,19083,478.322.1021x798,jessica.jackson@kaiserhealth.org,NY20030,NY,02-03-2030,37,TRUE,FALSE,20-02-2023
DOC100503,2008921963,VK5680447,Jose,Arias,Dr. Jose Arias,Neurology,Jackson-Payne,973 Delacruz Fort Apt. 182,Rickymouth,NY,30504,001-970-979-8661,jose.arias@kaiserhealth.org,IL95989,MI,22-06-2030,35,TRUE,FALSE,05-01-2022
DOC100504,2136847488,HN0765817,Richard,Hurley,Dr. Richard Hurley,Neurology,Mccullough PLC,50682 Donna Extension,East Crystal,MI,43478,+1-321-465-0587x14692,richard.hurley@kaiserhealth.org,CA62081,FL,22-10-2027,33,TRUE,FALSE,07-05-2026
DOC100505,1452118237,UH1269789,Dominic,Bradley,Dr. Dominic Bradley,Oncology,Fischer-Friedman,69984 Stephanie Crossroad Apt. 509,Lake Meagan,CA,57274,001-394-684-2495x9881,dominic.bradley@kaiserhealth.org,GA43033,OH,20-12-2028,24,TRUE,FALSE,03-05-2025
DOC100506,1059960438,RT7535778,Connie,Romero,Dr. Connie Romero,Gastroenterology,Dominguez Group,2386 Myers Flat,North Sarah,NY,59746,461-891-7798x768,connie.romero@kaiserhealth.org,NY65797,NY,24-08-2029,29,TRUE,FALSE,21-09-2025
DOC100507,1281237106,RF8728660,Jennifer,Moore,Dr. Jennifer Moore,Pulmonology,Flores PLC,0858 Raymond Ferry,West Brett,NY,35802,2563695790,jennifer.moore@kaiserhealth.org,OH48564,IL,17-03-2028,38,TRUE,FALSE,15-11-2023
DOC100508,2922483958,VJ7735228,Rachel,Thompson,Dr. Rachel Thompson,Oncology,"Cooper, Brooks and King",9632 Serrano Ridge Suite 232,Kristinebury,CA,26003,-3661,rachel.thompson@kaiserhealth.org,PA64565,TX,27-07-2030,14,TRUE,FALSE,09-08-2025
DOC100509,1433187510,VQ9215835,Gregory,Landry,Dr. Gregory Landry,Oncology,Jackson-Johnston,335 Garcia Wall Apt. 865,Anthonyfort,FL,68518,568-650-9574x430,gregory.landry@kaiserhealth.org,IL47249,OH,02-03-2030,24,TRUE,FALSE,07-07-2022
DOC100510,2488319213,JF4912896,Natalie,English,Dr. Natalie English,Oncology,"Jones, Collier and Sloan",03859 Joseph Camp Apt. 536,Christopherport,MI,59965,555-831-3259,natalie.english@kaiserhealth.org,MI89269,IL,09-07-2029,35,TRUE,FALSE,15-12-2025
DOC100511,1331922270,LC0287675,Connor,Lindsey,Dr. Connor Lindsey,Pulmonology,York-Williams,14105 Stephen Ridges Apt. 987,New Jessicaberg,NC,99822,704.852.3888x5622,connor.lindsey@kaiserhealth.org,NY41558,NC,07-04-2029,30,TRUE,FALSE,28-12-2021
DOC100512,2754858193,FW4268774,Stephanie,Shields,Dr. Stephanie Shields,Cardiology,"Hunter, Sparks and Cole",4227 Dixon Streets Suite 859,Oconnellmouth,NC,93912,+1-442-282-4911x650,stephanie.shields@kaiserhealth.org,OH95471,PA,01-04-2031,16,TRUE,FALSE,30-10-2021
DOC100513,2756398365,FA3758309,Brad,Solis,Dr. Brad Solis,Pulmonology,Fowler-Willis,32155 Jared Islands,Timothyhaven,PA,27251,+1-968-421-4448x8966,brad.solis@kaiserhealth.org,NY58348,IL,15-08-2029,37,FALSE,FALSE,20-05-2023
DOC100514,2047604409,AY7977278,Rodney,Nolan,Dr. Rodney Nolan,Oncology,Ball-Carter,02582 Roberts Cliff Apt. 281,East Mary,CA,17054,292.304.9106,rodney.nolan@kaiserhealth.org,PA13779,MI,15-09-2029,14,TRUE,FALSE,30-07-2023
DOC100515,1216107051,TJ3905529,Robert,Burns,Dr. Robert Burns,Rheumatology,Robbins Group,82768 Elizabeth Fall Apt. 577,Jorgestad,CA,74168,+1-947-826-2905x2918,robert.burns@kaiserhealth.org,CA97096,OH,28-04-2031,31,TRUE,FALSE,16-03-2026
DOC100516,1138241270,JV3862044,John,Garcia,Dr. John Garcia,Gastroenterology,Dunn and Sons,72173 Scott Stravenue Apt. 992,West Hunterberg,PA,76083,001-393-662-1659,john.garcia@kaiserhealth.org,NY54754,GA,02-07-2028,10,TRUE,FALSE,14-03-2026
DOC100517,2111212590,FA3571343,Andrea,Young,Dr. Andrea Young,Endocrinology,Nguyen Hospital,835 Adams Crossing,Hardymouth,IL,97116,001-973-326-4309x5449,andrea.young@kaiserhealth.org,CA59716,IL,06-04-2028,16,TRUE,FALSE,18-04-2025
DOC100518,2633432447,JC7595587,Cassandra,Charles,Dr. Cassandra Charles,Oncology,"Gonzales, Lopez and Thompson",05397 Higgins Forest,Zimmermanmouth,CA,18625,001-788-832-2012,cassandra.charles@kaiserhealth.org,MI60551,TX,06-08-2030,39,TRUE,FALSE,15-12-2021
DOC100519,2543588418,GJ3740182,Amy,Thompson,Dr. Amy Thompson,Hematology,Baker PLC,788 Bailey Fords Suite 852,Lake Amanda,CA,8480,001-303-704-4361x99517,amy.thompson@kaiserhealth.org,GA86915,PA,18-01-2031,28,TRUE,FALSE,18-11-2022
DOC100520,1515026755,WD2542782,Stephanie,Wiggins,Dr. Stephanie Wiggins,Oncology,"Roach, Dillon and Johnson",929 Beck Course,Jamesview,GA,86189,001-983-309-3096x7139,stephanie.wiggins@kaiserhealth.org,MI69827,MI,31-01-2030,32,TRUE,FALSE,22-06-2022
DOC100521,2345957640,HS1664969,Dustin,Williams,Dr. Dustin Williams,Oncology,Dennis Medical Center,17672 Darius Trail,North Danielfurt,TX,14198,(920)519-0725,dustin.williams@kaiserhealth.org,NC31808,IL,03-05-2028,38,TRUE,FALSE,26-04-2023
DOC100522,1250142576,FQ0232441,Benjamin,Armstrong,Dr. Benjamin Armstrong,Endocrinology,James-Clark,274 Edward Tunnel,Gregoryland,FL,37784,4864825095,benjamin.armstrong@kaiserhealth.org,FL67219,NY,12-01-2030,20,TRUE,FALSE,07-12-2023
DOC100523,2072517863,RX6731625,Nicholas,Smith,Dr. Nicholas Smith,Endocrinology,"Lee, Bradford and Vang",610 Jennifer Port Suite 297,Port Coltonmouth,OH,16052,(843)665-8585,nicholas.smith@kaiserhealth.org,PA47118,OH,27-09-2030,30,TRUE,FALSE,08-08-2022
DOC100524,2790392355,LS0996132,Jason,Johnson,Dr. Jason Johnson,Hematology,Beasley and Sons,70615 Timothy Point,Ramirezburgh,FL,79021,+1-607-316-6906x322,jason.johnson@kaiserhealth.org,CA37686,IL,13-12-2028,32,TRUE,FALSE,18-03-2024
DOC100525,2262446704,PF2681715,Jose,Shields,Dr. Jose Shields,Oncology,"Welch, Smith and Haynes",30109 Velez Lodge Suite 975,Orozcoport,OH,82146,557-695-5462,jose.shields@kaiserhealth.org,CA31087,PA,14-07-2029,13,TRUE,FALSE,26-05-2022
DOC100526,2707660464,WD9785758,Derrick,Patrick,Dr. Derrick Patrick,Rheumatology,Hamilton-Rodriguez,81030 Spencer Courts,Rossland,NY,64593,(968)308-0815,derrick.patrick@kaiserhealth.org,TX65583,NC,16-02-2028,29,TRUE,FALSE,02-10-2021
DOC100527,1205943897,PB7401775,Miranda,Rodriguez,Dr. Miranda Rodriguez,Oncology,Bush-Ford,067 John Mountain,West Christopher,MI,6766,858-447-4362x1300,miranda.rodriguez@kaiserhealth.org,PA43072,OH,24-12-2028,26,TRUE,FALSE,06-01-2026
DOC100528,1842456075,KW0915086,Michele,Rhodes,Dr. Michele Rhodes,Neurology,Simmons-Jordan,0318 Matthew Skyway Apt. 962,Weekschester,CA,52094,(821)859-1832x70004,michele.rhodes@kaiserhealth.org,NY80121,NY,22-04-2029,13,TRUE,FALSE,07-05-2022
DOC100529,2645793897,BC5502916,Lance,Rivera,Dr. Lance Rivera,Oncology,"Johnson, Jones and Wilson",771 Johnson Summit Suite 938,Port Jenniferview,NY,75758,2536152049,lance.rivera@kaiserhealth.org,PA93458,IL,31-03-2030,32,TRUE,FALSE,20-09-2025
DOC100530,1416139449,ST3059736,Sarah,Foster,Dr. Sarah Foster,Pulmonology,"Rice, Vasquez and Walker",79716 Morrison Summit,Curtisfurt,TX,13552,(537)540-7794,sarah.foster@kaiserhealth.org,IL75740,CA,11-01-2031,30,FALSE,FALSE,23-12-2022
DOC100531,2406306244,QV5133053,Kathleen,Kim,Dr. Kathleen Kim,Oncology,Mclaughlin PLC,919 Roman Cliff Suite 262,East Tannerhaven,MI,60891,-840,kathleen.kim@kaiserhealth.org,IL89864,GA,30-06-2028,31,TRUE,FALSE,20-08-2024
DOC100532,2867805555,QE7738264,Gabrielle,Potter,Dr. Gabrielle Potter,Infectious Disease,"Palmer, Gordon and Kaiser",11708 Reilly Pass Apt. 186,Kevinberg,CA,21566,001-417-258-8397x85708,gabrielle.potter@kaiserhealth.org,MI20303,GA,13-12-2030,40,FALSE,FALSE,17-09-2021
DOC100533,1385445770,EV9295966,Jordan,Williams,Dr. Jordan Williams,Oncology,Flores-Estrada,69149 Davis Rue,East Williamfort,IL,88888,001-842-996-8827,jordan.williams@kaiserhealth.org,NC74324,FL,28-04-2030,29,FALSE,FALSE,02-12-2021
DOC100534,1691163319,KF2686536,Joseph,Chapman,Dr. Joseph Chapman,Oncology,Reeves Hospital,615 Williams Plaza,East Tony,IL,88868,001-688-235-6517x962,joseph.chapman@kaiserhealth.org,PA57602,NY,05-04-2031,25,TRUE,FALSE,29-01-2025
DOC100535,2367747226,KA8572169,Jacqueline,Campbell,Dr. Jacqueline Campbell,Oncology,"Bennett, Payne and Le",47842 Scott Drives Suite 162,West Bethany,OH,32372,+1-564-288-2089x3486,jacqueline.campbell@kaiserhealth.org,OH34756,CA,29-03-2031,19,TRUE,FALSE,15-03-2025
DOC100536,1996059329,WR1509688,Derrick,Green,Dr. Derrick Green,Oncology,Hernandez-Archer,916 Cindy Circles Apt. 413,New Paulabury,TX,47391,+1-292-636-1337x60523,derrick.green@kaiserhealth.org,GA58373,FL,10-11-2028,16,TRUE,FALSE,24-03-2026
DOC100537,1524103977,HX9732781,William,Morales,Dr. William Morales,Nephrology,"Johnson, Martin and Knox",7241 Roy Run Apt. 344,Port Ashleyfurt,PA,8782,271.882.4989x8088,william.morales@kaiserhealth.org,TX42094,GA,17-06-2029,9,TRUE,FALSE,08-03-2026
DOC100538,1687616481,YV8077046,Dustin,Nelson,Dr. Dustin Nelson,Oncology,Nelson-Black,59266 Gardner Ridges,Lake Theresa,PA,52382,001-698-774-8694x155,dustin.nelson@kaiserhealth.org,OH77051,GA,30-11-2030,32,TRUE,FALSE,30-11-2021
DOC100539,1249125652,HR3415177,Daniel,Austin,Dr. Daniel Austin,Neurology,"George, White and Kirk",3605 Chad Common Suite 039,Clarkmouth,CA,33079,(221)689-4559x06700,daniel.austin@kaiserhealth.org,PA48704,GA,05-12-2030,26,TRUE,FALSE,26-08-2022
DOC100540,2949022840,HM9544294,Kenneth,Mata,Dr. Kenneth Mata,Oncology,White-Carter,4896 Jimenez Causeway Suite 642,Port Krystalport,GA,41755,(257)875-8097x45338,kenneth.mata@kaiserhealth.org,IL30242,TX,20-01-2028,14,TRUE,FALSE,23-07-2023
DOC100541,2430394290,JM8867925,Melody,Wood,Dr. Melody Wood,Endocrinology,Liu-Logan,5401 Chen Rapids,Jeremyton,MI,1701,001-962-621-2242x767,melody.wood@kaiserhealth.org,NC51195,NC,15-03-2029,28,TRUE,FALSE,21-08-2022
DOC100542,2287276015,HK3324913,Kathryn,Austin,Dr. Kathryn Austin,Rheumatology,Johnson-Miller,115 Ferguson Path Suite 008,North Thomashaven,GA,52416,978.423.1299x5704,kathryn.austin@kaiserhealth.org,GA84633,CA,20-07-2030,38,TRUE,FALSE,20-12-2024
DOC100543,1506158148,TT1079833,Laura,Farrell,Dr. Laura Farrell,Pulmonology,"Burnett, Jones and Cross",38437 Perez Key,Delacruzside,TX,6804,585.725.4824x218,laura.farrell@kaiserhealth.org,FL39928,GA,26-03-2031,16,TRUE,FALSE,25-08-2023
DOC100544,2841312840,GH3997718,Michael,Goodwin,Dr. Michael Goodwin,Oncology,Williams-Lowe,4547 Singh Ways Apt. 112,East Sarah,PA,59149,989-479-1776x3342,michael.goodwin@kaiserhealth.org,NY35745,GA,17-08-2027,12,TRUE,FALSE,15-02-2023
DOC100545,2318939749,AU6173997,Mikayla,Peters,Dr. Mikayla Peters,Oncology,Cohen-Weiss,0801 Rivers Views Apt. 453,South Chelseabury,IL,43099,001-388-824-9353x4001,mikayla.peters@kaiserhealth.org,OH88820,IL,15-05-2029,36,TRUE,FALSE,12-07-2025
DOC100546,2878444835,JX8847127,William,Palmer,Dr. William Palmer,Oncology,Kirby Hospital,4454 Simmons Views,Port Amanda,CA,47900,001-317-499-3781x053,william.palmer@kaiserhealth.org,NC71670,GA,11-10-2029,15,TRUE,FALSE,18-05-2025
DOC100547,2417582313,GK8458714,Susan,Hunt,Dr. Susan Hunt,Oncology,Sawyer-Moss,882 Kevin Island Suite 927,West Maryberg,FL,33766,(530)919-8642x4238,susan.hunt@kaiserhealth.org,MI98065,TX,09-03-2028,25,TRUE,FALSE,06-12-2025
DOC100548,2229258796,JH4745245,Joe,Bradley,Dr. Joe Bradley,Oncology,Hernandez Medical Center,62932 Jennifer Point Apt. 221,Port Darylburgh,PA,30650,(300)218-6766,joe.bradley@kaiserhealth.org,GA50372,OH,14-05-2031,30,TRUE,FALSE,30-09-2021
DOC100549,1606527403,GX4450566,William,Welch,Dr. William Welch,Oncology,"Parrish, Gillespie and Rhodes",08143 Reyes Course Suite 038,Sarahbury,NC,84538,598-707-4682,william.welch@kaiserhealth.org,NC36142,FL,23-10-2028,37,TRUE,FALSE,20-12-2024
DOC100550,2113257970,XN7349960,Michelle,Chapman,Dr. Michelle Chapman,Oncology,"Tyler, Johnson and Gonzalez",6205 Harding Summit,Kimland,CA,43939,2068666411,michelle.chapman@kaiserhealth.org,PA46181,NC,24-05-2031,28,TRUE,FALSE,25-08-2024
DOC100551,2172156229,KU3817359,Kerry,Miller,Dr. Kerry Miller,Gastroenterology,Padilla and Sons,78516 Barton Mountains Apt. 890,Kendraborough,IL,56848,(983)248-2689x99626,kerry.miller@kaiserhealth.org,NC79602,IL,28-09-2029,6,TRUE,FALSE,27-06-2023
DOC100552,1557325737,ML3449021,Amber,Grant,Dr. Amber Grant,Infectious Disease,"Hurst, Knight and Kennedy",150 Pratt Meadow Apt. 571,Mosleytown,OH,91361,+1-432-801-2657x898,amber.grant@kaiserhealth.org,OH73747,CA,23-07-2027,38,TRUE,FALSE,26-01-2024
DOC100553,2096085874,UL1191818,Tiffany,Tran,Dr. Tiffany Tran,Endocrinology,Juarez PLC,17558 Mata Crest Suite 774,Lake Juliefort,NC,39402,(492)811-8824x1996,tiffany.tran@kaiserhealth.org,NY85225,GA,17-08-2028,17,TRUE,FALSE,01-01-2023
DOC100554,2477251295,QS6069409,Francisco,Morrison,Dr. Francisco Morrison,Infectious Disease,Cook-Matthews,45421 Becker Landing Suite 056,North Megan,CA,19052,(557)709-0016,francisco.morrison@kaiserhealth.org,CA39521,PA,28-03-2029,32,TRUE,FALSE,01-11-2023
DOC100555,1958739592,GE3421089,Stephanie,Stevens,Dr. Stephanie Stevens,Oncology,Wilcox Hospital,82895 Smith Corners Suite 882,Lake Jose,TX,59827,912.361.6850,stephanie.stevens@kaiserhealth.org,NC55681,NY,30-09-2027,25,TRUE,FALSE,25-06-2024
DOC100556,1334264335,AE7160736,Sherry,May,Dr. Sherry May,Oncology,Davis PLC,92711 Lopez Common Apt. 537,Port Ashleyborough,CA,6248,6713695007,sherry.may@kaiserhealth.org,GA62321,FL,24-03-2031,18,TRUE,FALSE,13-10-2025
DOC100557,1128981231,RV5563318,Audrey,Collins,Dr. Audrey Collins,Rheumatology,"Murphy, Carter and Cochran",876 Michelle Loop,Davidview,CA,37073,316.219.8273x4813,audrey.collins@kaiserhealth.org,IL76680,NY,04-08-2028,34,TRUE,FALSE,27-04-2024
DOC100558,2661554164,HY1670450,Brandon,Bell,Dr. Brandon Bell,Oncology,"Beck, Powell and Cohen",4357 Warren View,West Monica,FL,20343,(680)664-8606x73983,brandon.bell@kaiserhealth.org,TX84000,CA,16-06-2031,13,TRUE,FALSE,07-02-2026
DOC100559,1700934596,FP2282251,Wesley,Payne,Dr. Wesley Payne,Endocrinology,Stewart and Sons,462 Mark Center Suite 740,Wardmouth,CA,46695,256-723-9209,wesley.payne@kaiserhealth.org,GA36748,IL,02-05-2031,30,TRUE,FALSE,03-04-2024
DOC100560,2950050702,PB8698221,Daniel,Snyder,Dr. Daniel Snyder,Oncology,"Collins, Johnson and Branch",11178 Davis Spur,East Markport,PA,92796,360.422.0695x354,daniel.snyder@kaiserhealth.org,FL22074,OH,02-07-2027,9,TRUE,FALSE,13-03-2022
DOC100561,2768729047,RJ2585917,Elizabeth,White,Dr. Elizabeth White,Hematology,Glover-Mccullough,02601 Rodriguez Forest Apt. 594,Schultzmouth,MI,4694,740.771.7327x980,elizabeth.white@kaiserhealth.org,FL26493,FL,27-03-2030,37,TRUE,FALSE,25-09-2021
DOC100562,1311649133,JF4579889,Robin,Estrada,Dr. Robin Estrada,Oncology,Williams Group,934 James Prairie Apt. 045,North Natalie,CA,56653,3895411849,robin.estrada@kaiserhealth.org,PA65315,PA,11-04-2030,14,TRUE,FALSE,11-05-2024
DOC100563,1603202032,NL0977539,Nicole,Jensen,Dr. Nicole Jensen,Oncology,Moyer Hospital,59520 Hughes Bypass Apt. 679,Lake Andrewshire,CA,56661,-9226,nicole.jensen@kaiserhealth.org,FL69400,MI,17-08-2029,21,TRUE,FALSE,07-10-2023
DOC100564,1485524578,QX1584156,Heather,Martinez,Dr. Heather Martinez,Oncology,Bates PLC,9530 Philip Mount Suite 255,East Ethanstad,NC,1949,673-365-4262,heather.martinez@kaiserhealth.org,TX22397,FL,13-06-2029,34,TRUE,FALSE,24-01-2026
DOC100565,1842547681,SF6832303,Jonathan,Perkins,Dr. Jonathan Perkins,Oncology,"Lopez, Valentine and Park",34511 Jo Bypass,Lake Pattychester,NC,89206,5532088684,jonathan.perkins@kaiserhealth.org,MI29892,MI,21-02-2028,38,TRUE,FALSE,27-06-2022
DOC100566,2838252129,HY2896340,Christopher,Long,Dr. Christopher Long,Infectious Disease,Norton PLC,5759 Morris Port,North George,IL,97094,001-464-226-0336,christopher.long@kaiserhealth.org,OH78386,OH,05-04-2031,35,TRUE,FALSE,12-09-2022
DOC100567,1401484399,CB6227236,Stephen,Gomez,Dr. Stephen Gomez,Endocrinology,Jones Group,92071 Laurie Ville Apt. 380,East Ryan,OH,22553,992-215-8189,stephen.gomez@kaiserhealth.org,OH87518,FL,01-06-2030,20,TRUE,FALSE,10-08-2024
DOC100568,1342619237,EX4501848,Ariana,Hamilton,Dr. Ariana Hamilton,Cardiology,Gordon and Sons,8819 Carroll Mountain Suite 216,Lake Brentmouth,MI,31477,689.731.8692x8972,ariana.hamilton@kaiserhealth.org,GA40432,GA,01-04-2031,24,TRUE,FALSE,21-02-2024
DOC100569,2215406417,PU2743811,Michelle,Sandoval,Dr. Michelle Sandoval,Nephrology,"Taylor, Bowen and Woods",28394 Colleen Villages,East Elaine,MI,20881,3413447432,michelle.sandoval@kaiserhealth.org,PA41626,GA,15-04-2029,32,TRUE,FALSE,22-07-2024
DOC100570,1444856451,AD7397396,Barbara,Page,Dr. Barbara Page,Pulmonology,"Smith, Martinez and Burton",03042 Melissa Curve,Jimenezberg,NY,91655,735-230-2816,barbara.page@kaiserhealth.org,GA83488,MI,24-03-2029,29,TRUE,FALSE,26-08-2023
DOC100571,2091919113,MU9660577,Randy,Smith,Dr. Randy Smith,Oncology,Cooper PLC,7756 Cheryl Fork,Port Chad,NC,3504,+1-529-316-1746x9029,randy.smith@kaiserhealth.org,CA62257,OH,01-11-2030,6,TRUE,FALSE,28-09-2021
DOC100572,1051460745,XM5347057,Joseph,Wilkinson,Dr. Joseph Wilkinson,Pulmonology,"Weaver, Hill and Harvey",29131 Tucker Parkway Apt. 568,Tanyachester,TX,52045,206.636.2198x655,joseph.wilkinson@kaiserhealth.org,FL83200,NC,19-12-2029,25,TRUE,FALSE,08-12-2023
DOC100573,2271559835,KD1659726,Kimberly,Logan,Dr. Kimberly Logan,Neurology,Douglas-Alexander,3493 Ashley Key Apt. 496,South James,IL,22644,(726)611-4243x6258,kimberly.logan@kaiserhealth.org,GA55953,PA,12-05-2030,33,TRUE,FALSE,13-10-2022
DOC100574,1250139488,KT8269131,Craig,Robertson,Dr. Craig Robertson,Cardiology,"Fields, Friedman and Ferguson",919 Hernandez Garden Suite 199,Bakerborough,MI,73862,532-247-2505x83334,craig.robertson@kaiserhealth.org,OH44520,TX,08-12-2030,26,TRUE,FALSE,18-07-2023
DOC100575,2261499153,QB3824073,Chris,Mccarthy,Dr. Chris Mccarthy,Oncology,Charles-Rice,54576 Porter Underpass Suite 694,Staceystad,FL,31948,(459)374-6698x61634,chris.mccarthy@kaiserhealth.org,FL67718,FL,01-04-2028,14,TRUE,FALSE,31-05-2024
DOC100576,1097768893,PF8969645,Justin,Johnson,Dr. Justin Johnson,Pulmonology,"Odonnell, Armstrong and Schaefer",152 Carlson Islands Suite 966,Meganburgh,CA,15291,607.442.3591,justin.johnson@kaiserhealth.org,PA57777,FL,17-02-2029,25,TRUE,FALSE,15-07-2022
DOC100577,1253892187,TL1935837,Sarah,Mitchell,Dr. Sarah Mitchell,Pulmonology,"Mckay, Curtis and Silva",61454 Jennifer Centers,Knightbury,MI,86718,001-373-710-0817x85221,sarah.mitchell@kaiserhealth.org,CA70324,MI,07-08-2030,33,TRUE,FALSE,01-03-2026
DOC100578,2120878057,YE1514940,Sean,Hendricks,Dr. Sean Hendricks,Nephrology,"Campbell, Moore and Cox",268 Green Vista Suite 017,Lake Tammie,GA,85449,+1-708-865-2377x72966,sean.hendricks@kaiserhealth.org,OH27479,OH,18-04-2028,18,TRUE,FALSE,25-02-2023
DOC100579,2845398628,XU5090591,Taylor,Rodriguez,Dr. Taylor Rodriguez,Cardiology,Brewer Medical Center,78105 Banks Shoals Apt. 002,Gatesburgh,MI,96116,(214)625-7316,taylor.rodriguez@kaiserhealth.org,NY79438,OH,17-06-2028,15,TRUE,FALSE,17-05-2026
DOC100580,1922071511,NU6667252,Heather,Martinez,Dr. Heather Martinez,Oncology,Hines PLC,2031 Nicholas Key,Jennahaven,IL,51719,(709)729-7352,heather.martinez@kaiserhealth.org,PA33253,OH,06-01-2031,21,TRUE,FALSE,23-04-2023
DOC100581,1463351571,SJ0908051,Renee,Hernandez,Dr. Renee Hernandez,Endocrinology,Bowman Group,938 Aaron Lakes,Vazquezbury,CA,46905,923.866.1850,renee.hernandez@kaiserhealth.org,NC11648,CA,20-11-2027,25,TRUE,FALSE,29-11-2021
DOC100582,1995123972,TG5129592,Andrea,Stevens,Dr. Andrea Stevens,Hematology,"Lopez, Lawson and French",236 Corey Overpass,East Randystad,TX,85017,-3283,andrea.stevens@kaiserhealth.org,NC29510,GA,13-07-2029,6,TRUE,FALSE,14-03-2023
DOC100583,1441529821,RG9295786,Mark,Molina,Dr. Mark Molina,Hematology,Thomas and Sons,28019 King Drives,Annshire,NY,20723,001-222-856-0629x535,mark.molina@kaiserhealth.org,NC18580,PA,11-07-2028,20,TRUE,FALSE,26-07-2025
DOC100584,1736050791,SC5899886,Michelle,Sanchez,Dr. Michelle Sanchez,Gastroenterology,"Wilson, Brown and Sanders",1307 Perez Points Suite 185,North Pamela,FL,9903,962.760.8463,michelle.sanchez@kaiserhealth.org,IL51984,TX,19-02-2029,33,TRUE,FALSE,12-01-2022
DOC100585,2666617071,LT7964740,Lee,Hill,Dr. Lee Hill,Oncology,Williams-Flores,15164 Chris Trafficway,Markview,CA,2717,001-919-769-3957,lee.hill@kaiserhealth.org,FL21689,IL,02-12-2030,39,TRUE,FALSE,25-01-2023
DOC100586,2080046358,BX6882850,Brian,Lara,Dr. Brian Lara,Neurology,Smith and Sons,01971 Jessica Corners Apt. 413,Port Jennifer,CA,81805,(878)997-6098x7312,brian.lara@kaiserhealth.org,GA34340,FL,18-04-2031,25,TRUE,FALSE,11-08-2025
DOC100587,1739900631,KA3526356,Jesse,Yates,Dr. Jesse Yates,Oncology,Anderson Ltd,075 Wong Manor Suite 339,Jamesland,CA,83071,001-465-343-0895x23120,jesse.yates@kaiserhealth.org,TX88479,FL,27-12-2029,21,TRUE,FALSE,31-01-2022
DOC100588,2943460666,JG7490607,Michael,Johnson,Dr. Michael Johnson,Endocrinology,Tucker-Gray,747 Jennifer Alley Apt. 687,Torresside,CA,87713,001-767-864-9797x41636,michael.johnson@kaiserhealth.org,NY93571,NY,07-06-2030,12,TRUE,FALSE,12-10-2021
DOC100589,2128524648,KK9411631,Jonathan,Rivera,Dr. Jonathan Rivera,Gastroenterology,Russell Hospital,373 Brianna Lights Suite 969,South Scott,CA,14907,+1-295-429-6353x0597,jonathan.rivera@kaiserhealth.org,FL26661,NC,22-01-2029,7,TRUE,FALSE,20-06-2024
DOC100590,1130621136,VM7279083,Daniel,Rice,Dr. Daniel Rice,Neurology,Gutierrez-Clark,15948 Carr Keys Suite 663,Teresaview,CA,38794,001-534-641-4916x9993,daniel.rice@kaiserhealth.org,CA84553,CA,01-09-2028,14,TRUE,FALSE,31-05-2026
DOC100591,2257306624,SC3235707,Shannon,Perez,Dr. Shannon Perez,Cardiology,Wiley-Baker,30958 Anderson Stream,Cummingsborough,FL,75948,+1-488-394-1321x09720,shannon.perez@kaiserhealth.org,MI79278,IL,26-02-2031,40,TRUE,FALSE,26-07-2025
DOC100592,2011688092,LM0213060,Kathleen,Mendoza,Dr. Kathleen Mendoza,Oncology,Lam-Stone,6557 Michele Crossroad,East Alejandroport,CA,36957,001-264-261-2939,kathleen.mendoza@kaiserhealth.org,OH84311,NY,05-02-2028,19,TRUE,FALSE,09-07-2024
DOC100593,1981079649,NQ3794577,Daniel,Maxwell,Dr. Daniel Maxwell,Endocrinology,Gross Group,5896 Mark Junction Suite 086,New Chelsealand,GA,34722,001-558-743-4566x311,daniel.maxwell@kaiserhealth.org,NC57203,FL,13-09-2027,14,TRUE,FALSE,27-03-2023
DOC100594,1642506420,QP8362536,Kenneth,White,Dr. Kenneth White,Infectious Disease,Moore-Lambert,33474 Joseph Fords,North Kevinmouth,OH,94113,001-468-668-0085,kenneth.white@kaiserhealth.org,GA69285,GA,12-02-2029,29,TRUE,FALSE,13-06-2026
DOC100595,2562833339,GX9578654,Susan,Hernandez,Dr. Susan Hernandez,Neurology,"Davis, Bates and Freeman",74304 Mckenzie Centers Apt. 385,East Fernandoside,OH,80389,466-552-7523x328,susan.hernandez@kaiserhealth.org,TX71634,NY,15-07-2027,39,TRUE,FALSE,27-08-2022
DOC100596,2960335826,SP2703692,Allen,Rivera,Dr. Allen Rivera,Pulmonology,"Frey, Lewis and Rich",33467 Jones Square,Lake Rachelmouth,MI,48368,5762279955,allen.rivera@kaiserhealth.org,TX94048,OH,26-03-2028,17,TRUE,FALSE,10-11-2023
DOC100597,2732759980,XD1100051,Darlene,Clark,Dr. Darlene Clark,Rheumatology,David and Sons,984 Jackson Burgs,West Jennifer,CA,17777,9284471901,darlene.clark@kaiserhealth.org,FL29739,FL,10-03-2028,24,TRUE,FALSE,15-08-2022
DOC100598,2959775244,DT2226189,Kelly,Ibarra,Dr. Kelly Ibarra,Infectious Disease,Gonzales Ltd,8717 Morris Green Suite 199,West Brendan,CA,47655,+1-783-287-2725x8122,kelly.ibarra@kaiserhealth.org,NC82393,GA,28-11-2030,22,TRUE,FALSE,21-06-2026
DOC100599,1127102676,RF0957992,Kimberly,Cooper,Dr. Kimberly Cooper,Hematology,Chang-Campbell,237 Courtney Mission Apt. 212,North Tiffanyville,CA,70089,980.635.8690x170,kimberly.cooper@kaiserhealth.org,GA98049,MI,12-06-2030,27,TRUE,FALSE,20-10-2021
DOC100600,1512294621,XG5415970,Lauren,Cantu,Dr. Lauren Cantu,Oncology,"Hernandez, Garcia and Bonilla",529 Moss Track Apt. 712,East Rebecca,CA,51332,001-343-838-7220x5422,lauren.cantu@kaiserhealth.org,OH32159,PA,30-03-2028,21,TRUE,FALSE,12-09-2024
DOC100601,2807520344,QP5047158,Erin,Cohen,Dr. Erin Cohen,Oncology,Garza-Lucas,08334 Turner Wells,West Waynehaven,TX,65918,799.350.4702x05968,erin.cohen@kaiserhealth.org,MI11399,MI,05-02-2030,6,TRUE,FALSE,28-02-2024
DOC100602,1766046558,PP5254837,Jake,Maldonado,Dr. Jake Maldonado,Oncology,Scott-Miles,6329 Gutierrez Grove,South Samantha,CA,62650,422-259-2061x65812,jake.maldonado@kaiserhealth.org,NY68965,NY,12-04-2030,25,TRUE,FALSE,19-08-2024
DOC100603,1021312512,UH1100591,Ashley,Pennington,Dr. Ashley Pennington,Endocrinology,Watkins Medical Center,6302 Stewart Shores,Hallbury,CA,61223,+1-226-729-4206x61549,ashley.pennington@kaiserhealth.org,GA92706,PA,28-11-2027,11,TRUE,FALSE,24-02-2023
DOC100604,1231211063,GB1658373,Jamie,Rodriguez,Dr. Jamie Rodriguez,Oncology,"Medina, York and Williams",211 Melissa Court,Port Charles,CA,98697,281-358-2686x8764,jamie.rodriguez@kaiserhealth.org,TX71500,IL,29-09-2030,8,TRUE,FALSE,14-06-2026
DOC100605,1123428931,YC3253269,Daniel,Murphy,Dr. Daniel Murphy,Pulmonology,"Medina, Price and Zhang",006 Ashley Parkway,Ramoshaven,MI,63473,358.856.6464,daniel.murphy@kaiserhealth.org,OH76408,IL,30-07-2030,18,TRUE,FALSE,05-08-2022
DOC100606,2380442101,RM0961701,Jeff,Barrett,Dr. Jeff Barrett,Rheumatology,Bishop Ltd,21320 Vaughn Cape Suite 294,Port Teresa,MI,37385,001-678-391-1797x2699,jeff.barrett@kaiserhealth.org,PA99270,MI,08-04-2030,9,TRUE,FALSE,11-11-2022
DOC100607,2757574758,GH9205677,Willie,Gonzalez,Dr. Willie Gonzalez,Rheumatology,"Dunn, Brown and Golden",0200 Michael Flat Apt. 853,Lopezville,OH,1005,405-224-3838x05826,willie.gonzalez@kaiserhealth.org,GA70868,GA,01-10-2027,14,TRUE,FALSE,01-05-2025
DOC100608,2602562650,PX2292310,Raymond,Terry,Dr. Raymond Terry,Infectious Disease,Carson Group,28389 Nunez Ford,Port Timothy,GA,98409,385-518-6267,raymond.terry@kaiserhealth.org,TX45506,PA,05-05-2029,17,TRUE,FALSE,11-03-2026
DOC100609,2248433797,PP2705115,Kevin,Waters,Dr. Kevin Waters,Hematology,Dudley and Sons,823 Jennifer Drives,Lake Amberhaven,MI,96326,252.879.1875,kevin.waters@kaiserhealth.org,IL28543,FL,22-04-2031,38,FALSE,FALSE,06-08-2025
DOC100610,1670425496,VD9284552,Trevor,Davis,Dr. Trevor Davis,Oncology,Henderson Ltd,208 Melissa Via Suite 319,South Catherine,CA,54207,578-615-9698,trevor.davis@kaiserhealth.org,GA18273,CA,25-12-2028,33,TRUE,FALSE,22-09-2025
DOC100611,1353574859,LY3259399,Gregory,Lowe,Dr. Gregory Lowe,Neurology,"Short, Hernandez and Myers",686 Cheryl Knoll Apt. 257,West Christina,FL,78249,001-925-653-9460,gregory.lowe@kaiserhealth.org,GA83832,GA,08-04-2031,6,TRUE,FALSE,28-08-2022
DOC100612,1629518779,JC7634250,Beth,Franklin,Dr. Beth Franklin,Hematology,Adams-Alvarez,9417 Washington Points Apt. 897,Ginafort,FL,33912,-7670,beth.franklin@kaiserhealth.org,FL92977,CA,22-12-2027,25,TRUE,FALSE,27-12-2024
DOC100613,2824575983,WG9914038,Steven,Roberts,Dr. Steven Roberts,Oncology,Stone-Soto,9881 Carter Prairie,West Kellytown,CA,79790,(886)405-2102,steven.roberts@kaiserhealth.org,FL59284,OH,12-06-2029,5,TRUE,FALSE,29-10-2021
DOC100614,1240061572,QW6829751,Randy,Roberts,Dr. Randy Roberts,Pulmonology,"Winters, Smith and Stephens",458 Kayla Alley Apt. 057,Elizabethside,GA,72730,599.274.1856,randy.roberts@kaiserhealth.org,IL35923,MI,18-02-2028,34,TRUE,FALSE,19-04-2025
DOC100615,1501058752,LN8065625,Kristina,Herman,Dr. Kristina Herman,Nephrology,Smith Medical Center,661 Newman Brook Suite 641,Katrinaborough,CA,57946,-2194,kristina.herman@kaiserhealth.org,IL52469,MI,08-03-2028,7,TRUE,FALSE,07-01-2025
DOC100616,1271122182,YH1555165,Natalie,Lara,Dr. Natalie Lara,Cardiology,Rodriguez and Sons,1034 Turner Glen Apt. 990,Webbmouth,CA,55805,-1710,natalie.lara@kaiserhealth.org,OH81448,CA,14-05-2031,38,TRUE,FALSE,03-06-2024
DOC100617,2281372143,HB8003700,Cheryl,Graham,Dr. Cheryl Graham,Oncology,Taylor-Randolph,21905 Jason Roads,Scotttown,FL,34398,747.464.8455x9396,cheryl.graham@kaiserhealth.org,TX28045,NC,27-11-2027,25,TRUE,FALSE,20-06-2023
DOC100618,2084706810,GU0339705,Amanda,Edwards,Dr. Amanda Edwards,Cardiology,Rivas-Montes,5312 Aaron Gateway Suite 221,Lake Kimberlybury,MI,84399,(777)726-4883,amanda.edwards@kaiserhealth.org,PA76735,TX,11-07-2030,30,TRUE,FALSE,24-03-2024
DOC100619,1944858623,VJ5354614,Angela,Jackson,Dr. Angela Jackson,Oncology,"Barnett, Jackson and Skinner",516 Tiffany Islands,Richardsonland,CA,59303,305-608-0549,angela.jackson@kaiserhealth.org,GA89084,NC,27-05-2029,30,TRUE,FALSE,10-05-2025
DOC100620,1061339439,KM7039438,Kyle,Ruiz,Dr. Kyle Ruiz,Oncology,Fowler-Kelly,7841 Wilson Prairie,Jacquelineshire,CA,60723,244.593.0537,kyle.ruiz@kaiserhealth.org,CA38367,TX,29-04-2028,26,TRUE,FALSE,22-07-2022
DOC100621,2576927789,KX3191009,Alyssa,Fisher,Dr. Alyssa Fisher,Oncology,Barker and Sons,0878 Lisa Point,West Laurafort,CA,71713,630.848.6251x5217,alyssa.fisher@kaiserhealth.org,IL10001,IL,19-11-2028,33,TRUE,FALSE,21-04-2023
DOC100622,1105336514,PW0401424,Sara,Daniel,Dr. Sara Daniel,Hematology,Burnett-Mueller,89156 Lopez Harbors,Crawfordfort,FL,58525,001-662-896-9143x3629,sara.daniel@kaiserhealth.org,NY93454,CA,04-03-2030,35,TRUE,FALSE,24-02-2025
DOC100623,1137984409,RC2316600,Jose,Escobar,Dr. Jose Escobar,Hematology,Lynch PLC,010 Castillo Ports,New Rebeccamouth,OH,21960,618-896-8442,jose.escobar@kaiserhealth.org,GA64057,TX,03-09-2028,5,TRUE,FALSE,14-11-2025
DOC100624,1144734043,HY7009687,Kimberly,Evans,Dr. Kimberly Evans,Oncology,"Gilbert, Ellis and Wood",575 Webster Crossroad,Port Brittanyburgh,CA,19304,579-978-9124,kimberly.evans@kaiserhealth.org,IL57714,NY,27-04-2031,28,TRUE,FALSE,11-03-2022
DOC100625,2825588255,PF9657542,Steven,Howe,Dr. Steven Howe,Hematology,"Rice, Moon and Baker",43672 Hendrix Cove Apt. 230,New Wesley,NC,99065,(281)419-3978x14590,steven.howe@kaiserhealth.org,OH57229,OH,15-01-2031,10,TRUE,FALSE,23-05-2022
DOC100626,1557782058,WE9582923,Sean,Ray,Dr. Sean Ray,Infectious Disease,Stewart-Castro,9335 Courtney Shoals Suite 880,Woodwardtown,NY,88179,432-960-1193x91038,sean.ray@kaiserhealth.org,OH24664,NC,20-10-2028,39,TRUE,FALSE,21-08-2022
DOC100627,1904823571,LM8686395,Debbie,Edwards,Dr. Debbie Edwards,Infectious Disease,Sanchez Group,085 Melissa Stravenue,North Justinton,NY,18278,937-336-1587x3662,debbie.edwards@kaiserhealth.org,FL93947,GA,02-06-2028,14,TRUE,FALSE,17-06-2024
DOC100628,1081721436,KG8130004,William,Greene,Dr. William Greene,Cardiology,"Sanchez, Gomez and Lindsey",058 Cantrell Terrace,Davisport,CA,59530,+1-331-856-6397x92551,william.greene@kaiserhealth.org,TX99192,NY,23-09-2028,9,TRUE,FALSE,03-08-2023
DOC100629,1656094565,GK6997990,Philip,Shelton,Dr. Philip Shelton,Oncology,Keller PLC,7270 Amy Manor,Ortizmouth,CA,33186,928-716-4416x1019,philip.shelton@kaiserhealth.org,GA51894,PA,12-03-2030,6,TRUE,FALSE,28-03-2023
DOC100630,2681699570,NB7174811,Matthew,Brennan,Dr. Matthew Brennan,Neurology,"Ellison, Ortiz and Baker",03880 Tracy Forest Apt. 427,Clarkberg,NY,67231,744-547-1893,matthew.brennan@kaiserhealth.org,GA59787,PA,09-06-2031,20,TRUE,FALSE,05-09-2021
DOC100631,2054873961,AX2908718,Barbara,Andrews,Dr. Barbara Andrews,Endocrinology,Barnes Group,909 Glen Plain Suite 987,Monicastad,GA,15166,001-835-387-2717x430,barbara.andrews@kaiserhealth.org,IL84062,OH,07-11-2030,39,TRUE,FALSE,24-05-2022
DOC100632,1491872742,BK9561213,Katherine,Combs,Dr. Katherine Combs,Oncology,Rowe-Cannon,43988 William Ford,Ramosstad,GA,67605,333.564.7704,katherine.combs@kaiserhealth.org,FL10746,OH,19-07-2030,16,TRUE,FALSE,26-07-2021
DOC100633,1423597371,DF2299077,Cassidy,Dean,Dr. Cassidy Dean,Oncology,Mcmahon Hospital,602 Randy Keys,Kristinton,OH,34837,423-219-0577,cassidy.dean@kaiserhealth.org,CA78835,PA,21-08-2028,39,TRUE,FALSE,15-11-2023
DOC100634,2046861114,XM7683210,Carl,Brown,Dr. Carl Brown,Oncology,"Simpson, Vargas and Padilla",324 Cuevas Garden,North Christineport,CA,13449,+1-822-548-7098x7264,carl.brown@kaiserhealth.org,MI34483,FL,10-04-2028,33,TRUE,FALSE,02-01-2023
DOC100635,2847129618,BH3242605,Nathaniel,Braun,Dr. Nathaniel Braun,Oncology,Leon-Lopez,3261 Amanda Road,North Jamesfurt,NC,69423,(216)230-7028x67202,nathaniel.braun@kaiserhealth.org,CA24778,NC,09-01-2030,22,TRUE,FALSE,06-05-2024
DOC100636,1425373377,RG1268812,Kimberly,Young,Dr. Kimberly Young,Endocrinology,Griffith-Jones,68900 Marshall Rapids Suite 001,Sanchezmouth,NC,74305,9074397130,kimberly.young@kaiserhealth.org,TX18912,GA,05-03-2028,37,FALSE,FALSE,16-04-2022
DOC100637,1923653460,PB5603567,Daniel,Fernandez,Dr. Daniel Fernandez,Nephrology,Knight-Paul,67221 Linda Glen Suite 461,Rodriguezburgh,FL,72218,470-574-4360,daniel.fernandez@kaiserhealth.org,TX72831,MI,22-09-2030,37,TRUE,FALSE,22-01-2024
DOC100638,1398471690,PC8120546,Kelly,Buchanan,Dr. Kelly Buchanan,Oncology,White and Sons,602 White Radial,Karinaberg,GA,96520,+1-709-744-7726x90326,kelly.buchanan@kaiserhealth.org,PA49779,NC,24-11-2027,25,FALSE,FALSE,28-05-2023
DOC100639,2876989992,RL1758891,Sandra,Ruiz,Dr. Sandra Ruiz,Oncology,Pearson PLC,802 Gould Views Suite 985,South Benjaminville,IL,14434,001-815-689-1268,sandra.ruiz@kaiserhealth.org,IL47872,MI,11-08-2030,37,TRUE,FALSE,19-01-2026
DOC100640,2393543586,JJ9639243,Nicole,Scott,Dr. Nicole Scott,Rheumatology,"Patterson, Koch and Hooper",37600 Collins Green Apt. 837,New Danielton,CA,64817,899-421-6400x6983,nicole.scott@kaiserhealth.org,NC52092,FL,15-01-2031,34,TRUE,FALSE,05-03-2023
DOC100641,1143395275,HN7497852,Kristen,Petty,Dr. Kristen Petty,Pulmonology,Fernandez-Hicks,0821 Audrey Pines Suite 546,East Jennifer,MI,1776,(212)537-2055,kristen.petty@kaiserhealth.org,NY43100,NY,25-09-2030,29,TRUE,FALSE,07-05-2023
DOC100642,2013477894,SU6340679,Aaron,Smith,Dr. Aaron Smith,Cardiology,"Stone, Wright and Carter",3919 Aaron Pike Apt. 141,Yatestown,GA,76476,969-223-2737,aaron.smith@kaiserhealth.org,OH60709,PA,23-02-2029,12,TRUE,FALSE,27-07-2021
DOC100643,1500141884,ED6309001,Amber,Quinn,Dr. Amber Quinn,Rheumatology,Daniels-Kirby,674 Sanchez Causeway,New Lisashire,MI,68009,733-361-1371x181,amber.quinn@kaiserhealth.org,IL47249,OH,24-04-2030,20,TRUE,FALSE,21-03-2026
DOC100644,2853208953,FN3890219,Debbie,Benson,Dr. Debbie Benson,Nephrology,Mason-Malone,03401 Harris Track Apt. 466,South Marcshire,CA,80089,+1-444-694-6672x010,debbie.benson@kaiserhealth.org,GA26326,NY,30-03-2031,20,TRUE,FALSE,18-08-2021
DOC100645,1379223410,HX4699673,Lisa,Mccarthy,Dr. Lisa Mccarthy,Oncology,"Kent, Barker and Hernandez",387 Donaldson Drive,Taylorhaven,NY,45937,717.945.2735x36423,lisa.mccarthy@kaiserhealth.org,NY63547,GA,28-07-2027,33,TRUE,FALSE,26-07-2021
DOC100646,2960843768,LL0789679,Kenneth,Moore,Dr. Kenneth Moore,Oncology,Riddle PLC,518 Glenda Cliff,Port Crystal,PA,43409,(290)646-1007x923,kenneth.moore@kaiserhealth.org,TX20139,MI,23-04-2029,29,TRUE,FALSE,19-12-2024
DOC100647,2335564343,NV7093170,Andrew,Miller,Dr. Andrew Miller,Infectious Disease,"Allen, Thomas and Miller",232 Jones Corners,North Diana,MI,35168,-8059,andrew.miller@kaiserhealth.org,PA57123,OH,31-07-2030,6,TRUE,FALSE,19-11-2021
DOC100648,2616453454,RF2398983,Tara,Torres,Dr. Tara Torres,Oncology,English Group,46019 Mason Avenue Suite 734,Bruceview,OH,31286,(986)417-6822x512,tara.torres@kaiserhealth.org,PA16288,FL,04-03-2029,10,TRUE,FALSE,07-05-2025
DOC100649,1198041847,EK2642364,Valerie,Hicks,Dr. Valerie Hicks,Endocrinology,Padilla-Hughes,622 Terrell Road Suite 687,Kristyport,NC,62538,612.990.3500x618,valerie.hicks@kaiserhealth.org,NY40384,NY,11-10-2028,8,TRUE,FALSE,25-09-2022
DOC100650,1487623039,YC1142817,David,Edwards,Dr. David Edwards,Gastroenterology,Cain-Parker,668 Stacey Drive Apt. 564,Frankview,CA,75845,(906)544-1119,david.edwards@kaiserhealth.org,TX30017,NC,27-10-2029,16,TRUE,FALSE,06-03-2026
DOC100651,1524808806,EF0722395,Christopher,Thomas,Dr. Christopher Thomas,Nephrology,Smith Ltd,43594 Jennifer Pines Suite 968,South Richardtown,IL,46024,610-321-2543,christopher.thomas@kaiserhealth.org,GA42216,GA,28-11-2030,16,TRUE,FALSE,30-01-2023
DOC100652,1290162047,SR6886878,John,Johnson,Dr. John Johnson,Oncology,"Morales, Collins and Manning",37218 Brown Centers Apt. 203,New Seanshire,MI,82145,+1-301-914-0034x713,john.johnson@kaiserhealth.org,MI63110,IL,04-09-2030,38,FALSE,FALSE,03-05-2022
DOC100653,1872031954,DV6664505,Brittany,Owens,Dr. Brittany Owens,Hematology,"Peters, Williams and Curry",59084 Bonnie Haven Suite 855,Lake Davidborough,FL,57851,935-482-1072x88780,brittany.owens@kaiserhealth.org,CA38255,OH,23-10-2030,14,TRUE,FALSE,22-06-2025
DOC100654,1463203747,NQ7537260,Carol,Brown,Dr. Carol Brown,Oncology,Mcdonald Group,0881 Daugherty Drives,East Erica,TX,99875,001-764-577-1837,carol.brown@kaiserhealth.org,NY48721,PA,01-09-2027,8,TRUE,FALSE,20-04-2025
DOC100655,2619458870,RC5534820,Natalie,Castro,Dr. Natalie Castro,Oncology,Yoder Medical Center,8085 Owens Parkway,North Geoffreyview,CA,88205,832-736-2216x9069,natalie.castro@kaiserhealth.org,NC45338,CA,05-02-2031,6,TRUE,FALSE,16-05-2025
DOC100656,2076597595,KM0891776,Jordan,Estrada,Dr. Jordan Estrada,Gastroenterology,Price Group,69139 Terry Wells Apt. 150,Port Richardport,CA,19531,(510)370-3350x8424,jordan.estrada@kaiserhealth.org,NC84232,NC,18-02-2030,9,FALSE,FALSE,27-01-2026
DOC100657,1657422319,NJ6300402,Michelle,Lane,Dr. Michelle Lane,Neurology,Weaver-Carter,00416 Lisa Island,North Dylan,OH,48774,567-758-6463,michelle.lane@kaiserhealth.org,MI35383,OH,26-06-2028,14,TRUE,FALSE,17-02-2024
DOC100658,2301204713,QF7117595,Andrea,Davis,Dr. Andrea Davis,Hematology,Smith-Wilson,6427 Foley Crossing Suite 738,Manuelville,IL,18433,-2930,andrea.davis@kaiserhealth.org,MI83212,NC,26-08-2029,26,TRUE,FALSE,01-05-2022
DOC100659,2829849330,PR4584760,Matthew,Green,Dr. Matthew Green,Nephrology,Dickerson-Fowler,36024 Graham Street Suite 467,Thomasstad,IL,8975,910.573.0871x564,matthew.green@kaiserhealth.org,IL23958,TX,17-07-2029,40,TRUE,FALSE,06-01-2022
DOC100660,1372188566,PU5413297,Jay,Tucker,Dr. Jay Tucker,Oncology,Irwin-Moreno,4148 Thornton Skyway,South Brendan,PA,74245,(654)268-6272,jay.tucker@kaiserhealth.org,CA67098,OH,28-05-2029,32,TRUE,FALSE,14-01-2025
DOC100661,2055143776,UG6634392,Roy,Taylor,Dr. Roy Taylor,Oncology,Delgado-Bennett,71353 Alvarez Square,West Cassandra,TX,29060,468.279.0604x88693,roy.taylor@kaiserhealth.org,MI52879,MI,12-06-2030,29,TRUE,FALSE,04-05-2024
DOC100662,1110286712,BA7202455,Kimberly,Waters,Dr. Kimberly Waters,Nephrology,Smith-Kramer,3961 Carlson Mission,Lynntown,NY,41693,956.770.7897,kimberly.waters@kaiserhealth.org,CA31655,IL,16-12-2028,26,TRUE,FALSE,30-08-2023
DOC100663,1090326714,UK9819421,Erik,Jefferson,Dr. Erik Jefferson,Hematology,"Bush, Johnson and Guerra",27362 Chandler Falls Apt. 222,Garcialand,MI,61421,(776)391-7162x042,erik.jefferson@kaiserhealth.org,IL30629,NC,21-09-2028,11,TRUE,FALSE,11-10-2023
DOC100664,1406527758,KK6634533,Mary,Powell,Dr. Mary Powell,Hematology,"Hall, Brooks and Case",039 Jacob Falls Suite 980,West Jackfurt,CA,35711,510.968.0177x0316,mary.powell@kaiserhealth.org,TX14823,NY,09-04-2031,8,TRUE,FALSE,30-10-2021
DOC100665,1217221455,UH7661894,Pamela,Jennings,Dr. Pamela Jennings,Neurology,Carter and Sons,67244 Lane Walk,Port Lindseyburgh,CA,74320,676-238-0839x065,pamela.jennings@kaiserhealth.org,CA57737,TX,28-02-2028,30,TRUE,FALSE,20-06-2024
DOC100666,1004627765,QE5659202,Christina,Salazar,Dr. Christina Salazar,Pulmonology,"Nguyen, Hale and Robinson",72728 Ernest Ports,Port Paulstad,OH,85988,8497602667,christina.salazar@kaiserhealth.org,NY73818,PA,01-01-2031,14,TRUE,FALSE,15-12-2022
DOC100667,1389743260,AW5595501,Shawn,Martin,Dr. Shawn Martin,Hematology,"Torres, Rowland and Chapman",950 Sharp Parkways Suite 406,Chaneychester,CA,3345,(408)401-9290,shawn.martin@kaiserhealth.org,FL37664,TX,11-10-2030,26,TRUE,FALSE,26-02-2022
DOC100668,2868999360,QU8487045,Rebecca,Frank,Dr. Rebecca Frank,Oncology,Macias-Allen,4890 Glenn Estate,Susanbury,CA,27539,(702)735-1025,rebecca.frank@kaiserhealth.org,MI92187,NY,15-02-2031,35,TRUE,FALSE,31-12-2021
DOC100669,2799359374,KW0394640,Daniel,Dyer,Dr. Daniel Dyer,Gastroenterology,Hays Hospital,036 Neal Fords Apt. 332,Melissafurt,FL,21893,001-562-308-0598,daniel.dyer@kaiserhealth.org,CA39071,GA,13-01-2028,20,TRUE,FALSE,15-10-2023
DOC100670,2014886084,VX0793884,Karen,Davis,Dr. Karen Davis,Cardiology,"Brown, Deleon and Potter",9992 David Gardens Suite 631,Stevensshire,CA,49219,721-306-2941x937,karen.davis@kaiserhealth.org,OH83499,PA,27-12-2029,16,TRUE,FALSE,15-08-2022
DOC100671,1061537012,JF4462632,Henry,Griffin,Dr. Henry Griffin,Oncology,"Perez, Olson and Hall",64752 King Cove Apt. 096,South Lindseybury,NY,3967,2995284524,henry.griffin@kaiserhealth.org,IL50565,NC,15-03-2028,40,TRUE,FALSE,25-05-2022
DOC100672,1210314217,LD8878179,Bryan,Vazquez,Dr. Bryan Vazquez,Pulmonology,Gomez-Stewart,21914 Elizabeth Causeway Suite 797,West Steven,CA,17127,(442)221-8834x581,bryan.vazquez@kaiserhealth.org,PA22062,PA,12-10-2028,16,TRUE,FALSE,10-02-2026
DOC100673,1840911225,FS8375056,Timothy,Williams,Dr. Timothy Williams,Infectious Disease,Walters-Gallegos,32998 Gomez Knolls,East Matthewside,NY,87731,764-808-5858x8382,timothy.williams@kaiserhealth.org,NC62751,FL,08-07-2030,15,TRUE,FALSE,23-07-2025
DOC100674,2913787655,GB0730950,Derek,Kramer,Dr. Derek Kramer,Rheumatology,Singh Hospital,2925 Bradshaw Wall Suite 519,Jacksonburgh,PA,23125,(650)918-2562,derek.kramer@kaiserhealth.org,OH10974,PA,24-03-2028,34,TRUE,FALSE,12-03-2026
DOC100675,1988192778,TL1905348,Robert,Chapman,Dr. Robert Chapman,Oncology,Gilmore-Lucas,23414 Brooke Turnpike,New Jacquelinechester,IL,52198,(270)726-6045,robert.chapman@kaiserhealth.org,CA23968,CA,29-04-2029,24,TRUE,FALSE,23-02-2023
DOC100676,1462456185,CR4460045,Jacob,Woods,Dr. Jacob Woods,Endocrinology,Holland-Smith,101 John Track,New Christine,CA,18126,(247)811-9360,jacob.woods@kaiserhealth.org,TX78806,MI,03-08-2027,11,TRUE,FALSE,29-12-2025
DOC100677,1455129391,HB4488189,Douglas,Tucker,Dr. Douglas Tucker,Oncology,Flores Hospital,60762 Campbell Station Suite 009,Jeremyburgh,IL,26700,261-676-2313x361,douglas.tucker@kaiserhealth.org,NC96232,IL,12-09-2028,11,TRUE,FALSE,15-04-2022
DOC100678,1461540211,UA1707568,Tammie,Evans,Dr. Tammie Evans,Cardiology,Baldwin Group,4137 Steven Shoals Suite 857,Shannonton,IL,55812,001-734-794-2904x617,tammie.evans@kaiserhealth.org,TX87444,NC,03-12-2027,20,TRUE,FALSE,05-11-2025
DOC100679,1291073228,HP0849378,Andrea,Smith,Dr. Andrea Smith,Oncology,Huff Group,42024 Sean Grove,Christianfort,CA,22549,645.965.3869,andrea.smith@kaiserhealth.org,OH37657,MI,02-12-2029,29,TRUE,FALSE,02-08-2021
DOC100680,2526969443,VD6497016,Gabriel,Sawyer,Dr. Gabriel Sawyer,Oncology,"Wood, Perez and Wilkinson",8904 Thompson Path,Grossview,FL,8787,+1-800-695-3855x7421,gabriel.sawyer@kaiserhealth.org,IL26802,MI,29-06-2028,16,TRUE,FALSE,24-03-2024
DOC100681,1320330162,GJ1903106,Kimberly,Morrison,Dr. Kimberly Morrison,Cardiology,Perkins and Sons,146 Kevin Vista Suite 143,Wagnerhaven,PA,34831,837-906-6187x564,kimberly.morrison@kaiserhealth.org,FL68598,TX,21-01-2028,14,TRUE,FALSE,16-10-2024
DOC100682,1556684732,GN5337746,Kari,Powell,Dr. Kari Powell,Oncology,Richardson Hospital,589 Shawna Drive,Alvarezburgh,CA,76111,208-645-0786,kari.powell@kaiserhealth.org,CA66792,GA,01-07-2028,15,TRUE,FALSE,01-08-2024
DOC100683,1784361424,JF6078197,Robert,Khan,Dr. Robert Khan,Oncology,Rogers Medical Center,374 Vargas Gardens,North Randy,IL,84991,930.667.1822x266,robert.khan@kaiserhealth.org,FL68896,FL,18-10-2030,22,TRUE,FALSE,09-03-2022
DOC100684,2427372037,NH8821458,Christina,Wise,Dr. Christina Wise,Oncology,Romero-Hunter,85906 Walton Ports Suite 342,Archertown,NY,97742,850-949-2217x04861,christina.wise@kaiserhealth.org,IL96283,NC,16-08-2027,24,TRUE,FALSE,15-12-2024
DOC100685,1191344389,US2780205,Peter,Lopez,Dr. Peter Lopez,Gastroenterology,Farmer Group,073 Katie Pass,Lake Wandaside,OH,21438,818.626.5337x1708,peter.lopez@kaiserhealth.org,MI54734,CA,03-02-2030,35,TRUE,FALSE,23-09-2023
DOC100686,1464493699,UM1679335,George,Matthews,Dr. George Matthews,Oncology,Johnson Ltd,35490 Justin Trail,Colefurt,PA,78988,(619)458-7305,george.matthews@kaiserhealth.org,PA71785,FL,25-08-2028,39,TRUE,FALSE,20-06-2023
DOC100687,1680119236,BG7681187,Anna,Hunt,Dr. Anna Hunt,Endocrinology,Hopkins-Sanchez,217 Robert Parkway,South Cynthiaview,FL,87444,415.389.0164,anna.hunt@kaiserhealth.org,FL38635,PA,22-11-2028,11,TRUE,FALSE,04-07-2021
DOC100688,1961497315,HV1149830,James,Cole,Dr. James Cole,Oncology,Wilson Medical Center,4070 Anthony Roads,New Danielleland,IL,60041,(662)682-9682,james.cole@kaiserhealth.org,NC31893,CA,29-01-2031,36,TRUE,FALSE,22-12-2025
DOC100689,1651189394,AP5578201,Mark,Potts,Dr. Mark Potts,Nephrology,"Jefferson, Ellis and Black",274 Charles Plains Apt. 691,Garrisonburgh,CA,62399,(262)408-0820x3917,mark.potts@kaiserhealth.org,IL35237,TX,03-06-2031,15,TRUE,FALSE,28-01-2025
DOC100690,1233324707,HV2013546,James,Valenzuela,Dr. James Valenzuela,Oncology,Ramirez-Robinson,245 Yoder Common Apt. 042,Francisstad,NY,28674,(990)891-2375x30284,james.valenzuela@kaiserhealth.org,TX72092,OH,30-12-2030,5,TRUE,FALSE,29-12-2021
DOC100691,1826112312,PD6324888,John,Bennett,Dr. John Bennett,Oncology,Smith-Hull,65240 Kelly Square Suite 481,Clarkeview,MI,89586,9369488215,john.bennett@kaiserhealth.org,PA69382,TX,21-07-2028,39,TRUE,FALSE,24-11-2025
DOC100692,1762974549,GA3646871,Mike,Crosby,Dr. Mike Crosby,Nephrology,Jenkins-Duarte,60667 Campbell Cliffs,West Bonnie,NY,74811,422.204.2986x2269,mike.crosby@kaiserhealth.org,TX17050,FL,16-02-2029,39,FALSE,FALSE,15-01-2025
DOC100693,1876920828,HE3089813,Raymond,Levy,Dr. Raymond Levy,Gastroenterology,"Silva, Thompson and Stafford",992 Jason Terrace Suite 688,Mckinneymouth,NC,80574,(456)204-1348,raymond.levy@kaiserhealth.org,NY54448,NC,20-09-2029,39,TRUE,FALSE,20-08-2023
DOC100694,2582206732,HY1829716,Paula,Li,Dr. Paula Li,Gastroenterology,Murphy PLC,122 Smith Avenue,West Kennethmouth,CA,52785,(591)643-0491,paula.li@kaiserhealth.org,PA70410,TX,31-12-2027,22,FALSE,FALSE,20-08-2021
DOC100695,2000000152,WU1137178,James,Cain,Dr. James Cain,Rheumatology,Morris-Santana,09986 Wall Lights Suite 224,West Christineberg,CA,7790,823.453.0976x69194,james.cain@kaiserhealth.org,MI13387,TX,22-05-2031,27,TRUE,FALSE,30-04-2026
DOC100696,1844421829,XU8747812,Shelby,Wilcox,Dr. Shelby Wilcox,Endocrinology,"Morse, Werner and Johnson",8201 Hopkins Gardens Apt. 796,Garciahaven,IL,56942,001-957-624-0434,shelby.wilcox@kaiserhealth.org,NC91481,CA,04-01-2028,25,TRUE,FALSE,19-11-2022
DOC100697,1867009004,HN5515848,Louis,Brandt,Dr. Louis Brandt,Endocrinology,"Lee, Guerrero and Stewart",00777 Dawn Cliffs Suite 503,Millershire,OH,87433,(502)959-9919,louis.brandt@kaiserhealth.org,OH83793,NY,26-04-2028,20,TRUE,FALSE,13-04-2023
DOC100698,2835505429,NB8070633,Steve,Lee,Dr. Steve Lee,Infectious Disease,"White, Carter and Davies",4890 Snyder Burg Suite 862,West Valerie,CA,1174,001-976-551-9170x851,steve.lee@kaiserhealth.org,MI83172,GA,17-04-2030,27,TRUE,FALSE,29-11-2022
DOC100699,1982210401,NJ8188044,Michelle,Watkins,Dr. Michelle Watkins,Oncology,Adams Group,0918 Hicks Key,Amyland,NC,96041,001-215-974-4965x3916,michelle.watkins@kaiserhealth.org,GA75332,FL,27-12-2030,38,TRUE,FALSE,07-07-2025
DOC100700,1816432126,VX4289464,Aaron,Mitchell,Dr. Aaron Mitchell,Oncology,"Sanchez, Poole and Smith",4184 Virginia Gateway Apt. 218,Lake Jasonfurt,CA,52098,001-220-438-5886x40788,aaron.mitchell@kaiserhealth.org,FL65023,TX,28-02-2029,28,TRUE,FALSE,25-03-2024
DOC100701,2314417064,WN2554026,Eric,Wolfe,Dr. Eric Wolfe,Neurology,Arellano Group,693 Jennifer Junctions Suite 230,New Tricia,CA,39820,208-480-6708x987,eric.wolfe@kaiserhealth.org,PA81233,TX,02-09-2027,23,TRUE,FALSE,30-06-2022
DOC100702,1176464489,SS0315388,Carol,Gilbert,Dr. Carol Gilbert,Gastroenterology,"Combs, Short and Soto",11326 Garcia Isle Suite 858,West Frankfurt,TX,32085,(411)296-0472,carol.gilbert@kaiserhealth.org,IL53457,TX,30-10-2028,34,TRUE,FALSE,01-06-2023
DOC100703,1504043333,MG8495163,Caroline,Ruiz,Dr. Caroline Ruiz,Oncology,Alvarez Hospital,447 Michelle Springs Apt. 317,West Peterland,CA,81449,001-453-894-6766,caroline.ruiz@kaiserhealth.org,NY22396,MI,05-04-2028,34,TRUE,FALSE,10-08-2023
DOC100704,1809339137,GE6530601,Mark,Blake,Dr. Mark Blake,Cardiology,Livingston-Cox,61840 Nathaniel Via,Smithfurt,CA,68256,(205)406-3066x3605,mark.blake@kaiserhealth.org,NC75099,PA,09-08-2030,29,TRUE,FALSE,04-01-2026
DOC100705,2880023009,DL6182980,Paige,Miller,Dr. Paige Miller,Oncology,"Patterson, Monroe and Hanson",39091 Brian Streets,Lake Anthony,OH,48320,(909)745-2375,paige.miller@kaiserhealth.org,PA71901,GA,24-06-2028,21,TRUE,FALSE,13-06-2022
DOC100706,1609365952,BC4911894,Autumn,Holloway,Dr. Autumn Holloway,Cardiology,Williams-Hanson,27574 Scott Groves Apt. 054,Heathermouth,NC,30009,611.680.8189x65583,autumn.holloway@kaiserhealth.org,IL39601,FL,26-09-2030,30,TRUE,FALSE,20-04-2024
DOC100707,2092632239,VS2137455,Raymond,Sullivan,Dr. Raymond Sullivan,Oncology,Harper Ltd,17970 Lyons Light Apt. 361,Pittmanport,NY,71510,(707)704-7266x02351,raymond.sullivan@kaiserhealth.org,NY43442,CA,12-08-2027,23,TRUE,FALSE,05-02-2022
DOC100708,2050537666,BS1126003,Nicholas,Gonzalez,Dr. Nicholas Gonzalez,Oncology,Jones and Sons,7156 Michael Mill,West Davidview,NC,40113,233-895-4794,nicholas.gonzalez@kaiserhealth.org,FL57359,OH,14-08-2028,30,TRUE,FALSE,08-08-2024
DOC100709,1062715312,GJ5506882,Jason,Frazier,Dr. Jason Frazier,Infectious Disease,Benson-Archer,057 Ashley Street Apt. 898,Grahamport,MI,94676,(693)965-6183x3597,jason.frazier@kaiserhealth.org,NY73620,GA,07-03-2029,32,TRUE,FALSE,23-02-2026
DOC100710,1938440134,TA8735437,Stephanie,Brooks,Dr. Stephanie Brooks,Oncology,Williams-Lopez,771 Sanchez Avenue,New Jacobtown,NC,79599,(867)633-3297x323,stephanie.brooks@kaiserhealth.org,TX63406,CA,06-08-2028,18,TRUE,FALSE,01-11-2021
DOC100711,2910157090,SM9914492,Jacob,Castro,Dr. Jacob Castro,Oncology,Morris and Sons,6992 Martin Mountains Apt. 923,Deniseton,GA,18413,520.591.4016,jacob.castro@kaiserhealth.org,IL86401,TX,25-09-2030,30,TRUE,FALSE,26-12-2022
DOC100712,2996489971,SK2859693,Zachary,Carter,Dr. Zachary Carter,Endocrinology,Nixon Group,982 Lauren Orchard,Loriland,PA,43526,552-560-7569x991,zachary.carter@kaiserhealth.org,MI23493,IL,10-01-2028,6,TRUE,FALSE,29-09-2021
DOC100713,2993231234,EP6980690,Adam,Collier,Dr. Adam Collier,Gastroenterology,Rollins-Lewis,62277 Owens Ford,South Oliviahaven,GA,92230,7662470703,adam.collier@kaiserhealth.org,TX62165,NY,04-07-2028,34,TRUE,FALSE,17-09-2024
DOC100714,1723483893,LX9538280,Lauren,Rogers,Dr. Lauren Rogers,Pulmonology,Jackson-Gordon,41074 David Park Suite 067,Williamchester,CA,59934,(825)690-6200x36385,lauren.rogers@kaiserhealth.org,PA63408,NY,31-03-2029,14,FALSE,FALSE,05-02-2022
DOC100715,2508269582,PX4186965,Justin,West,Dr. Justin West,Infectious Disease,Larson-Brewer,83997 Wilkinson Rapid,West Carolhaven,NY,56501,4998550493,justin.west@kaiserhealth.org,FL11957,NC,17-10-2030,35,TRUE,FALSE,17-03-2025
DOC100716,1238595143,JN8239484,Kenneth,Anderson,Dr. Kenneth Anderson,Oncology,"Walker, Garza and Barry",12898 Donna Cove,Christinaside,CA,44991,440.501.2762,kenneth.anderson@kaiserhealth.org,TX72707,FL,20-12-2030,5,TRUE,FALSE,04-01-2026
DOC100717,2966101683,CC3950016,Jacqueline,Torres,Dr. Jacqueline Torres,Gastroenterology,Evans-Serrano,6787 Melanie Trail,East Jamie,CA,69426,+1-587-605-8416x8061,jacqueline.torres@kaiserhealth.org,MI94972,IL,11-12-2029,10,TRUE,FALSE,22-08-2024
DOC100718,1507628397,WP2053440,Richard,Mcdonald,Dr. Richard Mcdonald,Oncology,"Greene, Compton and Schmitt",58679 Bradley Underpass Suite 383,Port Christinemouth,CA,20707,361.808.0926,richard.mcdonald@kaiserhealth.org,GA88490,IL,14-03-2029,30,TRUE,FALSE,15-08-2022
DOC100719,2266292508,CR7602991,Adrian,Barnes,Dr. Adrian Barnes,Oncology,Santana-Oconnor,5786 Murphy Trace Suite 751,West Thomas,CA,36493,4006687586,adrian.barnes@kaiserhealth.org,OH78679,NC,27-05-2030,21,TRUE,FALSE,25-12-2021
DOC100720,1337312552,GM6178170,Michael,Perry,Dr. Michael Perry,Oncology,Scott-Rodriguez,4418 Fitzpatrick Avenue,Port Melanie,TX,26940,986.286.0835,michael.perry@kaiserhealth.org,NY20301,MI,08-08-2030,15,TRUE,FALSE,13-01-2022
DOC100721,1363852778,UM6133718,Shawn,Mullen,Dr. Shawn Mullen,Pulmonology,Lee-Macias,2386 Glenn Union Suite 089,North Tonya,CA,36936,001-913-449-0961x9797,shawn.mullen@kaiserhealth.org,IL87667,CA,26-01-2031,15,TRUE,FALSE,25-10-2023
DOC100722,2026480164,KB3734167,Matthew,Hernandez,Dr. Matthew Hernandez,Gastroenterology,Rodriguez-Cox,045 Steven Knoll Suite 748,New Marcbury,CA,75610,605-498-0260x294,matthew.hernandez@kaiserhealth.org,TX70713,GA,06-04-2030,37,TRUE,FALSE,14-11-2021
DOC100723,1102179821,WG4862985,Laurie,Montes,Dr. Laurie Montes,Oncology,Pruitt-Burke,8490 Lee Inlet,North Jeremy,MI,74362,001-377-874-8675x9514,laurie.montes@kaiserhealth.org,GA40653,OH,20-08-2030,19,TRUE,FALSE,08-10-2023
DOC100724,1182856053,UQ0798661,Victoria,Mcdaniel,Dr. Victoria Mcdaniel,Oncology,"Moore, Smith and Boyd",586 Rodriguez Manor,East Deborah,GA,29308,(960)858-6942,victoria.mcdaniel@kaiserhealth.org,CA62777,GA,23-01-2031,20,FALSE,FALSE,01-08-2025
DOC100725,1050682122,HW5521650,Kelly,Black,Dr. Kelly Black,Rheumatology,Sweeney Group,066 Megan Forest,West Christopherhaven,NC,12340,288.824.2655x946,kelly.black@kaiserhealth.org,GA23749,IL,11-06-2031,30,TRUE,FALSE,17-10-2022
DOC100726,1821925967,VB8984369,Joe,Stevens,Dr. Joe Stevens,Oncology,Robinson Group,9890 Nicole Forks,Sheltonshire,CA,7921,9659487084,joe.stevens@kaiserhealth.org,IL81660,CA,19-12-2029,15,TRUE,FALSE,29-03-2024
DOC100727,1509386948,KW2495988,Jacqueline,Jones,Dr. Jacqueline Jones,Oncology,Fisher-Edwards,818 Megan Summit,South Willie,NY,46735,001-715-879-0894,jacqueline.jones@kaiserhealth.org,IL55453,GA,17-03-2028,39,TRUE,FALSE,09-12-2024
DOC100728,1715238676,RG8209746,Margaret,Clark,Dr. Margaret Clark,Oncology,Pierce-Ramos,020 Ross Drive,New Raymond,MI,14758,(419)805-1881,margaret.clark@kaiserhealth.org,NY92289,GA,06-02-2031,36,TRUE,FALSE,01-05-2022
DOC100729,2682996872,EL8937085,William,Anderson,Dr. William Anderson,Gastroenterology,Banks Group,6901 Shawn Curve,South Kimberly,CA,77765,-4862,william.anderson@kaiserhealth.org,OH94351,TX,29-01-2030,20,TRUE,FALSE,10-05-2025
DOC100730,2056695790,AX1248255,Samantha,Sanchez,Dr. Samantha Sanchez,Pulmonology,Williams-Henry,968 Wendy Field Suite 570,Ramosville,CA,22889,+1-931-555-5057x05218,samantha.sanchez@kaiserhealth.org,TX78627,OH,10-09-2029,34,TRUE,FALSE,28-10-2023
DOC100731,1259423289,JN3389156,Jennifer,Ramirez,Dr. Jennifer Ramirez,Endocrinology,Collins PLC,14147 Denise Squares,Port Elijahbury,IL,85458,903-968-7156x89109,jennifer.ramirez@kaiserhealth.org,NY99714,PA,14-02-2030,16,TRUE,FALSE,16-04-2025
DOC100732,2725629269,HY3589513,Amanda,Russo,Dr. Amanda Russo,Gastroenterology,Hall Hospital,6844 Cherry Ports Suite 036,Mckaytown,NY,9203,(732)995-7378x31597,amanda.russo@kaiserhealth.org,NC61277,PA,02-07-2030,28,TRUE,FALSE,09-11-2022
DOC100733,2846850957,XK4303491,Carolyn,Warner,Dr. Carolyn Warner,Gastroenterology,Bates and Sons,683 Derrick Village,West Angieport,MI,84719,(733)624-1651,carolyn.warner@kaiserhealth.org,NY24836,GA,13-10-2029,35,TRUE,FALSE,07-08-2023
DOC100734,1859340153,NK1547155,Brandy,Robles,Dr. Brandy Robles,Neurology,Arroyo and Sons,6746 Jessica Key Suite 841,Adamsville,NY,56166,370-850-2218,brandy.robles@kaiserhealth.org,FL32742,PA,23-11-2029,18,TRUE,FALSE,10-03-2026
DOC100735,2813675009,JE1410527,Charles,Flowers,Dr. Charles Flowers,Infectious Disease,Vance-Garcia,7609 Roth Ford Suite 740,New Lisa,MI,16934,-1361,charles.flowers@kaiserhealth.org,NC25992,MI,03-07-2030,38,TRUE,FALSE,01-02-2023
DOC100736,1927045238,ST5622586,Darryl,Macdonald,Dr. Darryl Macdonald,Infectious Disease,Bennett-Stevens,6610 Wendy Summit Suite 342,East Lauraberg,CA,18017,+1-934-799-8013x76836,darryl.macdonald@kaiserhealth.org,PA86489,NC,13-02-2030,31,TRUE,FALSE,19-08-2021
DOC100737,2874422758,LX4859655,Clayton,Lin,Dr. Clayton Lin,Oncology,"Jones, Hernandez and Torres",44092 John Walks Suite 174,Velezchester,IL,40762,(860)518-6372,clayton.lin@kaiserhealth.org,TX75802,TX,12-10-2027,24,FALSE,FALSE,28-04-2026
DOC100738,1165020002,KM3931321,Brenda,Christensen,Dr. Brenda Christensen,Oncology,"Conway, James and Salazar",9227 Bennett Greens Apt. 490,East Saraside,PA,42886,8259513444,brenda.christensen@kaiserhealth.org,NY37308,CA,04-02-2028,25,TRUE,FALSE,12-01-2023
DOC100739,1836821444,SS9669972,Amanda,Herrera,Dr. Amanda Herrera,Hematology,"Smith, Harrison and Allen",45461 Parks Highway,East Michael,FL,15503,697-288-7953x120,amanda.herrera@kaiserhealth.org,OH68851,GA,22-12-2029,23,TRUE,FALSE,27-03-2024
DOC100740,1025825431,SG2812312,Justin,Alexander,Dr. Justin Alexander,Neurology,"Graham, Davis and Lee",001 Hanna Corner Suite 391,Christopherland,MI,33291,367.986.2107,justin.alexander@kaiserhealth.org,TX94560,CA,29-11-2027,24,TRUE,FALSE,17-11-2021
DOC100741,1601836472,GY8750827,Christina,Sullivan,Dr. Christina Sullivan,Infectious Disease,"Flores, Turner and Rivera",68026 John Valleys Apt. 542,North Richard,NC,7420,(730)428-6550,christina.sullivan@kaiserhealth.org,NY97183,GA,18-03-2028,16,TRUE,FALSE,12-12-2023
DOC100742,2775458472,NE9052918,Joyce,Davis,Dr. Joyce Davis,Hematology,Johnson Group,15145 Andrew Wall Suite 633,East Derek,OH,18409,400-253-9222x056,joyce.davis@kaiserhealth.org,NC41600,NY,26-11-2027,30,TRUE,FALSE,21-11-2021
DOC100743,1717217337,YG9920522,Melissa,Wilson,Dr. Melissa Wilson,Endocrinology,Scott Hospital,91332 White Lane,Port Jasonbury,MI,96568,+1-645-664-5234x286,melissa.wilson@kaiserhealth.org,MI90584,FL,01-02-2030,31,TRUE,FALSE,05-04-2025
DOC100744,1659143882,HF5539835,Ronnie,Smith,Dr. Ronnie Smith,Oncology,Silva-Jordan,2095 Samuel Motorway,Weberbury,IL,36772,+1-898-752-9735x61526,ronnie.smith@kaiserhealth.org,IL64771,NY,16-12-2030,36,TRUE,FALSE,28-04-2024
DOC100745,2732643095,JJ9791279,Anna,Jones,Dr. Anna Jones,Nephrology,Gallagher-Price,3809 Butler Cove,Thomasstad,GA,29228,869.752.4746,anna.jones@kaiserhealth.org,CA34483,MI,02-05-2030,16,TRUE,FALSE,24-06-2023
DOC100746,1053978713,RY5298832,Matthew,Hoffman,Dr. Matthew Hoffman,Endocrinology,"Norris, Howe and Martinez",324 Natalie Station Suite 792,Dakotafort,CA,11222,(676)838-3543,matthew.hoffman@kaiserhealth.org,NY27657,PA,30-10-2029,30,TRUE,FALSE,15-04-2024
DOC100747,1832004879,XQ8889753,Vincent,Patterson,Dr. Vincent Patterson,Rheumatology,"Lane, Gutierrez and Garcia",9793 Robert Knoll,Lake Stacey,NC,11419,968-537-1030,vincent.patterson@kaiserhealth.org,PA34203,FL,06-07-2029,39,TRUE,FALSE,10-08-2022
DOC100748,1030443619,UL1715239,Noah,Ruiz,Dr. Noah Ruiz,Cardiology,Hampton Medical Center,8967 Angela Dam,Dennisshire,CA,27764,821-446-3947,noah.ruiz@kaiserhealth.org,TX94267,MI,14-11-2028,15,TRUE,FALSE,10-11-2023
DOC100749,2014374830,VG0967139,Mary,Goodman,Dr. Mary Goodman,Hematology,"Martin, Kirby and Phillips",39172 Smith Locks Suite 811,Lake Robert,NY,50736,001-549-771-9670x683,mary.goodman@kaiserhealth.org,MI25095,TX,07-06-2028,30,TRUE,FALSE,09-06-2022
DOC100750,1213217672,BD9111661,Antonio,Blanchard,Dr. Antonio Blanchard,Oncology,Jackson PLC,63994 Kathleen Common,East Jesse,CA,36139,276.673.4814,antonio.blanchard@kaiserhealth.org,CA25854,MI,15-11-2027,7,TRUE,FALSE,08-01-2022
DOC100751,2873393049,GP6538027,Stephanie,Hancock,Dr. Stephanie Hancock,Pulmonology,Burke-Johnson,116 Theresa Prairie Apt. 004,North Edward,NC,74140,(561)668-0199x03421,stephanie.hancock@kaiserhealth.org,NY29612,IL,18-08-2029,16,TRUE,FALSE,17-04-2024
DOC100752,2086825095,EE9462093,Kevin,Green,Dr. Kevin Green,Oncology,Davies and Sons,16079 Todd Ramp Apt. 386,North Mariofort,PA,13461,001-917-213-2194x024,kevin.green@kaiserhealth.org,OH18653,CA,07-03-2028,18,TRUE,FALSE,03-12-2025
DOC100753,2297013712,JG6585856,Angela,Rios,Dr. Angela Rios,Pulmonology,Davis-Anderson,452 Peck Club Apt. 678,Travisport,TX,56691,391.838.1074,angela.rios@kaiserhealth.org,FL13544,IL,06-01-2028,9,TRUE,FALSE,29-05-2026
DOC100754,1027061592,RH8740299,Yolanda,Jackson,Dr. Yolanda Jackson,Oncology,"Hernandez, Bailey and Wiley",315 Martin Loop,Churchburgh,CA,51427,968-645-5252,yolanda.jackson@kaiserhealth.org,NY66521,OH,18-04-2031,6,TRUE,FALSE,18-02-2022
DOC100755,1248155420,HY4030109,Aaron,Schultz,Dr. Aaron Schultz,Rheumatology,Tucker-Stokes,899 Meyer Knolls Suite 694,North Anthony,OH,14390,001-656-475-6355,aaron.schultz@kaiserhealth.org,GA83980,GA,13-02-2031,28,TRUE,FALSE,23-01-2023
DOC100756,2915795546,FH4712476,Shane,Ramsey,Dr. Shane Ramsey,Oncology,Moore-Powell,5046 Thomas Shore Apt. 144,Port Jeffreyfurt,NY,67248,+1-262-640-8710x0668,shane.ramsey@kaiserhealth.org,CA82737,CA,01-12-2030,12,TRUE,FALSE,07-05-2022
DOC100757,1030683176,JC7268080,Todd,Herrera,Dr. Todd Herrera,Gastroenterology,Ruiz and Sons,115 Donald Divide,East Gregory,NY,20820,608-247-5283x5999,todd.herrera@kaiserhealth.org,PA68688,NY,03-07-2027,14,TRUE,FALSE,25-10-2023
DOC100758,1507138067,DH0735104,Christopher,Barber,Dr. Christopher Barber,Rheumatology,"Adams, Jacobs and Wilson",13505 Lucas Tunnel Suite 228,Port Adrian,NC,57737,215-378-0978x3028,christopher.barber@kaiserhealth.org,IL74491,IL,06-08-2027,17,TRUE,FALSE,18-01-2024
DOC100759,1130096258,SX5766947,Curtis,Roberts,Dr. Curtis Roberts,Oncology,"Harding, Sanchez and Jones",81447 Marsh Heights Apt. 802,Lake Williamside,FL,80486,906.335.7803,curtis.roberts@kaiserhealth.org,NY83565,CA,03-05-2030,26,TRUE,FALSE,26-09-2022
DOC100760,1962746662,CM9183270,Connor,Holloway,Dr. Connor Holloway,Oncology,"Swanson, Higgins and King",699 Luis Isle,Susanfort,CA,49270,001-894-808-4290,connor.holloway@kaiserhealth.org,IL62819,OH,26-11-2029,32,TRUE,FALSE,28-11-2021
DOC100761,2901107977,DJ0049388,Hannah,Howard,Dr. Hannah Howard,Cardiology,Meyer PLC,61065 Stevens Fort Suite 457,North Raymondberg,MI,58717,(613)568-1498x02530,hannah.howard@kaiserhealth.org,IL85257,CA,13-07-2029,25,TRUE,FALSE,18-11-2024
DOC100762,1520499809,KW9769873,Christina,Martin,Dr. Christina Martin,Cardiology,"Sweeney, Phillips and Turner",50842 Julie Glen Apt. 348,Port Anthonyland,FL,60056,001-724-715-5369x158,christina.martin@kaiserhealth.org,GA87374,GA,12-06-2029,12,TRUE,FALSE,22-11-2023
DOC100763,2984166123,RK0779433,Meghan,Richards,Dr. Meghan Richards,Oncology,Cruz Group,24257 John Track Apt. 329,Emmaport,PA,47534,(231)658-2863,meghan.richards@kaiserhealth.org,OH33988,FL,01-08-2027,37,TRUE,FALSE,07-09-2022
DOC100764,2991970142,PX2037087,Cassie,Long,Dr. Cassie Long,Gastroenterology,"Williamson, Davis and Moore",2922 Kevin Lodge Suite 821,Gabrielleshire,CA,23581,(569)437-0632x5031,cassie.long@kaiserhealth.org,NY21668,OH,15-08-2029,8,TRUE,FALSE,17-11-2021
DOC100765,1418135998,VS9721170,Kevin,Deleon,Dr. Kevin Deleon,Gastroenterology,Smith-Hernandez,90193 Jason River Apt. 797,New Bryanton,NC,85190,7298561622,kevin.deleon@kaiserhealth.org,MI47980,NC,16-07-2030,6,TRUE,FALSE,19-11-2023
DOC100766,1864482217,MS8397857,Holly,Brown,Dr. Holly Brown,Oncology,"Richardson, Booker and Parker",923 Justin Tunnel Suite 323,South Debramouth,NC,61511,-5912,holly.brown@kaiserhealth.org,TX18089,CA,28-10-2030,21,TRUE,FALSE,02-07-2022
DOC100767,2757123691,KV6112879,Christina,Landry,Dr. Christina Landry,Oncology,Gonzalez-Mendez,77666 Brown Fall,Wongchester,TX,9269,(209)828-1578,christina.landry@kaiserhealth.org,MI97872,OH,24-04-2030,40,FALSE,FALSE,15-02-2022
DOC100768,1769704095,HY1419615,Laura,Weber,Dr. Laura Weber,Oncology,Anderson Medical Center,7870 Soto Neck,Harrisbury,CA,18259,(437)818-5921,laura.weber@kaiserhealth.org,GA82331,FL,23-12-2030,16,TRUE,FALSE,21-11-2025
DOC100769,1565179624,WB9649668,Jennifer,Holland,Dr. Jennifer Holland,Neurology,Gutierrez-Buck,42943 Billy Summit,South Maria,IL,32699,001-889-723-1324,jennifer.holland@kaiserhealth.org,MI66270,CA,17-01-2030,22,TRUE,FALSE,07-10-2025
DOC100770,2217028516,EF5936488,Melissa,James,Dr. Melissa James,Endocrinology,Martinez Group,78376 Hudson Junctions Apt. 820,North Kimberlytown,CA,51335,(926)464-2673x512,melissa.james@kaiserhealth.org,NC85218,FL,07-09-2028,22,TRUE,FALSE,07-03-2024
DOC100771,1906246728,QV9160911,Sherry,Walker,Dr. Sherry Walker,Pulmonology,Burns Hospital,6976 Rice Pass Suite 962,West Lisa,NY,76228,851-704-6250x6929,sherry.walker@kaiserhealth.org,FL24804,MI,15-02-2029,20,TRUE,FALSE,13-01-2026
DOC100772,1361337605,FH0458816,Sarah,Trevino,Dr. Sarah Trevino,Oncology,Cardenas Medical Center,76729 Jodi Squares Apt. 979,West Gail,CA,35797,(412)491-4650,sarah.trevino@kaiserhealth.org,TX57227,IL,05-11-2030,24,TRUE,FALSE,28-02-2023
DOC100773,2191650344,AU6617718,Kelly,Snyder,Dr. Kelly Snyder,Endocrinology,"Riggs, Norris and Bond",5797 Nathaniel Way,Helenton,IL,60657,4335982147,kelly.snyder@kaiserhealth.org,MI80548,MI,25-04-2028,39,TRUE,FALSE,11-04-2025
DOC100774,1678214174,PS1359266,Deanna,Gilmore,Dr. Deanna Gilmore,Oncology,"Brown, Bradley and Warner",67670 Gonzalez Roads Apt. 286,North Daniel,NC,18630,(600)584-8426,deanna.gilmore@kaiserhealth.org,OH90801,NC,13-05-2028,20,TRUE,FALSE,21-04-2023
DOC100775,2987486941,LL9450119,Rodney,Hayes,Dr. Rodney Hayes,Endocrinology,"James, Arroyo and Hicks",1360 Bowman Glen Suite 692,New Triciachester,CA,37192,001-501-732-4951,rodney.hayes@kaiserhealth.org,TX17679,GA,16-09-2027,28,TRUE,FALSE,02-07-2021
DOC100776,2051171603,VT8636536,Chris,Nolan,Dr. Chris Nolan,Endocrinology,Myers-Alvarez,038 Justin Route,North Juanview,NY,32219,556-368-5135,chris.nolan@kaiserhealth.org,NC85925,IL,30-08-2028,25,TRUE,FALSE,16-11-2025
DOC100777,1670009942,KS9420466,Debbie,Woods,Dr. Debbie Woods,Oncology,Flores-Wagner,90168 James Mission,South Marymouth,NC,72448,501-990-2716x988,debbie.woods@kaiserhealth.org,MI67004,OH,25-06-2030,36,TRUE,FALSE,15-05-2022
DOC100778,2642045657,QL8097453,Ryan,Rodriguez,Dr. Ryan Rodriguez,Neurology,"Reilly, Coleman and Lindsey",19976 Kelly Street Apt. 326,South Mollymouth,NC,4182,483-753-4581x95657,ryan.rodriguez@kaiserhealth.org,MI13786,OH,18-07-2028,13,TRUE,FALSE,06-08-2024
DOC100779,2466226540,DN5995300,Stephanie,Archer,Dr. Stephanie Archer,Oncology,"Douglas, Townsend and Hicks",66217 Rogers Cape Apt. 584,Pattersonfort,TX,79767,903.402.8532,stephanie.archer@kaiserhealth.org,TX25520,TX,14-07-2029,14,TRUE,FALSE,05-10-2024
DOC100780,2677462591,NA1124115,Russell,Castro,Dr. Russell Castro,Gastroenterology,"Walker, Stewart and Little",52854 Rodriguez Garden,Port Amyborough,IL,1504,-9298,russell.castro@kaiserhealth.org,NC77773,OH,28-06-2029,8,TRUE,FALSE,16-05-2025
DOC100781,1179867782,GC2995704,Samantha,Clements,Dr. Samantha Clements,Hematology,Martinez PLC,52786 Aaron Rapids Apt. 071,North Brandon,TX,19055,001-942-334-4730x577,samantha.clements@kaiserhealth.org,OH44487,TX,19-09-2030,32,TRUE,FALSE,16-02-2025
DOC100782,1203843753,PM9680785,Sarah,Byrd,Dr. Sarah Byrd,Endocrinology,"Mccoy, Rodriguez and Diaz",6676 Williams Ridge Suite 833,Kimberlytown,PA,2790,+1-452-424-2653x793,sarah.byrd@kaiserhealth.org,IL77378,TX,22-01-2031,24,TRUE,FALSE,31-03-2022
DOC100783,1854540064,KW5475231,Bethany,Wolf,Dr. Bethany Wolf,Oncology,Riggs Ltd,0547 Robert Track,West Trevorshire,TX,15481,250-210-1626,bethany.wolf@kaiserhealth.org,FL30206,GA,21-08-2029,23,TRUE,FALSE,09-10-2021
DOC100784,2917763342,RF0388621,Dennis,Bailey,Dr. Dennis Bailey,Oncology,"Robbins, Caldwell and Kirk",783 Lucas Parkways Apt. 571,North Justin,CA,53312,591.346.3866x4320,dennis.bailey@kaiserhealth.org,CA95859,NC,07-08-2029,8,TRUE,FALSE,03-09-2022
DOC100785,1963045306,VH5882493,Lisa,Russell,Dr. Lisa Russell,Rheumatology,Thomas-Stone,8549 Vanessa Parks Apt. 400,Lake Nicoleberg,FL,3226,-7024,lisa.russell@kaiserhealth.org,IL11548,CA,07-09-2028,11,TRUE,FALSE,08-04-2023
DOC100786,2778481652,JJ4544608,Madison,Simpson,Dr. Madison Simpson,Oncology,Morales Ltd,033 Roach Vista,South Carmen,NC,26816,5103009089,madison.simpson@kaiserhealth.org,PA18645,GA,06-11-2029,18,TRUE,FALSE,07-04-2025
DOC100787,1053912878,SX4869996,Adriana,Acosta,Dr. Adriana Acosta,Nephrology,Nash-Schmidt,83541 Stephens Rapid,New Felicia,NC,81980,001-230-343-7661x3662,adriana.acosta@kaiserhealth.org,NC30316,MI,03-02-2028,8,TRUE,FALSE,29-08-2022
DOC100788,2792714724,NH0198642,Emily,Patterson,Dr. Emily Patterson,Pulmonology,Bailey PLC,4705 Charles Village Apt. 058,Lake Kimberly,TX,32549,6964739798,emily.patterson@kaiserhealth.org,FL82973,FL,25-11-2027,33,TRUE,FALSE,28-03-2026
DOC100789,1391218706,FU3288098,Brenda,Martinez,Dr. Brenda Martinez,Oncology,Taylor-Henderson,6501 Burnett Meadow,Vaughnville,TX,67228,276.328.8363x6885,brenda.martinez@kaiserhealth.org,TX25876,CA,06-08-2030,12,TRUE,FALSE,12-11-2024
DOC100790,1200186766,DB0898761,Natasha,Casey,Dr. Natasha Casey,Oncology,Stevens Group,226 Graham Passage,New Hollyborough,CA,59161,+1-661-565-2289x8907,natasha.casey@kaiserhealth.org,NY48728,FL,07-12-2030,28,TRUE,FALSE,13-03-2024
DOC100791,1403845319,SB7468235,Ariana,Rodriguez,Dr. Ariana Rodriguez,Pulmonology,Peterson-Woods,65976 Johnson Villages Apt. 858,West Anthonyland,OH,93638,717-816-5789x3912,ariana.rodriguez@kaiserhealth.org,MI51470,NY,27-12-2028,7,TRUE,FALSE,14-04-2022
DOC100792,1762054596,QC5006666,Amanda,Alexander,Dr. Amanda Alexander,Pulmonology,"Wilson, Rowland and Fox",50092 Nelson Squares,New Stacie,NY,74055,757.203.0293x0112,amanda.alexander@kaiserhealth.org,NY11709,OH,08-10-2027,28,TRUE,FALSE,22-10-2025
DOC100793,1134078516,VU4970890,Peter,Garrett,Dr. Peter Garrett,Rheumatology,Hill-Duncan,9522 Jeremy Field,Jacobsville,NC,83599,-1755,peter.garrett@kaiserhealth.org,FL66347,OH,02-11-2030,40,TRUE,FALSE,18-12-2022
DOC100794,1689996269,QA8386888,Rebecca,Curtis,Dr. Rebecca Curtis,Nephrology,Taylor-Miles,3740 Simpson Tunnel Apt. 446,Rachelfort,CA,34017,5686735445,rebecca.curtis@kaiserhealth.org,GA79355,GA,25-11-2028,9,TRUE,FALSE,19-01-2022
DOC100795,2962571976,AY9320126,Juan,Rios,Dr. Juan Rios,Rheumatology,"Hester, Bates and Barnes",483 Hoffman Walks,Lake Shelby,GA,46792,+1-486-226-7366x4853,juan.rios@kaiserhealth.org,NC85669,NC,27-02-2031,16,TRUE,FALSE,31-05-2025
DOC100796,2180952175,LS5177741,Thomas,Warren,Dr. Thomas Warren,Oncology,Glass PLC,26983 Turner Well Suite 958,West Andrewport,GA,42329,4502928467,thomas.warren@kaiserhealth.org,IL60475,MI,18-09-2027,16,TRUE,FALSE,22-05-2025
DOC100797,1882419962,PJ2229758,James,Jackson,Dr. James Jackson,Nephrology,"Blake, Bradley and Terry",72954 Estrada Spur Apt. 380,South Devinside,NY,46528,350-620-4502,james.jackson@kaiserhealth.org,GA16998,IL,21-05-2028,28,TRUE,FALSE,31-05-2024
DOC100798,1185457056,SE0922570,Jeremy,Brown,Dr. Jeremy Brown,Nephrology,Carlson-Ingram,79531 Daniel Garden,Barbaraview,CA,22372,(752)974-2866x2510,jeremy.brown@kaiserhealth.org,CA18305,OH,12-06-2028,19,FALSE,FALSE,28-12-2025
DOC100799,2640723247,FS2895400,James,Espinoza,Dr. James Espinoza,Oncology,Bailey-Peterson,6091 Mario Common,Wadeport,GA,45592,(953)570-6272x816,james.espinoza@kaiserhealth.org,NC95452,NC,19-07-2028,16,TRUE,FALSE,04-04-2025
DOC100800,2731261685,AR1058011,John,Davis,Dr. John Davis,Oncology,Singleton Ltd,5626 Andrade Extensions Suite 084,New Theresamouth,PA,51914,(809)590-6931,john.davis@kaiserhealth.org,CA90008,TX,01-08-2027,34,TRUE,FALSE,29-06-2023
DOC100801,1152610537,BU2300716,Sandra,Harper,Dr. Sandra Harper,Oncology,Graham Group,5059 Samantha Crossroad,Alexanderville,CA,23208,001-234-438-8804x85142,sandra.harper@kaiserhealth.org,CA10603,GA,24-01-2029,21,FALSE,FALSE,22-07-2023
DOC100802,1894854329,SQ6989365,Richard,Diaz,Dr. Richard Diaz,Oncology,"Thomas, Thompson and Bowen",42755 Gray Ferry,North Jenniferport,MI,77895,8447318343,richard.diaz@kaiserhealth.org,IL46572,GA,14-06-2028,12,TRUE,FALSE,19-03-2022
DOC100803,1982734813,CB4502589,Olivia,Jennings,Dr. Olivia Jennings,Infectious Disease,Beck PLC,1150 Thomas Prairie Apt. 792,Bergermouth,FL,8919,532.481.6291x087,olivia.jennings@kaiserhealth.org,TX19007,GA,29-02-2028,23,TRUE,FALSE,30-04-2022
DOC100804,2748352680,NJ8606739,Brittney,Sanchez,Dr. Brittney Sanchez,Gastroenterology,"Yoder, Buchanan and Ramos",7105 Annette Springs Suite 707,Michaelland,FL,49411,404.845.0020,brittney.sanchez@kaiserhealth.org,IL49265,NC,27-08-2030,37,TRUE,FALSE,03-12-2025
DOC100805,2253646280,LL0774065,John,Snyder,Dr. John Snyder,Oncology,"Johnson, Lewis and Bentley",29586 Juarez Causeway Apt. 040,West Ricky,MI,90911,354.518.2368x810,john.snyder@kaiserhealth.org,PA56194,NY,10-01-2031,28,FALSE,FALSE,03-03-2026
DOC100806,1392090855,DB7409131,Elizabeth,Griffin,Dr. Elizabeth Griffin,Cardiology,Williams Hospital,34601 Moore Alley,East Amandaside,NY,22659,(832)208-3168x163,elizabeth.griffin@kaiserhealth.org,GA76520,OH,04-07-2028,11,TRUE,FALSE,24-01-2026
DOC100807,1254760220,NY9535412,Annette,Contreras,Dr. Annette Contreras,Oncology,Wong Ltd,69078 Wong Meadow Suite 200,West Davidview,NY,92087,001-210-770-7163x485,annette.contreras@kaiserhealth.org,TX33886,GA,09-12-2027,25,TRUE,FALSE,11-01-2023
DOC100808,2002601515,GF5947950,Jay,Smith,Dr. Jay Smith,Hematology,Miller-Rodriguez,445 Donovan Manor,Thomasfurt,IL,45605,861-492-7671x37718,jay.smith@kaiserhealth.org,CA74528,NY,04-02-2031,33,TRUE,FALSE,11-02-2025
DOC100809,1798059503,XC0064934,John,Gomez,Dr. John Gomez,Oncology,Taylor Group,8305 Snyder Mount Apt. 388,Burgesston,CA,22242,001-523-546-1446x6276,john.gomez@kaiserhealth.org,MI25534,CA,02-07-2027,22,TRUE,FALSE,08-01-2024
DOC100810,1360894118,KW9135992,Stephanie,Rodriguez,Dr. Stephanie Rodriguez,Oncology,Butler-Davis,15248 Daniel Locks Suite 364,Johnsonview,PA,51396,268-296-9870x36883,stephanie.rodriguez@kaiserhealth.org,PA41933,PA,05-09-2028,26,TRUE,FALSE,05-02-2026
DOC100811,2610067990,WA6968018,Jeffrey,Vega,Dr. Jeffrey Vega,Infectious Disease,"Perez, Daniel and Vaughn",9229 Donna Expressway,Donovanfurt,GA,43732,+1-934-410-4062x911,jeffrey.vega@kaiserhealth.org,GA44441,CA,16-01-2028,20,FALSE,FALSE,11-11-2025
DOC100812,2233944953,AA6776255,Eric,Castillo,Dr. Eric Castillo,Oncology,"Lee, Miller and Wilson",075 Fox Stream Suite 974,Weberton,CA,41883,(721)871-1486,eric.castillo@kaiserhealth.org,TX92953,PA,03-01-2029,5,TRUE,FALSE,21-11-2025
DOC100813,1654262417,TJ2902923,Joan,Tran,Dr. Joan Tran,Oncology,"Alvarado, Cooley and Vance",1735 Hensley Court,Gonzalezville,IL,22542,+1-875-557-2616x949,joan.tran@kaiserhealth.org,PA22484,NY,28-07-2029,5,TRUE,FALSE,06-04-2026
DOC100814,1906053088,PS4302116,William,Davis,Dr. William Davis,Oncology,Fox Ltd,8201 Dawn Bridge,Jonesfort,GA,46121,321.963.3613,william.davis@kaiserhealth.org,FL27836,MI,08-02-2030,5,TRUE,FALSE,22-12-2025
DOC100815,2759887592,CF9964260,Mark,Lane,Dr. Mark Lane,Oncology,Collins PLC,72954 Black Isle,West Heather,FL,31226,+1-399-981-2743x92255,mark.lane@kaiserhealth.org,OH97954,TX,08-12-2030,5,TRUE,FALSE,24-10-2023
DOC100816,1755821477,AY9207115,Chad,Greene,Dr. Chad Greene,Oncology,"Lopez, Grant and Humphrey",6212 Richard Camp Apt. 863,Michaelville,FL,27752,001-984-853-1563x0930,chad.greene@kaiserhealth.org,NC10802,TX,17-09-2029,17,TRUE,FALSE,14-05-2024
DOC100817,1192158189,RA5916118,Kimberly,Howell,Dr. Kimberly Howell,Infectious Disease,"Matthews, Dominguez and Torres",40899 Jacqueline Mount Suite 351,Moralesland,FL,9222,439.373.6707,kimberly.howell@kaiserhealth.org,NC58683,PA,13-07-2029,40,TRUE,FALSE,03-06-2023
DOC100818,2977216880,YB5378931,Jasmine,Villegas,Dr. Jasmine Villegas,Gastroenterology,"Gillespie, Torres and Santos",419 Lisa Circle,Nunezbury,CA,24726,001-636-654-0181x4442,jasmine.villegas@kaiserhealth.org,MI30260,NC,27-02-2028,35,TRUE,FALSE,03-10-2021
DOC100819,2540182272,AB2839482,Eric,Ramirez,Dr. Eric Ramirez,Neurology,Smith-Burke,5118 Sandoval Junction Suite 409,Dakotafort,TX,46579,698.491.3705,eric.ramirez@kaiserhealth.org,TX17754,IL,09-10-2028,10,TRUE,FALSE,04-04-2024
DOC100820,2432811659,VY3020203,Veronica,Cohen,Dr. Veronica Cohen,Oncology,"Brown, Blankenship and White",103 Reyes Ridges,Howardshire,IL,78309,(802)437-6669,veronica.cohen@kaiserhealth.org,TX38707,TX,17-10-2030,13,TRUE,FALSE,03-12-2022
DOC100821,2521353028,CP5064630,Ashley,Hall,Dr. Ashley Hall,Oncology,"Reyes, Carroll and Davis",839 Mary Underpass,Port Laura,CA,17123,524-606-6283x463,ashley.hall@kaiserhealth.org,MI40252,GA,13-05-2030,34,TRUE,FALSE,23-11-2025
DOC100822,2919832102,VC6174690,Amber,Hall,Dr. Amber Hall,Endocrinology,Scott Group,86694 William Trail Suite 424,Lake Anna,MI,50795,+1-728-455-0743x509,amber.hall@kaiserhealth.org,NC38595,NY,22-09-2030,6,TRUE,FALSE,03-04-2026
DOC100823,2196622913,DP7080568,Cynthia,Boyle,Dr. Cynthia Boyle,Rheumatology,"Hinton, Lynch and Suarez",039 Roman Rapids Suite 453,Carolynfort,OH,53566,404-971-8830x09954,cynthia.boyle@kaiserhealth.org,OH70359,CA,25-05-2028,29,TRUE,FALSE,31-10-2023
DOC100824,2219865504,UK4407663,Valerie,Stevenson,Dr. Valerie Stevenson,Oncology,"Newman, Estrada and Black",7989 Bryant Lodge Apt. 706,North Meghanmouth,MI,11253,903-784-7156,valerie.stevenson@kaiserhealth.org,FL39454,MI,11-04-2029,31,TRUE,FALSE,03-03-2025
DOC100825,2962732262,PD1424362,Jessica,Smith,Dr. Jessica Smith,Rheumatology,Jones-Luna,16744 James Square Apt. 596,Andrewview,NC,42995,001-805-366-9375x40242,jessica.smith@kaiserhealth.org,PA44937,TX,02-07-2029,11,TRUE,FALSE,23-01-2026
DOC100826,1879919623,KY1996433,Briana,Lam,Dr. Briana Lam,Gastroenterology,Martinez-Haley,0385 Patterson Extensions,Baxterport,PA,67893,263-884-9368,briana.lam@kaiserhealth.org,FL27560,IL,30-04-2028,34,FALSE,FALSE,29-03-2024
DOC100827,1505833343,BY3115876,William,Walker,Dr. William Walker,Oncology,"Larsen, Johnson and Miller",8969 Miller Valley,North Katherine,PA,84741,452.277.5867x03656,william.walker@kaiserhealth.org,IL58469,GA,27-04-2028,29,FALSE,FALSE,01-02-2025
DOC100828,2757694535,HP5974669,Jason,Torres,Dr. Jason Torres,Gastroenterology,Lewis-Larson,963 Daniel Cliffs Apt. 335,Frazierland,OH,62993,001-407-831-7445x776,jason.torres@kaiserhealth.org,NY66479,FL,13-04-2031,22,TRUE,FALSE,26-08-2022
DOC100829,1545080959,KS1526925,Paul,Hahn,Dr. Paul Hahn,Rheumatology,Medina-Horton,4759 Sutton Run Apt. 485,New Michael,MI,25438,274.603.7676x874,paul.hahn@kaiserhealth.org,OH62045,IL,16-03-2031,33,TRUE,FALSE,09-10-2022
DOC100830,1074235914,FN1404893,Andrew,Delacruz,Dr. Andrew Delacruz,Neurology,Mcdonald-Miller,3411 Webster Trafficway Apt. 309,Port Antonioton,TX,75339,506-756-5823x445,andrew.delacruz@kaiserhealth.org,OH25249,IL,13-04-2030,25,TRUE,FALSE,02-02-2025
DOC100831,1079637310,AT1785221,Michael,Peterson,Dr. Michael Peterson,Cardiology,Mcintyre Ltd,6000 Owens Walk,North Brianbury,PA,40827,001-856-711-9989,michael.peterson@kaiserhealth.org,NC68541,NY,02-11-2027,40,TRUE,FALSE,26-03-2022
DOC100832,1354268744,XW7017320,Amy,Vega,Dr. Amy Vega,Gastroenterology,Shaw-Curry,6614 Ruiz Manors Apt. 868,Caldwellview,CA,94944,896.766.8290x525,amy.vega@kaiserhealth.org,PA29344,FL,18-01-2030,33,TRUE,FALSE,25-06-2026
DOC100833,1966563370,DJ0052781,Nicholas,Rose,Dr. Nicholas Rose,Oncology,"Jones, Higgins and Miles",29276 Wyatt Island,Marybury,CA,82177,-4933,nicholas.rose@kaiserhealth.org,PA95075,NC,04-10-2029,7,TRUE,FALSE,19-10-2024
DOC100834,1722142573,DP0943913,Nicholas,Parker,Dr. Nicholas Parker,Infectious Disease,Hayes-Sanchez,7852 Gibson Way,Mariatown,NC,25139,894-841-0238x73518,nicholas.parker@kaiserhealth.org,NY74798,TX,24-10-2028,7,TRUE,FALSE,20-09-2025
DOC100835,1695528620,VW2973525,Timothy,Davis,Dr. Timothy Davis,Nephrology,Montes Hospital,302 Palmer Flat,Rachelchester,PA,42218,-10105,timothy.davis@kaiserhealth.org,FL40753,TX,01-11-2029,15,TRUE,FALSE,13-04-2024
DOC100836,2393899204,MR3532366,Matthew,Dean,Dr. Matthew Dean,Cardiology,"Brown, Ray and Torres",86558 Nicholas Key,East Amanda,NC,13228,001-534-389-1800,matthew.dean@kaiserhealth.org,PA14555,GA,24-12-2030,30,TRUE,FALSE,10-09-2023
DOC100837,1870826971,SF3601071,Michelle,Lopez,Dr. Michelle Lopez,Endocrinology,Padilla and Sons,19597 Tiffany Vista Apt. 912,New Leonardfort,OH,25823,211-346-1331x5553,michelle.lopez@kaiserhealth.org,NY56428,NC,10-11-2028,19,TRUE,FALSE,25-05-2023
DOC100838,1176484673,LQ4223322,Benjamin,Brown,Dr. Benjamin Brown,Endocrinology,Phillips-Cole,109 Ward Plaza,Elizabethmouth,NC,42413,366.434.5418x299,benjamin.brown@kaiserhealth.org,CA93196,NY,23-03-2029,23,TRUE,FALSE,07-10-2023
DOC100839,1589222560,NF9535063,Matthew,Brown,Dr. Matthew Brown,Hematology,Cohen-Donovan,61669 Andre Terrace,East Elizabeth,FL,18064,001-416-882-6822x1756,matthew.brown@kaiserhealth.org,NY94902,NY,19-01-2031,39,TRUE,FALSE,01-05-2026
DOC100840,2741307538,KD8520136,Kimberly,Blevins,Dr. Kimberly Blevins,Endocrinology,Rice Ltd,9100 Carroll Dam Suite 722,Williamsborough,CA,21197,(400)674-8597,kimberly.blevins@kaiserhealth.org,CA76678,IL,02-12-2030,30,TRUE,FALSE,14-02-2023
DOC100841,2561547055,JU1215164,Angela,Crosby,Dr. Angela Crosby,Oncology,Bishop Medical Center,2058 Jasmine Drive Suite 060,Andreaburgh,NY,24346,206-654-7476x950,angela.crosby@kaiserhealth.org,MI98241,PA,14-03-2031,26,TRUE,FALSE,16-03-2022
DOC100842,1919693957,TR5207020,Cynthia,Stanton,Dr. Cynthia Stanton,Oncology,"Wagner, Graham and Mccarty",01655 Trujillo Forges Suite 888,Lunafurt,CA,46060,(399)531-3606x22901,cynthia.stanton@kaiserhealth.org,OH30748,CA,10-11-2029,9,TRUE,FALSE,29-09-2024
DOC100843,2121241393,YP9678976,Albert,Ramirez,Dr. Albert Ramirez,Oncology,"Hill, Mullins and Orr",903 Jared Crossing,Melodyhaven,MI,77422,001-253-782-9441x91479,albert.ramirez@kaiserhealth.org,NC72202,FL,27-06-2028,9,TRUE,FALSE,10-02-2024
DOC100844,2731922760,QL9889786,Scott,Castro,Dr. Scott Castro,Rheumatology,"Howard, Davis and Moss",09532 Snyder Valley Suite 886,Davenportmouth,CA,50308,001-329-525-8228x280,scott.castro@kaiserhealth.org,FL92701,MI,25-02-2028,24,TRUE,FALSE,01-08-2023
DOC100845,1654308952,HD2021915,Nathaniel,Williams,Dr. Nathaniel Williams,Oncology,"Palmer, Simmons and Luna",6780 Ramirez Unions Apt. 744,Mariahfort,PA,44373,(713)453-1755,nathaniel.williams@kaiserhealth.org,GA59563,IL,05-06-2031,23,TRUE,FALSE,09-10-2025
DOC100846,2470002687,NK4867649,Holly,Freeman,Dr. Holly Freeman,Oncology,"Erickson, Sanford and Miller",486 Roy Islands,Port Kaitlinville,CA,81385,+1-776-845-3496x551,holly.freeman@kaiserhealth.org,GA50568,NY,25-10-2028,31,TRUE,FALSE,11-06-2022
DOC100847,2560450063,ML3730964,Cheryl,Alexander,Dr. Cheryl Alexander,Nephrology,"Simmons, Mcconnell and Smith",358 Bruce Creek,Muellerton,OH,11755,001-459-972-2422x84834,cheryl.alexander@kaiserhealth.org,MI34441,GA,12-02-2029,33,TRUE,FALSE,25-12-2024
DOC100848,2296353059,QA2551282,Angela,Bradley,Dr. Angela Bradley,Hematology,"Miranda, Graham and Benson",804 Laura Flat,Angelaland,OH,44232,773.758.6671,angela.bradley@kaiserhealth.org,FL65910,IL,09-08-2028,20,FALSE,FALSE,24-10-2023
DOC100849,2948989596,MK6634544,Robert,Smith,Dr. Robert Smith,Neurology,Willis Group,674 Schultz Dam,Taylormouth,IL,98724,764.899.1192,robert.smith@kaiserhealth.org,IL19567,IL,21-05-2029,12,TRUE,FALSE,20-10-2022
DOC100850,1934497439,JP4088223,Leah,Diaz,Dr. Leah Diaz,Oncology,Jackson Medical Center,3830 Gibson Well Suite 821,South Ian,CA,34556,295.967.8446,leah.diaz@kaiserhealth.org,PA75602,OH,18-11-2029,13,TRUE,FALSE,07-09-2021
DOC100851,2398894132,DA9720217,Marie,Greer,Dr. Marie Greer,Oncology,Wade PLC,817 Brooks Cliff,New Erica,GA,36852,514-792-5316x4982,marie.greer@kaiserhealth.org,PA49499,NC,25-04-2030,27,TRUE,FALSE,07-05-2026
DOC100852,2557922030,BK4964612,Thomas,Gonzales,Dr. Thomas Gonzales,Nephrology,Bell-Deleon,0554 Wong Station,Lake Mary,FL,29684,001-268-977-1569x22094,thomas.gonzales@kaiserhealth.org,MI17157,CA,21-03-2029,14,TRUE,FALSE,18-07-2023
DOC100853,2121375658,YV6359570,Kenneth,Rodriguez,Dr. Kenneth Rodriguez,Gastroenterology,Ward Group,00115 Ford Walks Apt. 494,Lake Charles,OH,86911,387-522-5578x564,kenneth.rodriguez@kaiserhealth.org,NY85191,MI,14-12-2028,18,FALSE,FALSE,17-10-2023
DOC100854,2584345663,CC3885034,Deborah,Simon,Dr. Deborah Simon,Endocrinology,Parker-Long,573 Hernandez Wall Apt. 855,Angelashire,FL,45591,394.575.8166x0284,deborah.simon@kaiserhealth.org,OH30653,TX,29-03-2029,7,TRUE,FALSE,02-12-2022
DOC100855,1474246310,KH7968680,John,Harmon,Dr. John Harmon,Oncology,"Cobb, Little and Wallace",71469 Schultz Court Suite 797,West David,CA,46284,001-359-950-8374x560,john.harmon@kaiserhealth.org,PA28463,MI,09-08-2027,22,TRUE,FALSE,13-02-2023
DOC100856,1217741743,BK3502385,Charlotte,Price,Dr. Charlotte Price,Oncology,Miller Hospital,017 Shelby Mount,Autumnfort,CA,71672,(892)985-5162x15938,charlotte.price@kaiserhealth.org,TX83280,MI,16-03-2029,22,TRUE,FALSE,15-08-2023
DOC100857,2275233282,VH0202569,Michael,Gonzalez,Dr. Michael Gonzalez,Oncology,Tucker-Allen,896 Tracy Motorway Apt. 288,West Kimberly,FL,28502,251.939.0143,michael.gonzalez@kaiserhealth.org,FL11305,FL,15-05-2031,6,TRUE,FALSE,17-02-2024
DOC100858,2677116750,QP2799553,Frederick,Reid,Dr. Frederick Reid,Oncology,"Perez, Sullivan and Chambers",7967 Stephanie Grove,East Janetown,TX,87558,2734565826,frederick.reid@kaiserhealth.org,IL94116,PA,10-02-2031,18,TRUE,FALSE,29-05-2024
DOC100859,1398472303,JY2028471,Howard,Frey,Dr. Howard Frey,Nephrology,Young-Blair,128 Patterson Prairie Apt. 122,Port Leah,CA,10404,725-626-1197x892,howard.frey@kaiserhealth.org,NY69535,TX,04-03-2029,15,TRUE,FALSE,15-03-2024
DOC100860,1405076487,DR7546199,Shannon,Baker,Dr. Shannon Baker,Endocrinology,"Nelson, Melendez and Graves",5441 Abigail Union,Christopherfurt,IL,59502,380.552.0388,shannon.baker@kaiserhealth.org,CA60635,PA,21-05-2029,39,TRUE,FALSE,21-02-2025
DOC100861,2272581225,VB9566844,William,Deleon,Dr. William Deleon,Gastroenterology,"Osborne, Ramirez and Crawford",6220 Jose Pike,East John,TX,35492,2115272836,william.deleon@kaiserhealth.org,FL73631,FL,03-07-2027,17,TRUE,FALSE,25-10-2025
DOC100862,1212110187,SB3586901,Timothy,Strickland,Dr. Timothy Strickland,Oncology,Harrison-Webb,7618 Kimberly Lane,Lake Cassandra,CA,839,867.216.2172x0488,timothy.strickland@kaiserhealth.org,GA48187,CA,16-04-2030,19,TRUE,FALSE,17-01-2024
DOC100863,2199945295,DR1222764,Dakota,Price,Dr. Dakota Price,Neurology,"Walker, Perez and Wilcox",4564 Mcdonald Coves,South Benjaminbury,FL,80353,+1-906-249-0970x34251,dakota.price@kaiserhealth.org,NC69559,TX,08-01-2028,15,TRUE,FALSE,11-03-2026
DOC100864,2221626549,WN3308334,Chad,Boyer,Dr. Chad Boyer,Pulmonology,"Berry, Lopez and Holder",670 Ramirez Crest,Sandraland,IL,78929,362.852.6022,chad.boyer@kaiserhealth.org,GA12427,IL,04-12-2029,37,TRUE,FALSE,15-09-2021
DOC100865,2899504702,AM9685195,Andrea,Hicks,Dr. Andrea Hicks,Neurology,Sparks-Robertson,335 Katelyn Views,Jamesland,GA,1059,(357)235-1745x46935,andrea.hicks@kaiserhealth.org,GA43735,MI,22-03-2031,16,TRUE,FALSE,18-11-2022
DOC100866,1295634277,RL2259206,Jessica,Torres,Dr. Jessica Torres,Cardiology,Hernandez PLC,19558 Knight Bridge,West Lindsey,CA,79524,917.271.7030x568,jessica.torres@kaiserhealth.org,PA81137,NY,18-04-2031,14,TRUE,FALSE,15-05-2026
DOC100867,1059229411,LP3029559,Kevin,Anderson,Dr. Kevin Anderson,Oncology,"Reyes, Rivera and Richmond",389 Clark Mission Suite 841,Gallagherfurt,CA,60467,360.906.4345x973,kevin.anderson@kaiserhealth.org,OH42029,GA,24-09-2030,14,TRUE,FALSE,04-07-2023
DOC100868,1942066154,VS0851331,Bradley,Perez,Dr. Bradley Perez,Neurology,Carpenter-Fisher,7451 Kevin Harbors Apt. 947,Port Dave,NC,12655,(660)954-2707x995,bradley.perez@kaiserhealth.org,CA15715,IL,03-04-2029,39,TRUE,FALSE,29-06-2022
DOC100869,1211221215,KS1582686,Daniel,Williams,Dr. Daniel Williams,Gastroenterology,"Kennedy, Parker and Cole",565 Hernandez Port Suite 226,West William,GA,35675,+1-803-490-9846x85606,daniel.williams@kaiserhealth.org,OH49053,CA,02-06-2031,11,TRUE,FALSE,17-12-2024
DOC100870,1854880644,EX0062987,Carlos,Stone,Dr. Carlos Stone,Oncology,Casey-Alvarez,7795 Williams Shoal Apt. 996,South Jeffrey,NC,61899,001-327-411-0735,carlos.stone@kaiserhealth.org,GA42053,PA,07-11-2029,38,TRUE,FALSE,23-01-2025
DOC100871,2646419623,KX2192622,Gerald,Guerrero,Dr. Gerald Guerrero,Oncology,Russell Ltd,3233 Brett Divide,New Bridget,FL,30619,746-406-0694x306,gerald.guerrero@kaiserhealth.org,TX12242,IL,22-04-2028,9,TRUE,FALSE,24-05-2024
DOC100872,1948314789,YD1797269,Samuel,Hobbs,Dr. Samuel Hobbs,Nephrology,Osborne-George,85370 Kristen Wall,Jonside,MI,44584,787-653-1198x0425,samuel.hobbs@kaiserhealth.org,MI46396,MI,06-05-2031,38,TRUE,FALSE,17-09-2022
DOC100873,1831800366,PA2000532,Alyssa,Smith,Dr. Alyssa Smith,Gastroenterology,Mccann Group,55078 Pierce Route Suite 860,North Jeremy,PA,77845,(721)831-7019,alyssa.smith@kaiserhealth.org,FL81299,OH,05-04-2029,17,TRUE,FALSE,09-04-2023
DOC100874,1505243838,YA5826929,Stephanie,Rowe,Dr. Stephanie Rowe,Nephrology,"Anderson, Shepherd and Knight",87314 Linda Port Suite 629,South Ruthshire,CA,51920,241-260-3328x8807,stephanie.rowe@kaiserhealth.org,CA69126,OH,15-11-2028,39,TRUE,FALSE,01-03-2022
DOC100875,1763328389,NX3376185,Jacqueline,White,Dr. Jacqueline White,Oncology,Collins-Cohen,22017 Evans Groves,South Joshuafort,CA,81701,(210)346-6275,jacqueline.white@kaiserhealth.org,OH33204,OH,03-01-2029,34,TRUE,FALSE,13-12-2022
DOC100876,2841013282,GH9218835,Richard,Becker,Dr. Richard Becker,Endocrinology,King-Jackson,60785 Moss Valley,East Alexander,GA,49320,972.438.3680x60145,richard.becker@kaiserhealth.org,MI18296,NC,20-06-2028,35,TRUE,FALSE,22-08-2022
DOC100877,1677610659,FA8814319,Richard,Jones,Dr. Richard Jones,Endocrinology,"Alvarado, Peterson and Padilla",15019 Crawford Vista Suite 209,West Charles,GA,17631,4189285233,richard.jones@kaiserhealth.org,MI68273,OH,28-01-2031,12,TRUE,FALSE,11-07-2021
DOC100878,1596983845,XR2026656,Marie,Johnston,Dr. Marie Johnston,Gastroenterology,Molina PLC,291 Nichols Roads Suite 511,Kirbymouth,CA,11416,992-507-5741x4248,marie.johnston@kaiserhealth.org,TX90168,PA,22-12-2029,11,TRUE,FALSE,31-12-2024
DOC100879,2349899255,HV4607429,Eric,Anderson,Dr. Eric Anderson,Nephrology,"Miller, Frost and Young",49773 Erickson Mountain,Jacksonview,CA,39438,443.854.9787,eric.anderson@kaiserhealth.org,GA45142,GA,13-01-2029,14,TRUE,FALSE,19-07-2025
DOC100880,2694179967,AT0897474,Daniel,Mckee,Dr. Daniel Mckee,Oncology,"York, Walker and Stone",99034 Danielle Crossroad,Thomaschester,PA,7128,+1-800-494-0916x5737,daniel.mckee@kaiserhealth.org,MI84839,IL,20-09-2028,30,TRUE,FALSE,03-12-2022
DOC100881,1984167347,SW5369881,Richard,Neal,Dr. Richard Neal,Infectious Disease,"Whitaker, Martinez and Green",36930 Jennifer Grove,North Erikaberg,IL,61680,611.972.2641,richard.neal@kaiserhealth.org,MI79953,CA,07-03-2031,21,TRUE,FALSE,14-04-2024
DOC100882,1928605210,FN2706648,Robert,Booker,Dr. Robert Booker,Nephrology,Koch Ltd,429 Jeff Isle,Shaneport,CA,21942,(998)335-9667,robert.booker@kaiserhealth.org,CA81350,TX,30-12-2028,22,TRUE,FALSE,13-08-2023
DOC100883,2581308898,GX0574883,Michelle,Smith,Dr. Michelle Smith,Nephrology,Martin and Sons,3650 Jennifer Divide Apt. 900,Turnermouth,CA,53792,744-627-8735,michelle.smith@kaiserhealth.org,GA44329,NY,19-04-2030,40,TRUE,FALSE,10-12-2021
DOC100884,1027500030,XM6619953,Jennifer,Mitchell,Dr. Jennifer Mitchell,Oncology,"Wright, Morales and Vasquez",067 Shepherd Grove,New James,PA,30804,+1-596-790-4539x25287,jennifer.mitchell@kaiserhealth.org,OH48375,NY,09-06-2029,40,TRUE,FALSE,07-03-2023
DOC100885,1784679087,AW1872600,John,Yates,Dr. John Yates,Cardiology,"Garcia, Walker and Smith",45330 Valerie Manors Suite 122,Katherineview,CA,3337,+1-398-853-7203x3505,john.yates@kaiserhealth.org,OH58806,NY,13-09-2027,8,TRUE,FALSE,24-07-2022
DOC100886,2442990674,XL6865240,John,Anderson,Dr. John Anderson,Infectious Disease,Fuentes Group,5587 Linda Grove,West Edwinport,TX,45181,(241)919-9255x1253,john.anderson@kaiserhealth.org,TX25313,PA,10-10-2030,27,TRUE,FALSE,21-11-2025
DOC100887,2725622219,AL3347047,Charles,Davis,Dr. Charles Davis,Pulmonology,Short Ltd,53494 Christina Well Suite 157,Michaelville,GA,51924,(732)882-4630x61621,charles.davis@kaiserhealth.org,OH49790,NC,03-07-2028,23,TRUE,FALSE,07-03-2024
DOC100888,2593965213,TH5071245,David,Sawyer,Dr. David Sawyer,Rheumatology,Ellis Medical Center,42059 Mason Knolls Suite 977,West Jamesborough,CA,91298,(408)909-0101x46103,david.sawyer@kaiserhealth.org,NY31787,MI,12-01-2031,8,TRUE,FALSE,11-11-2025
DOC100889,1622117327,RF6488395,Alice,Grant,Dr. Alice Grant,Gastroenterology,"Wheeler, Johnson and Lloyd",163 Rickey Pass Suite 851,Sarahton,PA,46444,+1-209-265-6882x6728,alice.grant@kaiserhealth.org,PA82632,PA,14-07-2029,15,TRUE,FALSE,27-10-2022
DOC100890,2252516185,RM9171050,Jennifer,Moore,Dr. Jennifer Moore,Gastroenterology,Ramsey PLC,472 Stephen Knoll,Campbellmouth,CA,68103,708.330.6978,jennifer.moore@kaiserhealth.org,PA50437,MI,23-03-2030,10,TRUE,FALSE,01-09-2023
DOC100891,2447353524,QS4171594,Michael,Campbell,Dr. Michael Campbell,Nephrology,"Harris, Murray and Miller",4906 Rose Stream Suite 751,Kathrynville,GA,11511,(245)960-5956x34318,michael.campbell@kaiserhealth.org,FL44073,IL,21-05-2028,18,TRUE,FALSE,28-09-2022
DOC100892,1788033183,PC1338926,Allen,Johnson,Dr. Allen Johnson,Oncology,Moreno-Ali,3377 Norton Brook Apt. 167,Rodriguezburgh,NC,54985,654-287-2012,allen.johnson@kaiserhealth.org,GA76326,NC,01-02-2028,16,TRUE,FALSE,06-09-2024
DOC100893,1527873048,PF5152174,Stephanie,Roberts,Dr. Stephanie Roberts,Oncology,Johnson-Brown,9080 Ashley Park Suite 738,Taylorfurt,PA,13266,(630)534-3830x0091,stephanie.roberts@kaiserhealth.org,FL52917,FL,29-10-2028,35,TRUE,FALSE,31-10-2022
DOC100894,1189156734,JN7177629,Christina,Montgomery,Dr. Christina Montgomery,Infectious Disease,Odom Group,79965 Gutierrez Loaf Apt. 897,West Cory,MI,79882,(222)452-7560x0223,christina.montgomery@kaiserhealth.org,NY50683,FL,13-06-2028,18,TRUE,FALSE,08-12-2023
DOC100895,1999466450,VU9900108,Benjamin,Reyes,Dr. Benjamin Reyes,Oncology,Hayes-Charles,51589 Margaret Cove,Port Michelle,NC,2070,616-666-0812x39278,benjamin.reyes@kaiserhealth.org,PA72874,FL,24-07-2029,6,TRUE,FALSE,12-10-2021
DOC100896,1521189684,KF4648849,Brandy,James,Dr. Brandy James,Nephrology,Butler Hospital,6958 Turner Drives,East Ernestview,GA,91475,-7824,brandy.james@kaiserhealth.org,MI58589,GA,17-06-2029,15,TRUE,FALSE,23-02-2022
DOC100897,2759582819,BF2179789,Kevin,Williams,Dr. Kevin Williams,Cardiology,Monroe Medical Center,266 Samantha Turnpike,New Kathrynshire,TX,54078,3613047189,kevin.williams@kaiserhealth.org,IL79313,NC,17-12-2030,17,TRUE,FALSE,06-06-2026
DOC100898,2170598445,DJ3672868,Linda,Gilbert,Dr. Linda Gilbert,Cardiology,"Stewart, Gould and Huber",7688 Keith Cape,West Christian,CA,12721,718.311.8140,linda.gilbert@kaiserhealth.org,TX38526,CA,18-06-2030,18,TRUE,FALSE,19-06-2023
DOC100899,2681193978,CJ5900992,Eric,Fields,Dr. Eric Fields,Cardiology,Russo-Barnett,7085 Smith Summit Suite 067,West Donnahaven,CA,60633,931.703.1456x45722,eric.fields@kaiserhealth.org,GA85640,CA,23-04-2030,28,TRUE,FALSE,06-07-2025
DOC100900,2693351588,AQ0532601,Carol,Gibbs,Dr. Carol Gibbs,Cardiology,Swanson-Johnson,4499 Smith Forks,New Daniel,MI,30484,(894)912-6410x6032,carol.gibbs@kaiserhealth.org,FL86610,NY,26-12-2028,5,TRUE,FALSE,26-06-2023
DOC100901,1974255136,BU0858181,Shelby,Warner,Dr. Shelby Warner,Oncology,"Williams, Burns and Gould",01089 Schneider Hill,Buchananburgh,CA,42721,660.864.0047,shelby.warner@kaiserhealth.org,PA17994,TX,20-06-2029,24,TRUE,FALSE,19-01-2024
DOC100902,2361587366,EQ1358969,Nancy,Gray,Dr. Nancy Gray,Oncology,"Fields, Velasquez and Garza",170 Richard Coves Apt. 077,Port Charlesfort,CA,29588,+1-375-994-9330x7811,nancy.gray@kaiserhealth.org,PA41718,MI,13-12-2027,8,TRUE,FALSE,17-05-2026
DOC100903,2856154731,WL6639792,Jade,Henderson,Dr. Jade Henderson,Rheumatology,Haney Hospital,14441 Cook Ramp,Westbury,PA,30957,384.996.5523,jade.henderson@kaiserhealth.org,NY23272,OH,18-10-2030,23,TRUE,FALSE,20-09-2021
DOC100904,1283772702,TV6660534,Lori,Acosta,Dr. Lori Acosta,Oncology,Sanchez-Smith,9992 Sims Keys,Lake Paul,NC,15137,001-997-473-1739x4624,lori.acosta@kaiserhealth.org,NY59507,IL,13-06-2031,21,TRUE,FALSE,01-03-2023
DOC100905,2101975358,WK6405103,Laura,Cain,Dr. Laura Cain,Gastroenterology,Singleton-Bennett,392 Hopkins Loaf Suite 141,West Barbara,NC,16802,001-779-967-0605x58173,laura.cain@kaiserhealth.org,CA27743,GA,29-01-2030,18,TRUE,FALSE,24-07-2022
DOC100906,1763628144,XJ7189395,David,Love,Dr. David Love,Neurology,Taylor-Johnson,4646 Lori Place,Smithport,CA,87352,+1-855-870-3934x2718,david.love@kaiserhealth.org,MI63970,MI,03-09-2030,7,TRUE,FALSE,15-06-2026
DOC100907,2490922884,VS7455135,Tammie,Cox,Dr. Tammie Cox,Gastroenterology,Munoz Ltd,0926 Adrian Shores,Port Susanville,GA,87955,001-301-456-1619x73844,tammie.cox@kaiserhealth.org,TX74351,NY,14-11-2027,34,TRUE,FALSE,17-06-2023
DOC100908,1068811640,GK3988187,Aaron,Chambers,Dr. Aaron Chambers,Oncology,"Hunt, Rios and Lee",699 Kathryn Spur Suite 723,North Bryan,NC,87704,481-477-3655x619,aaron.chambers@kaiserhealth.org,GA68089,PA,20-10-2027,37,TRUE,FALSE,02-01-2026
DOC100909,1364770413,YA9091538,Amy,Koch,Dr. Amy Koch,Oncology,Jenkins Medical Center,1761 Maria Drives Apt. 641,Lawsonchester,CA,66920,259.591.6764,amy.koch@kaiserhealth.org,TX81427,TX,14-02-2028,30,TRUE,FALSE,31-05-2023
DOC100910,2204123190,WM7720441,Kimberly,Estrada,Dr. Kimberly Estrada,Oncology,"Duncan, Perez and White",82671 Oscar Rapids Apt. 794,Meganburgh,CA,24945,329-364-4484x36868,kimberly.estrada@kaiserhealth.org,GA87537,IL,24-10-2027,11,TRUE,FALSE,15-02-2024
DOC100911,1453810979,KD2248709,Krista,Walker,Dr. Krista Walker,Gastroenterology,Simmons Medical Center,8771 Stewart Keys,Port Daniellefurt,GA,92067,(378)479-0259,krista.walker@kaiserhealth.org,TX61088,IL,25-07-2027,31,TRUE,FALSE,05-10-2023
DOC100912,1517422404,YW3261189,Stephanie,Mckay,Dr. Stephanie Mckay,Oncology,Jackson-Gutierrez,0323 Hicks Cliffs Apt. 295,Dianeshire,CA,74920,473.679.3957x9551,stephanie.mckay@kaiserhealth.org,FL50039,OH,23-07-2030,38,TRUE,FALSE,02-05-2025
DOC100913,2307028672,BE0095366,Joseph,Miller,Dr. Joseph Miller,Endocrinology,Mendoza and Sons,0386 Susan Lock Suite 611,West Stacy,NY,38729,001-423-430-0805x6308,joseph.miller@kaiserhealth.org,MI57237,FL,02-03-2030,31,FALSE,FALSE,24-08-2023
DOC100914,1057795001,RH2590073,Virginia,Hansen,Dr. Virginia Hansen,Nephrology,"Owens, Nixon and Roberson",07883 George Mill,Lake Ronald,GA,46788,001-648-452-2072x01970,virginia.hansen@kaiserhealth.org,NY34839,CA,24-10-2029,33,TRUE,FALSE,29-06-2025
DOC100915,1138690871,WN7221045,Jon,Nunez,Dr. Jon Nunez,Oncology,Maldonado-Moore,65129 Gomez Course Apt. 051,New Dannyport,OH,90761,-3667,jon.nunez@kaiserhealth.org,NY75008,NY,17-07-2027,15,TRUE,FALSE,03-05-2025
DOC100916,1707443602,HK4225216,Dennis,Allen,Dr. Dennis Allen,Oncology,Hernandez Ltd,34243 Rivera Ford,South Katrinaberg,TX,73934,8919663166,dennis.allen@kaiserhealth.org,PA33735,FL,03-08-2030,22,TRUE,FALSE,04-02-2024
DOC100917,1094477269,AG2655132,Albert,Clark,Dr. Albert Clark,Hematology,King Hospital,06166 Carpenter Avenue Apt. 844,Andreaville,OH,43649,001-617-364-2962x8092,albert.clark@kaiserhealth.org,NY95399,GA,01-01-2028,24,TRUE,FALSE,18-07-2024
DOC100918,1245598516,BE1191589,Adam,Meyers,Dr. Adam Meyers,Oncology,"Bishop, Shaffer and Gilbert",31525 Moore Gardens Apt. 280,Wesleyside,TX,25811,574.735.4047x625,adam.meyers@kaiserhealth.org,OH80843,OH,11-09-2027,23,TRUE,FALSE,26-05-2022
DOC100919,2478686237,NB0884474,Christopher,Melendez,Dr. Christopher Melendez,Oncology,Montoya Hospital,77888 Richard Forges Apt. 748,East Andrewstad,CA,70447,709.671.8614x22935,christopher.melendez@kaiserhealth.org,FL67451,NC,22-04-2030,10,FALSE,FALSE,05-08-2024
DOC100920,1907499216,KB0698369,Caitlyn,White,Dr. Caitlyn White,Oncology,Doyle-Gomez,5779 Daniel Field Suite 983,Lake Kevinmouth,FL,61808,(927)245-1160x89589,caitlyn.white@kaiserhealth.org,PA40207,IL,21-11-2030,39,TRUE,FALSE,03-06-2022
DOC100921,2470821398,PL4622021,Natalie,Hopkins,Dr. Natalie Hopkins,Endocrinology,White and Sons,8960 Rose Flat,Stephenland,FL,17527,+1-989-489-9307x46113,natalie.hopkins@kaiserhealth.org,GA99957,TX,24-06-2029,5,TRUE,FALSE,22-05-2022
DOC100922,2033000088,NH4673919,Cynthia,Hickman,Dr. Cynthia Hickman,Oncology,"Long, Williams and Logan",87885 William Street,Huntville,CA,72079,001-643-697-6309x00737,cynthia.hickman@kaiserhealth.org,NC78300,MI,27-10-2030,10,TRUE,FALSE,06-11-2023
DOC100923,1600916923,EX7379897,Larry,Sutton,Dr. Larry Sutton,Nephrology,"Hopkins, Kane and Collins",76926 Paul Trail,Justinbury,CA,39523,001-775-291-6043x59839,larry.sutton@kaiserhealth.org,OH11167,NC,17-06-2029,26,TRUE,FALSE,13-05-2026
DOC100924,1867463000,VU8433611,Tammy,Cox,Dr. Tammy Cox,Oncology,Cole-Avila,6816 Fox View Apt. 407,North Wendy,GA,85980,+1-817-476-1350x07883,tammy.cox@kaiserhealth.org,NY22598,NC,16-02-2028,10,TRUE,FALSE,12-02-2023
DOC100925,2458294203,WJ0153534,James,Dawson,Dr. James Dawson,Infectious Disease,Campbell-Young,9995 Stephanie Isle,Lake Jacobland,CA,18620,+1-665-232-7355x14972,james.dawson@kaiserhealth.org,CA68520,PA,18-04-2028,29,FALSE,FALSE,06-09-2022
DOC100926,2494667201,BT2402818,Tanya,Sanchez,Dr. Tanya Sanchez,Endocrinology,Freeman-Carter,93555 Neal Canyon Apt. 006,South Johnborough,TX,55301,345-494-7612x1893,tanya.sanchez@kaiserhealth.org,FL77284,GA,11-07-2029,23,FALSE,FALSE,13-08-2021
DOC100927,1620858174,YL2735364,Megan,Nguyen,Dr. Megan Nguyen,Endocrinology,Moss-Garcia,28305 Phillips Manor,Johntown,FL,34143,(255)959-5026x356,megan.nguyen@kaiserhealth.org,PA69563,CA,13-08-2029,5,TRUE,FALSE,21-08-2025
DOC100928,1918285181,XP1255904,Kayla,Obrien,Dr. Kayla Obrien,Infectious Disease,"Collins, Leon and Hall",6399 Jose View,Johnsonhaven,NY,23824,001-236-996-2690x222,kayla.obrien@kaiserhealth.org,CA17973,GA,01-02-2029,16,TRUE,FALSE,12-05-2024
DOC100929,2660012838,EQ1012329,Erica,Morales,Dr. Erica Morales,Infectious Disease,Mejia-Johnson,15120 Jared Vista Apt. 449,South Samuelfort,NY,21943,362-418-3339,erica.morales@kaiserhealth.org,PA21740,TX,14-12-2029,6,TRUE,FALSE,16-09-2024
DOC100930,2850766534,KN0422763,Krista,Lynch,Dr. Krista Lynch,Oncology,Smith Hospital,71226 Michelle Points,East William,CA,86008,974.427.0549x857,krista.lynch@kaiserhealth.org,CA24034,MI,14-04-2031,10,TRUE,FALSE,25-02-2026
DOC100931,1573472435,TP1768225,Sarah,Brown,Dr. Sarah Brown,Cardiology,Hernandez Ltd,26980 Green Squares,Diazshire,TX,42974,(647)960-9606,sarah.brown@kaiserhealth.org,GA97579,TX,27-02-2028,30,TRUE,FALSE,06-09-2023
DOC100932,1866656224,CV7687849,Sabrina,Kidd,Dr. Sabrina Kidd,Oncology,Cox and Sons,747 Kelley Plain Suite 070,Robertfort,GA,61856,606.412.9889x728,sabrina.kidd@kaiserhealth.org,GA20553,TX,11-03-2029,8,TRUE,FALSE,09-12-2025
DOC100933,2006184897,KE2354340,Bryan,George,Dr. Bryan George,Pulmonology,"Hogan, Thomas and Morales",641 Johnson Junctions,Port Travis,OH,85104,960.756.6880x31664,bryan.george@kaiserhealth.org,OH81786,TX,14-03-2030,12,TRUE,FALSE,15-01-2022
DOC100934,2649525492,AN4411197,Drew,Aguilar,Dr. Drew Aguilar,Neurology,Merritt and Sons,85354 Mary Turnpike Apt. 199,New Angelaview,CA,73398,9873017086,drew.aguilar@kaiserhealth.org,NC20526,NC,21-01-2029,14,TRUE,FALSE,11-12-2022
DOC100935,1634359488,FC8849680,Benjamin,Mcdonald,Dr. Benjamin Mcdonald,Infectious Disease,Ramsey Medical Center,0433 Proctor Prairie Suite 796,Lyonsport,OH,54539,905-211-0900,benjamin.mcdonald@kaiserhealth.org,IL12396,PA,18-12-2030,11,TRUE,FALSE,25-05-2022
DOC100936,1212543412,HA1604986,Tyler,Mclaughlin,Dr. Tyler Mclaughlin,Oncology,Barber Medical Center,25497 Gina Road Apt. 920,North Veronicaburgh,CA,81779,959.697.4753x9659,tyler.mclaughlin@kaiserhealth.org,GA28648,NY,30-07-2028,37,TRUE,FALSE,30-11-2022
DOC100937,1320319789,VV0114003,Michael,Reyes,Dr. Michael Reyes,Oncology,"Becker, Gallagher and Scott",41641 Osborne Forest,Carterstad,GA,12679,937.893.7669,michael.reyes@kaiserhealth.org,NY41549,NY,06-10-2029,36,TRUE,FALSE,22-06-2022
DOC100938,2860162590,SJ1947855,Julia,Lester,Dr. Julia Lester,Oncology,Monroe Hospital,1749 Lauren Pike Suite 968,West Joshuaton,CA,68069,9356862405,julia.lester@kaiserhealth.org,NY37005,GA,16-08-2028,26,TRUE,FALSE,22-04-2024
DOC100939,1107288780,RE7903716,Anthony,Williamson,Dr. Anthony Williamson,Oncology,"Kim, White and Brooks",2791 Rachel Course,Lake Aprilland,OH,70523,766-889-8593x213,anthony.williamson@kaiserhealth.org,CA82420,NC,30-12-2027,12,TRUE,FALSE,30-09-2025
DOC100940,2223996477,DT3753076,Elizabeth,Williams,Dr. Elizabeth Williams,Gastroenterology,"Gibson, Benson and Curtis",22642 Jensen Park,North Matthew,NY,44001,682-698-7819x2147,elizabeth.williams@kaiserhealth.org,CA33863,IL,25-05-2029,40,TRUE,FALSE,02-02-2024
DOC100941,2578002443,EG6221690,Paul,Phillips,Dr. Paul Phillips,Oncology,"Wright, Bryant and Garcia",721 Jordan Mount Apt. 758,Port Josephberg,MI,81961,(967)969-8897,paul.phillips@kaiserhealth.org,OH82284,PA,25-11-2028,34,TRUE,FALSE,27-12-2023
DOC100942,2067516913,UM2150164,Joshua,Hunt,Dr. Joshua Hunt,Oncology,Blake-Levy,0192 Robert Alley,Sydneychester,OH,24355,001-375-419-3463x890,joshua.hunt@kaiserhealth.org,NY10578,GA,26-01-2031,5,TRUE,FALSE,13-11-2023
DOC100943,2084243198,HU2484813,Mckenzie,Rice,Dr. Mckenzie Rice,Oncology,Mendoza-Sanchez,1156 Taylor Curve Apt. 070,Rogersview,CA,68456,6535160227,mckenzie.rice@kaiserhealth.org,IL24042,OH,20-07-2028,9,TRUE,FALSE,11-12-2021
DOC100944,2302151675,YT6463395,Jason,Gonzales,Dr. Jason Gonzales,Neurology,"Thompson, Dyer and Santos",86244 Brennan Knoll Suite 311,Lake Charles,IL,71752,001-707-682-8780x661,jason.gonzales@kaiserhealth.org,NC21890,NY,20-12-2028,5,TRUE,FALSE,02-11-2025
DOC100945,1476427896,DL7385512,Mark,Morales,Dr. Mark Morales,Gastroenterology,Gomez Hospital,80288 Matthew Club Apt. 886,Silvamouth,CA,80907,969-298-4288x284,mark.morales@kaiserhealth.org,GA74576,PA,22-11-2028,11,TRUE,FALSE,21-10-2022
DOC100946,2978155426,WB9723602,Bradley,Miller,Dr. Bradley Miller,Pulmonology,Franco and Sons,23203 Duffy Pike Suite 427,Gardnerberg,CA,56531,-9783,bradley.miller@kaiserhealth.org,OH58471,IL,10-07-2027,32,TRUE,FALSE,18-10-2025
DOC100947,2205171073,BS7156478,Victoria,Webb,Dr. Victoria Webb,Oncology,"Perez, Adams and Booker",2833 Little Key,Timothymouth,GA,56243,(532)777-0045,victoria.webb@kaiserhealth.org,CA38378,NY,02-10-2029,36,TRUE,FALSE,11-07-2024
DOC100948,1802741485,YQ2602925,Janice,Harrison,Dr. Janice Harrison,Pulmonology,David Group,228 Cabrera Valleys,Livingstontown,OH,41418,001-524-902-5554x689,janice.harrison@kaiserhealth.org,NC62799,TX,17-04-2031,33,TRUE,FALSE,23-05-2025
DOC100949,2076642076,XG2713538,Debra,Carter,Dr. Debra Carter,Infectious Disease,Perry PLC,9646 Hall Lock,Normantown,GA,39432,684-767-3322x912,debra.carter@kaiserhealth.org,OH28135,PA,29-12-2028,13,TRUE,FALSE,16-01-2026
DOC100950,2879060488,NU3205534,Steven,Norris,Dr. Steven Norris,Oncology,Smith Group,94599 Haley Manor,Anthonychester,PA,3650,+1-289-353-0120x3398,steven.norris@kaiserhealth.org,CA78790,MI,09-07-2028,14,TRUE,FALSE,14-10-2025
DOC100951,2159764053,XW5670789,Victor,Camacho,Dr. Victor Camacho,Oncology,Thomas-Walker,8905 Benjamin Spring Apt. 153,South Joshua,GA,26417,867-702-7728x71565,victor.camacho@kaiserhealth.org,PA55123,IL,18-06-2029,15,TRUE,FALSE,10-06-2026
DOC100952,1903842273,NE7320222,Elizabeth,Phillips,Dr. Elizabeth Phillips,Hematology,Peterson-Cooper,0553 Anderson Station Apt. 714,Nancyport,CA,10240,-6442,elizabeth.phillips@kaiserhealth.org,NY19831,GA,20-04-2031,28,TRUE,FALSE,31-12-2025
DOC100953,2691716204,FV8514486,Deanna,Mason,Dr. Deanna Mason,Nephrology,Foster Hospital,92145 Phillips Hill,Eduardoborough,NC,5791,+1-527-769-4730x88240,deanna.mason@kaiserhealth.org,FL14244,PA,27-05-2030,16,FALSE,FALSE,21-07-2023
DOC100954,2903922026,UT0142647,Gerald,Pineda,Dr. Gerald Pineda,Oncology,Rojas Hospital,29363 Schneider Underpass Apt. 941,Port Jennifer,CA,72810,2522579599,gerald.pineda@kaiserhealth.org,OH81613,CA,11-09-2028,9,TRUE,FALSE,25-07-2025
DOC100955,1316370500,KU3326724,Cathy,King,Dr. Cathy King,Pulmonology,Mcbride Ltd,54601 Stephanie Tunnel,East Laurenbury,OH,34840,357.413.3996x27686,cathy.king@kaiserhealth.org,MI39343,NY,05-08-2029,33,TRUE,FALSE,13-07-2023
DOC100956,2763808390,NL4025998,Kelly,Anderson,Dr. Kelly Anderson,Rheumatology,Hernandez and Sons,381 Benjamin Highway,Annburgh,NY,81512,390.388.8196x64523,kelly.anderson@kaiserhealth.org,MI38702,MI,16-05-2030,19,TRUE,FALSE,23-05-2026
DOC100957,1728129163,MW0496026,Misty,Johnson,Dr. Misty Johnson,Infectious Disease,Jones and Sons,6831 Haley Fort,Ibarrafurt,CA,64602,3413710389,misty.johnson@kaiserhealth.org,OH94657,PA,10-04-2031,15,TRUE,FALSE,19-10-2025
DOC100958,1845397499,MA7088640,Laura,Mendoza,Dr. Laura Mendoza,Infectious Disease,Morris Medical Center,32034 Vargas Meadows,South Chasehaven,CA,62727,001-565-307-7525x72316,laura.mendoza@kaiserhealth.org,PA64104,CA,04-03-2029,15,TRUE,FALSE,19-09-2021
DOC100959,1192902215,KH9044890,Mary,Bates,Dr. Mary Bates,Nephrology,"Gordon, Jones and Pearson",7039 Heath Ford,South Raymondmouth,FL,3477,5594946966,mary.bates@kaiserhealth.org,TX30562,PA,02-10-2030,17,TRUE,FALSE,08-08-2023
DOC100960,1023510255,MB1935450,Jeffery,Murray,Dr. Jeffery Murray,Neurology,Snyder Ltd,009 Delacruz Circles Suite 086,East Ian,CA,39592,506.458.7448,jeffery.murray@kaiserhealth.org,MI76098,NC,13-07-2028,40,TRUE,FALSE,23-06-2025
DOC100961,1933324362,UP2080598,Matthew,Oconnor,Dr. Matthew Oconnor,Neurology,"Vasquez, Thomas and Rosales",258 Newton Knolls Suite 139,New Stephanietown,NY,28651,582-436-7883x8736,matthew.oconnor@kaiserhealth.org,TX45319,IL,08-07-2028,10,TRUE,FALSE,07-01-2026
DOC100962,1759659992,BD2376317,Andre,Scott,Dr. Andre Scott,Hematology,Jenkins Group,466 Holmes Street Suite 416,South Katie,IL,17575,9639175529,andre.scott@kaiserhealth.org,MI58718,IL,12-03-2029,15,TRUE,FALSE,23-10-2021
DOC100963,1629419375,VD9226713,David,Howard,Dr. David Howard,Cardiology,Smith-Garcia,1572 Jasmine Station Apt. 611,Ryanville,GA,13867,760-736-1189x2605,david.howard@kaiserhealth.org,PA40424,OH,06-07-2030,13,FALSE,FALSE,15-10-2023
DOC100964,2752864612,YA9617300,Nicholas,Bell,Dr. Nicholas Bell,Nephrology,Thompson-Sanders,8437 Davis Grove,East Kellyview,MI,83323,+1-854-459-5660x03011,nicholas.bell@kaiserhealth.org,TX96487,NC,22-02-2028,22,TRUE,FALSE,19-09-2025
DOC100965,1403211535,MA5143219,Kimberly,Huber,Dr. Kimberly Huber,Cardiology,"Bennett, Matthews and Meadows",173 Yates Fort,Dominiqueton,IL,76644,370-393-4099x16508,kimberly.huber@kaiserhealth.org,FL97318,CA,19-04-2028,38,TRUE,FALSE,30-12-2024
DOC100966,2972479254,EE1883458,Linda,Gibbs,Dr. Linda Gibbs,Cardiology,Allen PLC,437 Johnson Spurs Suite 279,Jennifershire,MI,44460,001-714-629-5449x669,linda.gibbs@kaiserhealth.org,TX10973,IL,31-01-2028,39,TRUE,FALSE,19-03-2022
DOC100967,1676933329,UT6515902,Tina,Walton,Dr. Tina Walton,Oncology,Kirby-Wolfe,2752 Tammy Creek Suite 173,Kevinshire,GA,87305,659-923-5163x8326,tina.walton@kaiserhealth.org,NC97230,IL,21-07-2030,32,TRUE,FALSE,09-04-2022
DOC100968,2858838256,YR2620846,Gloria,Vega,Dr. Gloria Vega,Hematology,Brown Group,8129 Fields Junction,Sullivanland,TX,97188,001-730-449-4841x4235,gloria.vega@kaiserhealth.org,MI32057,PA,04-11-2030,24,FALSE,FALSE,07-02-2026
DOC100969,2519628222,MA1825624,James,Lewis,Dr. James Lewis,Hematology,Craig Group,7981 Brandon Dam Suite 564,Sampsonfort,TX,13065,658-382-1870,james.lewis@kaiserhealth.org,NC63895,FL,18-06-2031,21,TRUE,FALSE,06-07-2021
DOC100970,1122341499,FV0096627,Tony,Ray,Dr. Tony Ray,Oncology,Zhang Medical Center,6446 Tammy Prairie,North Katherine,TX,60463,(942)647-3885x237,tony.ray@kaiserhealth.org,OH62232,CA,16-11-2029,21,FALSE,FALSE,16-09-2025
DOC100971,2095632174,WB0391019,Stephen,Brown,Dr. Stephen Brown,Oncology,"Castro, Martinez and Thomas",51218 Andrea Estates,South Timothy,FL,77250,7965660286,stephen.brown@kaiserhealth.org,PA36318,NC,31-10-2029,16,TRUE,FALSE,29-04-2023
DOC100972,2711936006,AS2770564,Maria,Lucas,Dr. Maria Lucas,Infectious Disease,Stevens-Ortiz,821 Maria Field Suite 090,Williamsbury,NY,64387,508.686.6932x07098,maria.lucas@kaiserhealth.org,OH17194,GA,22-08-2029,32,TRUE,FALSE,20-10-2023
DOC100973,2438500953,QF3461762,Brittney,Chambers,Dr. Brittney Chambers,Neurology,"Graham, Sharp and Fernandez",296 Brown Mountains Suite 456,Scottchester,NY,62221,(954)719-8281x7947,brittney.chambers@kaiserhealth.org,FL35982,OH,06-07-2027,12,TRUE,FALSE,02-11-2021
DOC100974,2416423165,JK1372776,James,Cook,Dr. James Cook,Oncology,Fischer Medical Center,2693 Jay Vista,Alvaradoview,CA,45761,(657)233-0907,james.cook@kaiserhealth.org,GA65079,CA,11-08-2030,32,TRUE,FALSE,26-09-2024
DOC100975,1494290461,RL5188701,Jeremy,Miller,Dr. Jeremy Miller,Hematology,"Cooper, Holland and Nelson",751 Matthew Point Apt. 799,North Jenniferstad,MI,28018,(769)833-2763x3422,jeremy.miller@kaiserhealth.org,MI84007,FL,04-03-2028,16,TRUE,FALSE,30-11-2025
DOC100976,1024837444,CR2345653,Jerry,Taylor,Dr. Jerry Taylor,Oncology,Crawford and Sons,9310 Lisa Stravenue,Summerston,OH,1406,-4953,jerry.taylor@kaiserhealth.org,MI43492,GA,02-05-2028,5,TRUE,FALSE,13-02-2023
DOC100977,2853626890,JY7238641,Jesus,Gill,Dr. Jesus Gill,Oncology,"Martinez, Sims and Eaton",456 David Rue,Macdonaldtown,CA,35809,237.819.8517x696,jesus.gill@kaiserhealth.org,MI54420,FL,02-10-2028,37,TRUE,FALSE,21-08-2024
DOC100978,2742164359,VA0937814,Megan,Kelly,Dr. Megan Kelly,Infectious Disease,Luna-Vazquez,7837 Ryan Burgs,Jamieberg,CA,82976,539.268.8593x428,megan.kelly@kaiserhealth.org,IL74058,OH,08-06-2028,11,TRUE,FALSE,19-05-2025
DOC100979,2884437066,CT7564672,Christina,Lawson,Dr. Christina Lawson,Infectious Disease,"Powers, Huffman and Byrd",503 Cody Pass,Katherinechester,FL,45779,(810)925-0666x860,christina.lawson@kaiserhealth.org,OH82542,NY,11-06-2028,28,TRUE,FALSE,10-01-2024
DOC100980,1858990027,RY2910845,Troy,Ruiz,Dr. Troy Ruiz,Oncology,Poole-Ray,28959 Pamela Alley Apt. 852,Dwaynefort,GA,50456,(621)555-9637,troy.ruiz@kaiserhealth.org,NC60470,CA,06-12-2029,23,FALSE,FALSE,08-01-2025
DOC100981,2660503374,PU8330677,Jeremy,Munoz,Dr. Jeremy Munoz,Oncology,"Rogers, Carlson and Smith",4656 Gonzalez Mountains Apt. 873,North Edwardland,CA,2558,+1-527-636-6325x67322,jeremy.munoz@kaiserhealth.org,OH71735,NY,27-05-2031,40,FALSE,FALSE,15-10-2025
DOC100982,1266794190,SQ8865385,Shannon,Elliott,Dr. Shannon Elliott,Nephrology,"Petty, Simmons and Myers",109 Kevin Path,Fostertown,CA,98515,732.764.4789x378,shannon.elliott@kaiserhealth.org,OH71699,FL,05-03-2030,31,TRUE,FALSE,15-11-2023
DOC100983,1898760550,XW4922170,Christopher,Frey,Dr. Christopher Frey,Oncology,Buchanan PLC,371 Carter Trail,Danielleside,CA,14583,6456734669,christopher.frey@kaiserhealth.org,OH20190,NC,21-05-2031,30,TRUE,FALSE,11-09-2025
DOC100984,2066320162,UX0739928,Laura,Barker,Dr. Laura Barker,Oncology,Ryan PLC,528 Donna Loaf,Cooperland,NY,73000,578.947.7198,laura.barker@kaiserhealth.org,MI80321,TX,28-08-2028,36,TRUE,FALSE,01-08-2023
DOC100985,1653371708,PK9426942,Lisa,Kelly,Dr. Lisa Kelly,Oncology,"Weiss, Romero and Montgomery",2502 Brandon Wall,Ramirezburgh,FL,35263,443.354.8695,lisa.kelly@kaiserhealth.org,MI80197,FL,15-04-2028,10,TRUE,FALSE,13-05-2022
DOC100986,1549014599,PQ0692195,Gina,Price,Dr. Gina Price,Gastroenterology,Gordon Medical Center,803 Parrish Manor,Patricktown,GA,39777,001-803-376-4747,gina.price@kaiserhealth.org,FL10261,PA,16-04-2030,21,FALSE,FALSE,11-03-2022
DOC100987,1438843021,QT1678066,Ronald,Lopez,Dr. Ronald Lopez,Pulmonology,Burnett Medical Center,965 Arnold Lodge,Lake Annaton,FL,6059,215-389-3335x2866,ronald.lopez@kaiserhealth.org,NY55054,NC,17-12-2030,8,TRUE,FALSE,25-05-2023
DOC100988,2928150370,DR0926407,Zachary,Stewart,Dr. Zachary Stewart,Oncology,Miranda Medical Center,573 Daniel Wells,North Jackport,FL,46876,318.515.8061x949,zachary.stewart@kaiserhealth.org,CA77263,NC,19-05-2031,7,TRUE,FALSE,27-11-2024
DOC100989,1726282968,FW4485007,Colleen,Ramsey,Dr. Colleen Ramsey,Endocrinology,Wiley Hospital,193 Patel Common,Nortonfort,NC,10567,908.304.9293x2850,colleen.ramsey@kaiserhealth.org,NC96477,MI,18-01-2030,26,FALSE,FALSE,01-02-2025
DOC100990,1741168069,XD9612766,Christopher,Estes,Dr. Christopher Estes,Oncology,Clark and Sons,49522 Anna Wall,Blaketon,CA,28445,217.875.8856x2748,christopher.estes@kaiserhealth.org,NC14337,NC,12-03-2029,13,TRUE,FALSE,26-05-2022
DOC100991,1917026344,JG5962458,Carlos,Hull,Dr. Carlos Hull,Hematology,Stein Ltd,030 Vargas Village,Sherrychester,CA,42182,512.511.8601x8112,carlos.hull@kaiserhealth.org,NY33415,CA,29-04-2028,23,TRUE,FALSE,31-12-2021
DOC100992,1425369091,EH7530284,Ian,Howard,Dr. Ian Howard,Nephrology,"Romero, Simpson and Le",62314 Greene Point,Port Andrewshire,GA,92761,(419)268-0450x5211,ian.howard@kaiserhealth.org,OH17706,FL,29-01-2031,29,TRUE,FALSE,05-05-2023
DOC100993,2024365240,MM3648187,Laura,Smith,Dr. Laura Smith,Rheumatology,Sullivan Hospital,804 Burgess Valley,Larsenside,IL,92443,897-714-0834,laura.smith@kaiserhealth.org,CA41859,OH,13-08-2028,22,TRUE,FALSE,18-11-2023
DOC100994,1159773854,YN6232360,Ashlee,Gomez,Dr. Ashlee Gomez,Oncology,Smith-Frazier,062 Baker Locks Suite 983,Ashleyton,OH,64347,929-941-4290x495,ashlee.gomez@kaiserhealth.org,GA89209,MI,11-05-2031,38,TRUE,FALSE,28-02-2025
DOC100995,1259497220,JF9862269,Harold,Charles,Dr. Harold Charles,Nephrology,"Juarez, Ferguson and Gibson",195 Brady Lock Suite 728,Martinezport,CA,88620,001-368-359-0262x976,harold.charles@kaiserhealth.org,CA60309,OH,21-09-2030,30,TRUE,FALSE,24-10-2024
DOC100996,2996235699,VX2998335,Paul,Mack,Dr. Paul Mack,Gastroenterology,"Ross, Smith and Lopez",6896 Santos Crossing,Woodburgh,GA,65727,001-474-602-1572x3125,paul.mack@kaiserhealth.org,OH82873,NC,04-04-2028,34,TRUE,FALSE,22-03-2023
DOC100997,2925604134,SF0849315,Matthew,Peterson,Dr. Matthew Peterson,Neurology,"Myers, Johnson and Meyer",617 Daniel Vista Apt. 520,Rebekahbury,CA,43814,713.518.4560,matthew.peterson@kaiserhealth.org,NC34851,MI,20-09-2028,10,TRUE,FALSE,07-10-2022
DOC100998,1600014407,NE9143049,John,Martinez,Dr. John Martinez,Cardiology,"Dawson, Smith and Miller",443 Laura Harbor,West Michelleside,FL,64133,834.437.7982x40211,john.martinez@kaiserhealth.org,IL25493,CA,19-06-2028,18,TRUE,FALSE,14-04-2022
DOC100999,2528720998,PW5642240,Jay,Dean,Dr. Jay Dean,Oncology,"Glenn, Santana and Holmes",009 Hernandez Inlet,South Maurice,MI,61208,696.435.5877x45263,jay.dean@kaiserhealth.org,TX17289,NC,29-04-2028,16,TRUE,FALSE,11-09-2025
DOC101000,1097669194,TV6298056,Madison,Hernandez,Dr. Madison Hernandez,Gastroenterology,Phillips-Lopez,51178 Angela Isle Apt. 345,Jerryhaven,CA,24970,972.604.7676x66082,madison.hernandez@kaiserhealth.org,CA21164,GA,10-11-2028,28,TRUE,FALSE,02-10-2025
DOC101001,1796618695,RE4043474,Sean,Sharp,Dr. Sean Sharp,Oncology,Brown Group,13685 Curtis Trail Apt. 621,South Maureenland,TX,34176,830-610-6144x529,sean.sharp@kaiserhealth.org,PA39561,NY,29-12-2028,17,TRUE,FALSE,02-06-2025
DOC101002,2610077732,CR5036192,Larry,Huynh,Dr. Larry Huynh,Oncology,Jones PLC,15333 Floyd Mission Apt. 969,Johnsontown,TX,98805,7347344997,larry.huynh@kaiserhealth.org,PA91528,MI,16-12-2030,9,TRUE,FALSE,09-03-2026
DOC101003,2337034244,JQ4890476,Jennifer,Sims,Dr. Jennifer Sims,Oncology,"Schmidt, Hunter and Massey",602 Michael Ramp Apt. 794,South Samuel,GA,29283,727.649.0331x22239,jennifer.sims@kaiserhealth.org,NC64523,TX,11-11-2029,19,TRUE,FALSE,04-11-2021
DOC101004,1076519170,YT5173289,Sarah,Gonzales,Dr. Sarah Gonzales,Oncology,Hayes-Jennings,836 Collins Mountains Suite 407,East Richardchester,NY,46802,(300)576-2282x1282,sarah.gonzales@kaiserhealth.org,IL56094,OH,23-02-2031,17,FALSE,FALSE,11-10-2025
DOC101005,1918580558,CD5744965,Robert,Mullen,Dr. Robert Mullen,Neurology,Castillo Hospital,64393 Melissa Hills Suite 969,Lake Kathleen,MI,53230,(760)648-5312x3443,robert.mullen@kaiserhealth.org,NY62215,CA,15-12-2029,36,TRUE,FALSE,12-04-2026
DOC101006,1040930454,DT4039822,Christopher,Levy,Dr. Christopher Levy,Cardiology,"Parker, Dalton and Hamilton",42106 Taylor Springs,South Katherinetown,NC,40730,-2648,christopher.levy@kaiserhealth.org,CA99256,FL,20-08-2030,29,TRUE,FALSE,12-03-2026
DOC101007,1038588640,XQ8802652,Lindsay,Mckinney,Dr. Lindsay Mckinney,Oncology,"Frederick, Jackson and Dean",313 Lee Spurs Suite 597,South Ricardo,PA,56556,977.675.9358x61341,lindsay.mckinney@kaiserhealth.org,NY60087,IL,11-01-2030,32,TRUE,FALSE,11-02-2022
DOC101008,1335623039,QK4088067,Brenda,Robinson,Dr. Brenda Robinson,Oncology,"Johnson, Kelley and Stephens",67233 Erin Overpass Suite 150,North Charlesbury,NC,80427,854-680-4423,brenda.robinson@kaiserhealth.org,MI83189,GA,14-08-2029,7,TRUE,FALSE,28-10-2022
DOC101009,1199184311,GX2661158,Katherine,Green,Dr. Katherine Green,Oncology,"Munoz, Miller and Shields",64790 Combs Union Apt. 573,South Shawnshire,NC,50425,936.472.0961x023,katherine.green@kaiserhealth.org,PA83515,CA,02-05-2029,26,TRUE,FALSE,04-02-2024
DOC101010,2321196047,XX2205397,Jeffrey,Thompson,Dr. Jeffrey Thompson,Oncology,Hicks-Hughes,45971 Cox Springs Suite 932,Owensville,GA,15657,+1-754-891-7732x60968,jeffrey.thompson@kaiserhealth.org,GA45735,PA,28-08-2029,22,TRUE,FALSE,10-03-2026
DOC101011,1823171461,VU5394676,Hailey,Dillon,Dr. Hailey Dillon,Infectious Disease,"Pierce, Webster and Johnson",973 Mason Neck Suite 336,Josephfort,TX,7193,(863)627-6765,hailey.dillon@kaiserhealth.org,OH33567,FL,16-08-2030,25,TRUE,FALSE,05-05-2024
DOC101012,2053026184,AE5787036,April,Rios,Dr. April Rios,Gastroenterology,Cruz-Green,1553 Nash Glen Suite 024,Port Michaelmouth,OH,65401,(590)684-8965,april.rios@kaiserhealth.org,CA53338,CA,28-11-2028,30,TRUE,FALSE,21-09-2021
DOC101013,2636050281,WW6409891,Joel,Ballard,Dr. Joel Ballard,Oncology,Ramirez-Camacho,8053 James Place,Sarashire,CA,25206,(291)636-9648,joel.ballard@kaiserhealth.org,MI15741,MI,12-12-2030,12,FALSE,FALSE,28-09-2021
DOC101014,1302520945,FY3759795,Thomas,Ellis,Dr. Thomas Ellis,Neurology,Ponce Hospital,0632 Roberson Island,North Leahberg,NY,53927,(683)887-9633x467,thomas.ellis@kaiserhealth.org,MI95100,TX,17-08-2028,30,TRUE,FALSE,05-11-2024
DOC101015,2027574544,WU2054894,Michelle,Reese,Dr. Michelle Reese,Pulmonology,Robinson and Sons,99741 Wheeler Tunnel Apt. 941,North Andrewfort,PA,57676,6789195164,michelle.reese@kaiserhealth.org,FL77344,NY,09-07-2029,12,TRUE,FALSE,22-04-2026
DOC101016,1896558344,LN6229521,Cynthia,Harris,Dr. Cynthia Harris,Oncology,Forbes Medical Center,44357 Adams Mountains Apt. 505,South Anthony,CA,61756,3683756707,cynthia.harris@kaiserhealth.org,GA16859,PA,05-03-2028,31,TRUE,FALSE,17-01-2023
DOC101017,1616248607,AK7266023,John,Higgins,Dr. John Higgins,Rheumatology,Huffman PLC,37745 Choi Cove,East Tyrone,NY,66108,205.880.7910x651,john.higgins@kaiserhealth.org,PA76056,PA,19-08-2028,6,TRUE,FALSE,03-11-2021
DOC101018,1017316715,PB5879052,Tyler,Sheppard,Dr. Tyler Sheppard,Endocrinology,"Harris, Medina and Brewer",483 Jeremy Path Suite 736,Donnatown,IL,38650,592-872-8090x317,tyler.sheppard@kaiserhealth.org,IL19837,FL,30-11-2030,20,TRUE,FALSE,04-09-2023
DOC101019,2794064531,XL7905719,John,Vaughan,Dr. John Vaughan,Oncology,Vasquez-Stone,4088 Barajas Radial Apt. 032,South Conniestad,CA,57610,4525699015,john.vaughan@kaiserhealth.org,MI79667,OH,15-01-2031,32,FALSE,FALSE,25-10-2021
DOC101020,2693656183,GL9748768,Rachel,Lawson,Dr. Rachel Lawson,Oncology,"Barrett, Morales and Gonzalez",235 Gomez Alley,North Scott,PA,84736,001-215-340-2732,rachel.lawson@kaiserhealth.org,GA16445,TX,12-02-2028,20,FALSE,FALSE,14-07-2024
DOC101021,2718430192,FA9567333,Jason,Hansen,Dr. Jason Hansen,Endocrinology,Smith-Carter,82068 Lindsey Centers,Allisonville,MI,91349,5937054847,jason.hansen@kaiserhealth.org,GA37879,TX,19-05-2029,18,TRUE,FALSE,16-08-2025
DOC101022,2440282532,NQ6992427,Carol,Dyer,Dr. Carol Dyer,Hematology,"Shepherd, Pugh and Hernandez",538 Nicholas Corner Apt. 723,South Sarah,FL,17737,001-851-385-2557,carol.dyer@kaiserhealth.org,MI30899,FL,04-12-2028,39,TRUE,FALSE,16-05-2024
DOC101023,1023209140,CP9332844,Brittany,Sanchez,Dr. Brittany Sanchez,Oncology,"Martinez, Henderson and Acosta",4876 Emma Junction Apt. 488,Brendaville,FL,93954,808-792-4464x03507,brittany.sanchez@kaiserhealth.org,IL74833,NY,20-12-2028,38,TRUE,FALSE,28-06-2024
DOC101024,1755154526,BQ5699913,Carolyn,Marsh,Dr. Carolyn Marsh,Oncology,Richardson Hospital,82277 Evans Trafficway,Burtonfort,FL,36088,(592)954-1238x724,carolyn.marsh@kaiserhealth.org,NY13860,CA,12-01-2030,30,TRUE,FALSE,29-06-2025
DOC101025,1322622777,QG3168066,Christina,Smith,Dr. Christina Smith,Oncology,Page Hospital,484 Murray Greens Apt. 662,Lake Anne,GA,55783,+1-671-225-5935x02767,christina.smith@kaiserhealth.org,CA68058,CA,03-02-2029,18,TRUE,FALSE,21-01-2024
DOC101026,1360595298,KE4107402,David,Moore,Dr. David Moore,Hematology,Henry Ltd,5314 Fry Square Apt. 417,North Matthewstad,IL,44592,-10344,david.moore@kaiserhealth.org,CA98525,OH,19-04-2029,35,TRUE,FALSE,30-03-2026
DOC101027,2826762590,PF0036385,Stephanie,Alvarado,Dr. Stephanie Alvarado,Oncology,Watson Ltd,668 Ann Tunnel Suite 049,North Wesleyton,IL,38997,417.315.5785,stephanie.alvarado@kaiserhealth.org,OH19302,IL,27-02-2030,33,TRUE,FALSE,03-06-2026
DOC101028,2931839979,TY4914986,Stephen,Hall,Dr. Stephen Hall,Oncology,Hawkins-Eaton,60898 Lucas Burg,North Miguelside,MI,26309,+1-211-515-3202x640,stephen.hall@kaiserhealth.org,MI51286,PA,31-05-2030,5,TRUE,FALSE,07-07-2023
DOC101029,1266432239,JN1212898,Jasmine,Shepard,Dr. Jasmine Shepard,Oncology,Sanchez-Matthews,38878 Sherry Circles,New Kenneth,NY,59456,316.476.6342x08348,jasmine.shepard@kaiserhealth.org,PA90729,IL,29-09-2028,40,FALSE,FALSE,29-01-2023
DOC101030,1400127622,GU8474225,Julia,Sullivan,Dr. Julia Sullivan,Infectious Disease,Castillo-Hernandez,4047 Katie Track Apt. 796,Allenmouth,CA,68433,687-874-4992,julia.sullivan@kaiserhealth.org,NC74447,NY,25-09-2029,37,TRUE,FALSE,15-04-2025
DOC101031,1237887058,KC6806134,Elizabeth,Torres,Dr. Elizabeth Torres,Nephrology,Cruz-Bishop,15566 Valdez Flat Suite 026,Port Angelashire,PA,49657,496-566-8118x229,elizabeth.torres@kaiserhealth.org,OH50101,GA,29-04-2030,39,FALSE,FALSE,27-08-2022
DOC101032,2605867949,NG8309723,Joseph,Castro,Dr. Joseph Castro,Infectious Disease,Lopez Medical Center,3378 Brown Loaf,East Xavierfort,NY,39927,001-785-978-3045x596,joseph.castro@kaiserhealth.org,CA81172,CA,25-04-2030,14,TRUE,FALSE,21-11-2024
DOC101033,2620165557,XS6457865,Denise,Wade,Dr. Denise Wade,Oncology,Petersen-Stevens,005 Jones Street Apt. 676,Danielleview,CA,28659,(432)270-5614x65344,denise.wade@kaiserhealth.org,GA56145,NY,04-10-2027,16,TRUE,FALSE,23-12-2023
DOC101034,2400068758,PS2405166,Edward,Hooper,Dr. Edward Hooper,Rheumatology,"Reynolds, Wright and Baldwin",03519 Ashley Pines Suite 056,Courtneybury,CA,29834,885-508-1432x29876,edward.hooper@kaiserhealth.org,PA23960,TX,15-04-2028,16,TRUE,FALSE,30-08-2025
DOC101035,2418997402,GG8686083,Emily,Holt,Dr. Emily Holt,Oncology,Chan and Sons,81060 Jill Overpass,North Michaelberg,GA,79555,284-757-4965,emily.holt@kaiserhealth.org,CA18326,GA,06-02-2031,6,FALSE,FALSE,16-08-2022
DOC101036,2309442386,BF0508983,Thomas,Warner,Dr. Thomas Warner,Oncology,Jensen-Patterson,3583 Larry Ways,Lake Timothystad,MI,16688,806.910.9221,thomas.warner@kaiserhealth.org,IL19065,FL,19-09-2028,22,TRUE,FALSE,18-05-2024
DOC101037,1961979797,EJ5284135,Linda,Harris,Dr. Linda Harris,Infectious Disease,Rodriguez-Murillo,04319 Scott Gateway,East Robertchester,MI,46558,(402)633-6165x5806,linda.harris@kaiserhealth.org,IL79026,CA,04-06-2029,24,TRUE,FALSE,07-04-2024
DOC101038,1735674809,LR3940598,Martin,Hernandez,Dr. Martin Hernandez,Oncology,Bentley-Shannon,7027 Rodriguez Avenue,Rebeccachester,CA,72572,806.990.5711x2181,martin.hernandez@kaiserhealth.org,OH10142,TX,12-03-2031,21,TRUE,FALSE,21-03-2023
DOC101039,1315892584,VA7342031,Lisa,Bonilla,Dr. Lisa Bonilla,Nephrology,Lloyd-Lopez,305 Moreno Street,Tanyachester,GA,43865,407.894.3218x3024,lisa.bonilla@kaiserhealth.org,GA71756,IL,27-05-2030,39,TRUE,FALSE,01-10-2023
DOC101040,2951418648,FG0882958,Robert,Rice,Dr. Robert Rice,Infectious Disease,Fuller-Sutton,020 Jones Trail,West Jenniferside,NC,66616,7515093346,robert.rice@kaiserhealth.org,IL23896,MI,13-06-2028,31,TRUE,FALSE,14-01-2025
DOC101041,1260586942,QP7483173,James,Young,Dr. James Young,Oncology,Olson-Barton,70098 Wilson Trail Suite 377,Lake Deborahville,OH,61111,5475012592,james.young@kaiserhealth.org,OH33828,MI,30-05-2031,18,TRUE,FALSE,21-04-2026
DOC101042,1518178824,EN5594698,Julie,Davis,Dr. Julie Davis,Nephrology,"Pittman, Ryan and James",6975 Michael Court,Cranebury,CA,90864,001-593-301-0559x16983,julie.davis@kaiserhealth.org,OH30022,FL,28-07-2029,13,TRUE,FALSE,19-04-2023
DOC101043,1371798902,FH7900654,Wanda,Bennett,Dr. Wanda Bennett,Oncology,"Porter, Stone and Reeves",406 Padilla Unions Suite 525,Port Miguel,GA,3313,+1-476-450-9462x07856,wanda.bennett@kaiserhealth.org,CA97962,NC,30-05-2029,22,TRUE,FALSE,08-06-2022
DOC101044,2954176755,GU8188907,Bianca,Cardenas,Dr. Bianca Cardenas,Neurology,Johnson-Anderson,118 Hunt Way Apt. 109,South Mary,GA,77523,+1-919-849-0817x0032,bianca.cardenas@kaiserhealth.org,NC18691,PA,01-05-2030,9,TRUE,FALSE,04-12-2022
DOC101045,1894589626,TG8488763,Alison,Cooper,Dr. Alison Cooper,Gastroenterology,"Estrada, Warren and Marshall",0149 Anderson Lights Apt. 119,Ronaldfurt,CA,40597,(207)773-5956x91922,alison.cooper@kaiserhealth.org,TX12214,GA,06-03-2031,30,TRUE,FALSE,08-07-2022
DOC101046,1961219051,TT1298861,Tasha,Richardson,Dr. Tasha Richardson,Oncology,Foley Ltd,8925 Brandon Knolls Apt. 674,Fowlerborough,TX,48094,-9286,tasha.richardson@kaiserhealth.org,CA95046,GA,14-08-2029,5,FALSE,FALSE,01-05-2025
DOC101047,2901079237,EU8268933,Catherine,Brooks,Dr. Catherine Brooks,Pulmonology,"Mcfarland, Estrada and Landry",83569 Walton Fall Suite 201,North Heidi,CA,33815,(591)726-7191x96993,catherine.brooks@kaiserhealth.org,OH96684,IL,06-07-2028,34,FALSE,FALSE,24-10-2021
DOC101048,1506757896,SH3557077,Jason,Jones,Dr. Jason Jones,Neurology,"Mendoza, Robinson and Flores",287 Hall Isle Suite 262,East Carmenview,NY,72441,647.781.1282x6993,jason.jones@kaiserhealth.org,TX96271,FL,06-01-2028,11,TRUE,FALSE,04-05-2025
DOC101049,2057052187,VV3844404,Jerry,Beltran,Dr. Jerry Beltran,Rheumatology,Taylor and Sons,7865 Laura Port,Ginamouth,CA,49459,001-605-557-7791x74312,jerry.beltran@kaiserhealth.org,NC37425,NY,11-10-2028,9,TRUE,FALSE,17-03-2024
DOC101050,2701235036,TQ1568910,Jamie,Wright,Dr. Jamie Wright,Nephrology,"Jones, Vaughn and Simpson",272 Christine Passage,Lake Kristinfurt,GA,78033,001-857-856-2943x391,jamie.wright@kaiserhealth.org,GA90990,GA,13-04-2031,39,TRUE,FALSE,31-05-2025
DOC101051,1344568446,RU4036640,Tiffany,Drake,Dr. Tiffany Drake,Cardiology,"Stewart, Smith and Armstrong",94410 Alexis Drive Suite 974,West Joshua,OH,77117,(810)318-1889,tiffany.drake@kaiserhealth.org,FL27657,MI,28-05-2028,25,TRUE,FALSE,26-10-2022
DOC101052,2831597572,VY2731868,Kathryn,Huffman,Dr. Kathryn Huffman,Neurology,"Sanchez, West and Ashley",481 Christopher Stravenue,Johnsonborough,CA,39765,756.601.6426x245,kathryn.huffman@kaiserhealth.org,TX84047,NY,07-04-2029,26,TRUE,FALSE,17-11-2022
DOC101053,2233241651,TM4839660,Aaron,Thompson,Dr. Aaron Thompson,Hematology,Rivas Hospital,9223 Smith Villages Apt. 734,West Paul,FL,8635,+1-254-970-0603x981,aaron.thompson@kaiserhealth.org,IL48225,OH,15-12-2029,35,TRUE,FALSE,14-07-2024
DOC101054,2215958417,JV1617050,Daniel,Lee,Dr. Daniel Lee,Endocrinology,Jones Ltd,202 Kelly Coves,Morganland,TX,50697,809.856.4185x41333,daniel.lee@kaiserhealth.org,NY77321,NY,09-01-2029,30,TRUE,FALSE,07-08-2021
DOC101055,1413447609,JT3774029,Donald,Peterson,Dr. Donald Peterson,Endocrinology,"Mcbride, Jones and Conway",179 Elizabeth Stream Suite 829,Lake Markport,NC,78180,(621)391-1429,donald.peterson@kaiserhealth.org,OH47829,FL,23-09-2028,17,TRUE,FALSE,07-06-2022
DOC101056,1265099621,TG6677196,Justin,Potter,Dr. Justin Potter,Infectious Disease,Ochoa Hospital,939 Justin Extension Suite 520,Port Francistown,OH,14666,840.820.9844x698,justin.potter@kaiserhealth.org,OH20218,CA,16-01-2029,13,FALSE,FALSE,09-01-2024
DOC101057,2342022234,VU8013768,Amy,Vazquez,Dr. Amy Vazquez,Neurology,Ford PLC,67591 Collins Groves,West Jamesberg,OH,94784,480-511-3085,amy.vazquez@kaiserhealth.org,GA56934,MI,06-12-2027,6,TRUE,FALSE,20-07-2024
DOC101058,2915244614,KA9233517,Richard,Rich,Dr. Richard Rich,Pulmonology,Eaton and Sons,84022 Foster Lock Suite 132,East Lawrenceview,OH,21331,686.470.7760,richard.rich@kaiserhealth.org,PA66922,IL,16-02-2030,13,TRUE,FALSE,06-03-2023
DOC101059,2018637263,CU9569559,Denise,Walters,Dr. Denise Walters,Endocrinology,"Guerrero, Potter and Snyder",674 Teresa Squares Suite 721,South Debraburgh,TX,38788,001-600-933-0510x972,denise.walters@kaiserhealth.org,GA99824,GA,01-12-2030,29,TRUE,FALSE,31-08-2022
DOC101060,2149003850,FL5134448,Melvin,White,Dr. Melvin White,Infectious Disease,Roberts-Brown,276 Beverly Island,East Angela,GA,14053,-7447,melvin.white@kaiserhealth.org,TX33667,NC,12-07-2029,39,TRUE,FALSE,31-10-2021
DOC101061,1473314546,YC5749325,Joshua,Curtis,Dr. Joshua Curtis,Cardiology,Bell Group,89959 Chad Common,Maldonadoshire,NY,25022,+1-713-253-4705x07077,joshua.curtis@kaiserhealth.org,IL87117,GA,28-07-2030,38,TRUE,FALSE,31-03-2026
DOC101062,2312040954,HQ7661830,Andrea,Schroeder,Dr. Andrea Schroeder,Gastroenterology,Knight-Hopkins,57686 Martinez Cliffs Apt. 805,Charlesview,PA,72911,254-722-5955x133,andrea.schroeder@kaiserhealth.org,NC16763,CA,06-02-2030,11,TRUE,FALSE,25-01-2022
DOC101063,2314391511,JH6786210,Michael,Davis,Dr. Michael Davis,Hematology,Clark-Barker,109 Jimenez Junctions,Lake Jerrychester,NC,30566,(559)605-0417x3722,michael.davis@kaiserhealth.org,NY81931,GA,25-01-2028,11,TRUE,FALSE,24-01-2025
DOC101064,2856425706,WT0269331,Michelle,Tucker,Dr. Michelle Tucker,Oncology,"Buchanan, Owens and Yu",323 Donald Common,Brownhaven,IL,82039,+1-893-554-7521x1275,michelle.tucker@kaiserhealth.org,TX35713,CA,19-09-2030,30,TRUE,FALSE,24-09-2025
DOC101065,1302865505,EF4114206,Patricia,Robinson,Dr. Patricia Robinson,Infectious Disease,Torres and Sons,08862 Brian Meadows,Kimberlyshire,GA,34503,+1-200-238-1803x64851,patricia.robinson@kaiserhealth.org,CA23513,PA,17-01-2028,9,TRUE,FALSE,26-01-2022
DOC101066,1016633822,EE4005392,Vincent,Torres,Dr. Vincent Torres,Endocrinology,"King, Stephens and West",461 Walters Mountains,Mayborough,TX,24581,001-914-699-9703x20434,vincent.torres@kaiserhealth.org,CA58816,OH,26-05-2028,13,TRUE,FALSE,28-03-2023
DOC101067,1901134843,HU1332528,Kristopher,Anderson,Dr. Kristopher Anderson,Infectious Disease,Jenkins Medical Center,46010 Rodriguez Crossing,West Michael,CA,98175,994.420.7223x956,kristopher.anderson@kaiserhealth.org,FL30751,FL,16-04-2030,21,TRUE,FALSE,21-03-2022
DOC101068,2452342864,KV7602498,Tracy,Norton,Dr. Tracy Norton,Oncology,Page PLC,877 Alvarez Mill Suite 138,Marshallland,OH,17382,498.218.9397,tracy.norton@kaiserhealth.org,FL45077,TX,04-09-2028,8,TRUE,FALSE,21-10-2025
DOC101069,2367734985,FV7356152,Thomas,Williams,Dr. Thomas Williams,Oncology,Wilson-King,868 Deanna Turnpike Suite 341,South Suzanneshire,OH,86657,(340)731-5758x5939,thomas.williams@kaiserhealth.org,PA53583,MI,05-07-2028,9,TRUE,FALSE,27-10-2024
DOC101070,2253809664,DJ7533695,Jennifer,Johnson,Dr. Jennifer Johnson,Endocrinology,Wilcox-Burke,271 King Loop,New Lee,IL,55613,202.707.1537x842,jennifer.johnson@kaiserhealth.org,GA45493,OH,08-01-2029,32,TRUE,FALSE,15-06-2024
DOC101071,1538962985,HE4367924,Jennifer,Campos,Dr. Jennifer Campos,Cardiology,"Flores, Campbell and Malone",8967 Hale Parkway,Lake Jennifer,PA,96172,(610)907-2040,jennifer.campos@kaiserhealth.org,GA20721,TX,23-09-2030,34,TRUE,FALSE,27-01-2022
DOC101072,2383543468,LS6390616,Vanessa,Casey,Dr. Vanessa Casey,Oncology,Powell-Watts,780 Davis Brooks Suite 866,Millerchester,CA,34201,926-324-4704x986,vanessa.casey@kaiserhealth.org,IL84122,GA,26-12-2027,20,TRUE,FALSE,17-08-2021
DOC101073,1615381168,WG7103073,Tina,Shaw,Dr. Tina Shaw,Hematology,Osborne-Hall,7044 Kristi Burgs,Sanchezport,CA,49811,+1-368-999-7490x30438,tina.shaw@kaiserhealth.org,OH17724,GA,18-05-2029,15,TRUE,FALSE,01-10-2025
DOC101074,1148967808,EN4931214,Sarah,Berry,Dr. Sarah Berry,Infectious Disease,Powell-Berry,0481 Sarah Springs Apt. 018,Saundersport,FL,32621,(331)445-6518,sarah.berry@kaiserhealth.org,MI49039,GA,20-06-2029,30,TRUE,FALSE,13-08-2024
DOC101075,2292645633,VD7299403,Brooke,Merritt,Dr. Brooke Merritt,Oncology,Brown-Sanchez,4325 Shaffer Mountains,Anthonymouth,MI,28024,(225)412-3115x4111,brooke.merritt@kaiserhealth.org,IL76273,NY,13-08-2027,12,TRUE,FALSE,20-09-2024
DOC101076,2649719670,PX8335391,Alexander,Garcia,Dr. Alexander Garcia,Oncology,"Morales, Aguilar and Brown",2214 Martin Way,Muellermouth,NY,86220,353.884.2561,alexander.garcia@kaiserhealth.org,OH24081,TX,16-12-2027,27,TRUE,FALSE,26-02-2024
DOC101077,1163994901,GH3443767,Elizabeth,Howell,Dr. Elizabeth Howell,Neurology,"Carr, Nelson and Thomas",455 Samuel Trail,Amandaberg,IL,53123,429.550.8149x94023,elizabeth.howell@kaiserhealth.org,NC23158,IL,21-12-2028,7,TRUE,FALSE,20-03-2026
DOC101078,2101679301,JT1160499,Mitchell,Hall,Dr. Mitchell Hall,Cardiology,Dixon-Steele,288 Matthew Valley Suite 507,New Ginamouth,CA,28264,(644)625-2477x774,mitchell.hall@kaiserhealth.org,CA50835,TX,25-11-2029,7,TRUE,FALSE,25-10-2024
DOC101079,2616801990,HK2134854,Joseph,Matthews,Dr. Joseph Matthews,Gastroenterology,Torres Hospital,60698 Peter Plains,Martinezmouth,IL,48231,(337)479-3854x609,joseph.matthews@kaiserhealth.org,TX17853,FL,05-01-2028,25,TRUE,FALSE,06-09-2021
DOC101080,2079179138,NB1571171,Norma,King,Dr. Norma King,Neurology,Moore-Ward,396 Christopher Mews Apt. 993,Port Crystal,TX,33645,307.892.6251x743,norma.king@kaiserhealth.org,NY86410,IL,15-10-2030,6,FALSE,FALSE,23-12-2021
DOC101081,2702881411,ET7452719,Jeff,Watson,Dr. Jeff Watson,Neurology,"Bryan, Brady and Good",98844 Steve Ports Suite 236,Port Melissashire,CA,35182,001-964-354-9595,jeff.watson@kaiserhealth.org,GA76856,PA,26-03-2028,36,TRUE,FALSE,23-04-2025
DOC101082,2391381074,VD6194232,Jessica,Swanson,Dr. Jessica Swanson,Cardiology,Mckinney-Roberts,1832 Sarah Harbors,East Jasonborough,PA,52161,+1-727-361-7640x40465,jessica.swanson@kaiserhealth.org,IL16276,NY,03-11-2027,20,TRUE,FALSE,19-11-2022
DOC101083,2350696261,PT4552527,Andrea,Hall,Dr. Andrea Hall,Oncology,Krueger Medical Center,22892 Thomas Run Suite 595,Port Stacey,NY,69430,001-627-567-7423x935,andrea.hall@kaiserhealth.org,CA28209,PA,15-05-2031,23,TRUE,FALSE,12-06-2023
DOC101084,1798994885,PN9489930,Lori,Cooley,Dr. Lori Cooley,Oncology,Lee-Cobb,396 Christopher Key Apt. 002,Smithmouth,PA,99668,(714)534-8696,lori.cooley@kaiserhealth.org,NY87443,PA,20-03-2031,32,TRUE,FALSE,20-09-2025
DOC101085,2355842271,QE6625650,Carlos,Orr,Dr. Carlos Orr,Pulmonology,Wright-Montes,08983 Angela Forges Apt. 950,Deanbury,OH,61721,231.429.7341x485,carlos.orr@kaiserhealth.org,CA72444,CA,29-05-2030,7,TRUE,FALSE,10-05-2025
DOC101086,2130686240,YS7100668,Elizabeth,Cuevas,Dr. Elizabeth Cuevas,Nephrology,"Fowler, Jacobson and Johnson",8009 Thomas Extensions,New Dianafort,CA,11693,(718)894-5239,elizabeth.cuevas@kaiserhealth.org,IL23145,GA,12-10-2030,13,TRUE,FALSE,25-10-2021
DOC101087,1762381152,EH2822282,David,Clark,Dr. David Clark,Oncology,Cochran-Meadows,1757 James Flat Apt. 888,Port Ryantown,CA,79800,817-950-2413x0078,david.clark@kaiserhealth.org,NC46401,GA,05-04-2030,25,TRUE,FALSE,20-06-2024
DOC101088,1599940041,BT4791351,Zachary,Harrington,Dr. Zachary Harrington,Cardiology,Peterson-Weaver,591 Rogers Hill,Thompsonbury,FL,51727,(494)262-7286x51814,zachary.harrington@kaiserhealth.org,PA97426,CA,22-10-2028,25,TRUE,FALSE,02-06-2023
DOC101089,2228920641,WY5780978,Denise,Nelson,Dr. Denise Nelson,Oncology,"Nguyen, Williams and Best",2176 Bates Hill Apt. 941,Muellerfurt,CA,59369,607-388-6985x857,denise.nelson@kaiserhealth.org,TX80837,CA,10-09-2030,9,TRUE,FALSE,24-03-2022
DOC101090,2194534195,ES1447867,Brian,Brewer,Dr. Brian Brewer,Pulmonology,Ellis-Hernandez,1879 Denise Mission Suite 377,North Tammyview,TX,75866,516.945.9824,brian.brewer@kaiserhealth.org,NC14772,TX,27-10-2029,10,TRUE,FALSE,14-08-2021
DOC101091,1063578037,TU1213974,Joseph,Smith,Dr. Joseph Smith,Neurology,Olson PLC,5187 Long Prairie,South Rachel,OH,77766,(403)727-3571,joseph.smith@kaiserhealth.org,MI85459,CA,24-02-2029,25,TRUE,FALSE,11-08-2025
DOC101092,2575994084,FU0696904,Veronica,Zhang,Dr. Veronica Zhang,Rheumatology,Farrell Medical Center,578 French Crescent,Jimport,TX,24307,266-500-9805x78369,veronica.zhang@kaiserhealth.org,NC89657,NC,17-08-2027,32,TRUE,FALSE,20-03-2023
DOC101093,1065673374,MQ0165276,Rachel,Adams,Dr. Rachel Adams,Cardiology,Underwood Group,329 Hamilton Plain Suite 997,Velasqueztown,FL,97018,206.200.7461x4337,rachel.adams@kaiserhealth.org,OH97016,NC,30-10-2030,9,TRUE,FALSE,10-11-2023
DOC101094,1253084376,VV2964447,Jessica,Miller,Dr. Jessica Miller,Oncology,"Freeman, Parker and Dodson",8716 William Squares,Kimland,TX,47396,674.905.4586x6182,jessica.miller@kaiserhealth.org,PA11199,NC,20-10-2028,23,TRUE,FALSE,24-01-2022
DOC101095,1242348004,CQ2415536,Joshua,Burns,Dr. Joshua Burns,Nephrology,Khan-Burton,98872 Clark Green Apt. 122,Lake Jeffery,CA,77208,621.759.0071x32044,joshua.burns@kaiserhealth.org,PA80068,PA,13-04-2029,25,TRUE,FALSE,08-05-2025
DOC101096,1627960242,MQ0333295,Sandra,Webb,Dr. Sandra Webb,Oncology,Greer-Estrada,766 Kenneth Mall,New Christopher,IL,13441,(645)976-7765x7666,sandra.webb@kaiserhealth.org,PA33761,FL,04-03-2029,10,TRUE,FALSE,22-11-2021
DOC101097,1863040296,NF9917217,Anna,Martinez,Dr. Anna Martinez,Pulmonology,"Lambert, Hebert and Horn",645 House Cliffs,Coxport,CA,75634,+1-788-678-2988x727,anna.martinez@kaiserhealth.org,MI28197,TX,24-08-2030,6,TRUE,FALSE,04-11-2023
DOC101098,2782153926,NV3706325,Donald,Smith,Dr. Donald Smith,Oncology,Mcdaniel PLC,069 Brooke Plain Suite 386,Austinfurt,FL,63278,(346)663-9032,donald.smith@kaiserhealth.org,NY40228,MI,18-07-2028,15,TRUE,FALSE,19-12-2021
DOC101099,2850220619,BD9333593,James,Stephens,Dr. James Stephens,Hematology,Cooke and Sons,11184 Richard Glen,Matthewfort,MI,42415,(824)952-9615x143,james.stephens@kaiserhealth.org,GA21108,MI,24-06-2031,8,TRUE,FALSE,24-08-2023
DOC101100,1295616225,NY4718559,Michael,Zimmerman,Dr. Michael Zimmerman,Pulmonology,"Clark, Jones and Chavez",871 Mark Locks,Sloanchester,CA,32933,+1-238-395-8641x78256,michael.zimmerman@kaiserhealth.org,GA85938,MI,18-01-2030,14,TRUE,FALSE,15-06-2026
DOC101101,2532316778,CK5647437,Victoria,Hampton,Dr. Victoria Hampton,Oncology,"Reynolds, Baker and Coleman",762 Phillip Spur Suite 268,Maryfort,NY,77814,236.779.9010x271,victoria.hampton@kaiserhealth.org,MI48759,PA,19-02-2031,17,TRUE,FALSE,30-07-2022
DOC101102,1177666505,FX7612092,Mary,Lopez,Dr. Mary Lopez,Gastroenterology,"Gibson, Garcia and Anderson",190 Nolan Street Suite 244,Barkerberg,NY,5173,765-266-3393,mary.lopez@kaiserhealth.org,PA72493,NC,18-09-2029,8,TRUE,FALSE,26-10-2022
DOC101103,1902231167,WT7067635,Keith,Dennis,Dr. Keith Dennis,Neurology,Anderson-Allen,0307 Edwards Walk,Cameronview,TX,21423,6247843507,keith.dennis@kaiserhealth.org,TX36007,GA,23-07-2027,12,TRUE,FALSE,20-04-2023
DOC101104,1126848563,RC1429430,Joan,Wright,Dr. Joan Wright,Oncology,Robertson PLC,24404 Christopher River Apt. 771,East Erica,CA,92592,001-832-377-3765x547,joan.wright@kaiserhealth.org,FL69448,PA,10-05-2029,20,TRUE,FALSE,30-07-2022
DOC101105,1313246598,NN9327841,Scott,Alvarez,Dr. Scott Alvarez,Oncology,Morgan Hospital,7126 Patterson Junction,New Jay,CA,76142,001-629-542-7021x5013,scott.alvarez@kaiserhealth.org,FL99523,GA,15-03-2030,31,TRUE,FALSE,14-08-2023
DOC101106,1538201140,NM2664267,Ashley,Kim,Dr. Ashley Kim,Neurology,Montgomery-Yang,247 Lopez Squares Apt. 299,East Shannonville,PA,90764,+1-612-475-9395x571,ashley.kim@kaiserhealth.org,NY28939,GA,08-11-2027,16,FALSE,FALSE,04-04-2022
DOC101107,2533756569,RP4878496,Robert,Nunez,Dr. Robert Nunez,Oncology,Johnson Ltd,591 Adam Harbor Suite 364,South Joseph,TX,33397,229.269.1422,robert.nunez@kaiserhealth.org,IL85727,IL,19-06-2029,28,TRUE,FALSE,09-10-2022
DOC101108,1462506929,PL6851206,Frederick,Small,Dr. Frederick Small,Oncology,Sanders-Mason,78087 Barnett Coves Apt. 933,Jefferytown,GA,6215,001-900-963-2586,frederick.small@kaiserhealth.org,OH74512,TX,05-04-2031,19,TRUE,FALSE,22-04-2024
DOC101109,1979344212,UD4650223,Justin,Wood,Dr. Justin Wood,Pulmonology,Martinez-Martin,0344 Little Forges Apt. 465,Foleyhaven,CA,37862,001-715-346-3517x57351,justin.wood@kaiserhealth.org,GA82103,CA,05-11-2030,23,FALSE,FALSE,29-09-2025
DOC101110,2972518407,AG3982147,Randy,Craig,Dr. Randy Craig,Gastroenterology,Padilla-Knight,6003 Seth Island Apt. 296,Zacharyberg,TX,12071,7929225145,randy.craig@kaiserhealth.org,FL35305,GA,26-05-2031,14,TRUE,FALSE,30-06-2026
DOC101111,2516767063,PW3286301,Cynthia,Combs,Dr. Cynthia Combs,Cardiology,Chavez and Sons,6604 Justin Meadow,Jasonburgh,TX,81611,508.713.7229x8210,cynthia.combs@kaiserhealth.org,TX13547,CA,18-03-2030,38,TRUE,FALSE,04-10-2022
DOC101112,2264833367,XU6082896,Larry,Werner,Dr. Larry Werner,Hematology,Obrien and Sons,14962 Johnson Valley Suite 953,New Taylorborough,NY,86907,+1-847-867-9007x82446,larry.werner@kaiserhealth.org,FL59963,CA,06-02-2029,26,TRUE,FALSE,13-02-2024
DOC101113,2946920856,JU0132495,Gwendolyn,Walker,Dr. Gwendolyn Walker,Cardiology,"Weiss, Frazier and Cunningham",86825 Alyssa Isle Apt. 562,Sparksfurt,MI,50350,001-623-825-7273,gwendolyn.walker@kaiserhealth.org,FL59047,CA,01-06-2031,5,TRUE,FALSE,02-02-2026
DOC101114,2461758080,GS8904410,Lori,Obrien,Dr. Lori Obrien,Oncology,Wells Medical Center,2334 Hutchinson Meadows Suite 610,Craigport,CA,79078,001-961-480-6862x8868,lori.obrien@kaiserhealth.org,IL41718,NY,26-08-2028,27,TRUE,FALSE,17-08-2023
DOC101115,2135381483,RK7558030,Cassandra,Mercer,Dr. Cassandra Mercer,Nephrology,Molina Ltd,86956 Jerome Hills Suite 088,Lake Diana,CA,13804,-8672,cassandra.mercer@kaiserhealth.org,NY62863,NC,26-12-2029,25,TRUE,FALSE,27-01-2022
DOC101116,2177840190,EQ1698837,Linda,Brewer,Dr. Linda Brewer,Cardiology,Snyder Group,980 Kimberly Wells,East Sarah,CA,4145,463-518-5200,linda.brewer@kaiserhealth.org,NY23985,PA,17-12-2029,38,FALSE,FALSE,04-05-2022
DOC101117,2861199767,MU8332617,Michael,Robinson,Dr. Michael Robinson,Oncology,Allen Group,140 Christopher Oval,East Johnside,PA,78463,(772)801-2959x03177,michael.robinson@kaiserhealth.org,CA53625,NC,05-05-2031,18,TRUE,FALSE,22-05-2026
DOC101118,2581956572,TM3533998,Heidi,Smith,Dr. Heidi Smith,Oncology,"Smith, Garcia and Perkins",6532 Horn Pines,West Vickie,IL,67388,001-271-951-5474x69117,heidi.smith@kaiserhealth.org,TX60842,OH,17-07-2027,14,TRUE,FALSE,18-08-2022
DOC101119,2580158466,TR9303028,Timothy,Patel,Dr. Timothy Patel,Rheumatology,Escobar Hospital,93808 Justin Station,East Maryburgh,CA,15345,(400)959-3241x8325,timothy.patel@kaiserhealth.org,TX70558,TX,17-02-2029,35,TRUE,FALSE,09-11-2022
DOC101120,2983451502,LE8546130,Michael,Rios,Dr. Michael Rios,Oncology,Henson Medical Center,16795 Martin Summit,East Pamela,GA,65264,+1-201-416-7811x67862,michael.rios@kaiserhealth.org,FL11003,NC,08-11-2028,35,TRUE,FALSE,23-04-2022
DOC101121,1738277771,DS4252786,Mason,Hunter,Dr. Mason Hunter,Oncology,Webster-Reynolds,22099 Miller Spur,Jasontown,CA,37583,+1-705-231-9841x05075,mason.hunter@kaiserhealth.org,MI18058,CA,27-09-2029,33,FALSE,FALSE,14-09-2023
DOC101122,1102423447,GX0577719,Warren,Martin,Dr. Warren Martin,Oncology,Gutierrez-Burns,78467 Williams Avenue,North Debra,NY,51973,940-458-3550x172,warren.martin@kaiserhealth.org,MI86357,GA,06-06-2029,11,TRUE,FALSE,05-04-2025
DOC101123,2566764099,XN8334400,John,Hardy,Dr. John Hardy,Nephrology,"Lopez, Johnson and Bradford",05112 Margaret Glens,South Paulafurt,PA,70514,2198905024,john.hardy@kaiserhealth.org,TX31165,IL,01-11-2028,13,FALSE,FALSE,15-01-2022
DOC101124,2537932219,CJ3907054,Carl,Harrison,Dr. Carl Harrison,Hematology,"Decker, Foley and Wells",170 Nelson Knoll,Knighthaven,FL,73396,(531)324-0790x4481,carl.harrison@kaiserhealth.org,OH16562,NY,14-12-2029,26,TRUE,FALSE,09-01-2022
DOC101125,1150101626,AA8026589,Robin,Garcia,Dr. Robin Garcia,Neurology,Nicholson-Rogers,6776 Breanna Junction Apt. 496,North Timothyshire,IL,20591,476-445-1770,robin.garcia@kaiserhealth.org,GA54074,MI,29-04-2030,34,TRUE,FALSE,30-03-2023
DOC101126,1354883571,VF1496791,Angela,King,Dr. Angela King,Pulmonology,Bernard-Torres,7253 Brian Knoll,New Joseph,CA,74429,-8402,angela.king@kaiserhealth.org,FL76238,OH,03-03-2030,29,TRUE,FALSE,19-05-2024
DOC101127,1203172665,ES2468549,Jackie,Snow,Dr. Jackie Snow,Endocrinology,"Smith, Graves and Scott",866 Jennifer Union,Katieport,GA,70456,342-873-9835x6523,jackie.snow@kaiserhealth.org,TX48023,CA,23-04-2030,7,TRUE,FALSE,10-05-2025
DOC101128,1086014605,CU0854327,Richard,Mccormick,Dr. Richard Mccormick,Oncology,Kennedy Hospital,40620 Robert Fields,West Kimberly,OH,15795,421-856-3452x636,richard.mccormick@kaiserhealth.org,FL17473,FL,08-04-2028,20,TRUE,FALSE,05-05-2023
DOC101129,2369301000,UB8993187,James,Stevens,Dr. James Stevens,Oncology,Hill-Cox,434 Villa Corner,North Tannerview,NY,75980,649-857-4218x842,james.stevens@kaiserhealth.org,CA50595,NC,04-07-2028,7,TRUE,FALSE,18-10-2025
DOC101130,1541589290,VH0437661,Daniel,Richardson,Dr. Daniel Richardson,Neurology,Hanson Medical Center,7924 Roberts Radial Suite 247,West Jason,OH,81997,+1-387-659-1530x075,daniel.richardson@kaiserhealth.org,OH32333,NC,23-01-2029,6,TRUE,FALSE,18-02-2022
DOC101131,1226815947,YJ7053110,Laura,Robinson,Dr. Laura Robinson,Rheumatology,Castillo-Carroll,57824 Singh Club,Lake Wesleyberg,NC,33399,(243)878-6243x0146,laura.robinson@kaiserhealth.org,FL98387,FL,14-04-2029,5,TRUE,FALSE,21-10-2024
DOC101132,2739798421,TU1426937,Danny,Johnson,Dr. Danny Johnson,Infectious Disease,"Sims, Allen and Griffin",121 Harper Squares Apt. 650,Jonesview,CA,57880,459-501-1250,danny.johnson@kaiserhealth.org,CA23611,OH,04-11-2027,36,TRUE,FALSE,10-01-2025
DOC101133,1877628836,HP8850162,Bradley,Browning,Dr. Bradley Browning,Oncology,Lopez Group,986 Danielle Creek,North Angela,OH,10979,998-642-5079x669,bradley.browning@kaiserhealth.org,TX87610,TX,11-03-2028,16,TRUE,FALSE,08-10-2021
DOC101134,2788093761,NL2289890,Sarah,Holland,Dr. Sarah Holland,Oncology,Miller-Massey,6073 Jackson Squares,Jonesstad,IL,76367,(928)459-9475x763,sarah.holland@kaiserhealth.org,MI86510,FL,07-01-2030,25,TRUE,FALSE,13-06-2023
DOC101135,1255977726,LV7640838,Anthony,Edwards,Dr. Anthony Edwards,Oncology,Andrews-Keller,7607 Cortez Courts,West Brendaview,CA,96152,+1-781-850-4390x35602,anthony.edwards@kaiserhealth.org,CA51561,CA,16-02-2030,9,FALSE,FALSE,02-10-2024
DOC101136,2171657893,UC2956518,Ronald,Smith,Dr. Ronald Smith,Gastroenterology,"Barnes, Howard and Rhodes",75121 Christopher Highway Apt. 622,Collinsport,GA,14104,702.545.9408x59356,ronald.smith@kaiserhealth.org,NY94972,NY,04-12-2028,24,TRUE,FALSE,01-11-2022
DOC101137,1050092449,YW2878757,Laurie,Davidson,Dr. Laurie Davidson,Oncology,Mejia-Gallagher,76557 Todd Wall Suite 852,Charlesburgh,FL,43880,001-484-667-9017x5227,laurie.davidson@kaiserhealth.org,CA28519,MI,20-11-2029,17,TRUE,FALSE,19-02-2025
DOC101138,1250186074,FU0695222,Mark,Martin,Dr. Mark Martin,Neurology,"Sanders, Scott and Marks",03854 Samuel Circle,Katherinemouth,FL,75257,001-712-342-6957x538,mark.martin@kaiserhealth.org,OH89262,FL,03-07-2030,12,TRUE,FALSE,18-03-2023
DOC101139,1620073024,FN6249753,Emma,Franklin,Dr. Emma Franklin,Hematology,Brooks-Wright,461 Anderson Mews,North Joseph,IL,67494,(920)963-3461x189,emma.franklin@kaiserhealth.org,CA52812,GA,19-04-2028,10,TRUE,FALSE,24-04-2025
DOC101140,2469567406,TR3544534,Douglas,White,Dr. Douglas White,Rheumatology,Winters-Barajas,380 Garcia Ridge,South Christopherfurt,NY,6827,633.508.5441,douglas.white@kaiserhealth.org,IL59914,OH,12-04-2029,40,FALSE,FALSE,24-02-2025
DOC101141,2583483483,XM8626736,Brian,White,Dr. Brian White,Infectious Disease,Mccoy and Sons,78802 Anthony Garden,Washingtonchester,IL,65862,777.236.5764x554,brian.white@kaiserhealth.org,NC51050,FL,19-05-2028,14,TRUE,FALSE,16-08-2023
DOC101142,2758708943,FW6983443,Rachel,Gordon,Dr. Rachel Gordon,Oncology,"Rivera, Valencia and Wright",110 Patrick Ford Suite 533,New Christineberg,MI,25685,001-933-213-5148x550,rachel.gordon@kaiserhealth.org,PA80198,CA,08-02-2028,27,TRUE,FALSE,11-09-2024
DOC101143,2505092846,QF0073429,John,Reynolds,Dr. John Reynolds,Neurology,Smith-Alexander,1448 Kim Coves,Haleyside,MI,32572,001-742-979-7302x9406,john.reynolds@kaiserhealth.org,CA71268,GA,27-05-2031,19,FALSE,FALSE,06-12-2022
DOC101144,2295450380,CP2585150,Michael,Estrada,Dr. Michael Estrada,Endocrinology,Perez Hospital,7125 Amanda Pines,New Elizabethshire,CA,39843,+1-651-665-9919x456,michael.estrada@kaiserhealth.org,IL55022,CA,02-05-2029,16,FALSE,FALSE,20-08-2023
DOC101145,1435312794,XX3379531,Katrina,Thomas,Dr. Katrina Thomas,Oncology,"Smith, Scott and Schmitt",2867 Rivera Park,Port Cesarshire,NY,62095,001-479-750-1467x09367,katrina.thomas@kaiserhealth.org,TX41326,PA,04-05-2031,6,TRUE,FALSE,15-11-2021
DOC101146,1652742866,FX5108573,Julia,Solomon,Dr. Julia Solomon,Gastroenterology,"Johnson, Salinas and Collins",7073 Haynes Manors,Lake Johnchester,FL,13312,640.779.9216,julia.solomon@kaiserhealth.org,NC98722,PA,17-07-2029,27,TRUE,FALSE,31-03-2024
DOC101147,1460919351,CR4555370,Megan,Freeman,Dr. Megan Freeman,Infectious Disease,Holland-Robbins,86785 Susan Springs,South Rebeccafurt,TX,68798,615.257.1556x61668,megan.freeman@kaiserhealth.org,GA34441,NC,25-11-2029,11,TRUE,FALSE,14-07-2023
DOC101148,1374612157,MP2641260,Robert,Francis,Dr. Robert Francis,Gastroenterology,King-Fowler,551 Wilson Cliffs Apt. 395,Joyceburgh,IL,17763,351-482-5696x192,robert.francis@kaiserhealth.org,NC25535,NC,23-03-2030,33,TRUE,FALSE,23-02-2025
DOC101149,1990693196,HA3995167,Rebecca,Hayes,Dr. Rebecca Hayes,Oncology,"Mcclain, Grant and Wolf",784 Duncan Views Suite 319,Spearston,IL,46049,(770)343-6922,rebecca.hayes@kaiserhealth.org,PA14258,PA,16-04-2029,39,TRUE,FALSE,17-08-2023
DOC101150,1673123438,TS0485142,Dean,Smith,Dr. Dean Smith,Oncology,Anderson Hospital,017 Harris Coves Apt. 986,South Wendy,TX,85905,4855536062,dean.smith@kaiserhealth.org,PA89666,FL,19-07-2027,30,TRUE,FALSE,03-01-2025
DOC101151,1282313427,MM7672991,Jacob,Butler,Dr. Jacob Butler,Cardiology,Davidson Hospital,5694 Katie Pike Suite 104,Port Territon,PA,28955,001-527-730-3248x2746,jacob.butler@kaiserhealth.org,IL87394,CA,14-01-2028,23,TRUE,FALSE,12-06-2023
DOC101152,1183436953,CB2977115,Kristin,Combs,Dr. Kristin Combs,Oncology,Wilson PLC,38069 Wagner Loop,Lake Carlos,OH,44389,211.512.8177,kristin.combs@kaiserhealth.org,TX99564,MI,17-03-2030,12,FALSE,FALSE,27-10-2024
DOC101153,2926517328,DP2910873,Rodney,Long,Dr. Rodney Long,Oncology,Curtis-Mays,2813 Robert Vista Suite 984,Alejandroborough,TX,90137,390.529.4037x5353,rodney.long@kaiserhealth.org,TX22838,MI,27-02-2028,40,TRUE,FALSE,18-08-2023
DOC101154,1573767105,EU8770745,Jodi,Martinez,Dr. Jodi Martinez,Oncology,"West, Barker and Perry",503 Mike Parkway,Petersmouth,MI,9290,(365)724-9489,jodi.martinez@kaiserhealth.org,NY58910,FL,05-03-2028,8,TRUE,FALSE,17-10-2025
DOC101155,2002026838,RT9034502,John,Shaw,Dr. John Shaw,Oncology,Blankenship Ltd,1497 Crawford Grove,East Ricardoland,PA,54005,(676)252-8226x195,john.shaw@kaiserhealth.org,NC62398,GA,12-04-2031,30,TRUE,FALSE,11-08-2022
DOC101156,1409346754,WC8236881,Anna,Hoffman,Dr. Anna Hoffman,Oncology,Carpenter-Phillips,577 Boyer Club Apt. 886,Colleentown,CA,97074,5914595678,anna.hoffman@kaiserhealth.org,FL82018,TX,19-05-2028,33,TRUE,FALSE,18-04-2026
DOC101157,1513346018,KF2013882,Heidi,Dudley,Dr. Heidi Dudley,Rheumatology,Chung-Sherman,0194 Eric Mount,South Patrickside,FL,43385,+1-536-308-7807x20203,heidi.dudley@kaiserhealth.org,TX14132,NC,12-10-2027,17,TRUE,FALSE,02-11-2022
DOC101158,1681636038,UX1736907,Alexander,Durham,Dr. Alexander Durham,Oncology,"Simmons, Phelps and Patterson",2037 Kenneth Glen,South Michael,MI,63810,6715905657,alexander.durham@kaiserhealth.org,IL94936,GA,31-12-2029,32,TRUE,FALSE,18-12-2024
DOC101159,1005214107,AQ1634850,Tracy,Johnson,Dr. Tracy Johnson,Gastroenterology,Myers-Hayes,64909 Nelson Manors,Francisbury,CA,94700,+1-405-888-6810x25312,tracy.johnson@kaiserhealth.org,PA23657,TX,24-01-2031,18,TRUE,FALSE,23-01-2025
DOC101160,2119194454,MP9729655,David,Nelson,Dr. David Nelson,Oncology,Waters-Kline,580 Smith Course,Paulmouth,NY,80244,700.601.9007x388,david.nelson@kaiserhealth.org,MI34387,GA,01-03-2029,32,TRUE,FALSE,31-03-2025
DOC101161,1771886263,UM6126678,Samantha,Fletcher,Dr. Samantha Fletcher,Neurology,"Parker, Crawford and Sanchez",390 Garcia Coves Suite 967,New Jefferyville,CA,26863,3543284251,samantha.fletcher@kaiserhealth.org,PA57638,GA,03-05-2031,18,TRUE,FALSE,15-06-2026
DOC101162,1887402234,XN1446627,Diana,Gonzalez,Dr. Diana Gonzalez,Oncology,Burke-Heath,429 Brown Falls,Annetteshire,FL,5265,001-432-738-8767x6606,diana.gonzalez@kaiserhealth.org,FL10111,IL,23-04-2031,12,TRUE,FALSE,05-02-2022
DOC101163,2614215248,HD9686364,Patricia,Norman,Dr. Patricia Norman,Hematology,Smith-Lewis,387 Roberts Squares Apt. 081,South John,CA,91016,001-393-797-0266x38207,patricia.norman@kaiserhealth.org,IL60895,PA,19-06-2031,29,TRUE,FALSE,14-02-2024
DOC101164,2987036883,AA4837936,Anita,Pierce,Dr. Anita Pierce,Oncology,Walker Medical Center,8605 Calderon Lodge,Snydershire,CA,18404,001-988-692-0302x875,anita.pierce@kaiserhealth.org,PA85583,TX,22-08-2027,14,TRUE,FALSE,14-07-2024
DOC101165,1270659341,BJ0629118,Wesley,Goodwin,Dr. Wesley Goodwin,Hematology,Allen Medical Center,0677 Rodriguez Well,West Katherine,TX,62386,+1-726-355-7136x49674,wesley.goodwin@kaiserhealth.org,TX77313,TX,13-06-2030,22,TRUE,FALSE,15-02-2024
DOC101166,1018179607,LX7898497,Leslie,Chavez,Dr. Leslie Chavez,Pulmonology,Kelly Ltd,8825 Jennifer Shoal Apt. 185,Port Saraville,MI,41745,001-967-233-8515x7646,leslie.chavez@kaiserhealth.org,MI68824,MI,04-04-2030,8,TRUE,FALSE,17-08-2024
DOC101167,1171148656,MS1898106,Brian,Gutierrez,Dr. Brian Gutierrez,Cardiology,"Smith, Franklin and Harris",93465 Gregory Oval,Williamchester,GA,7267,445.563.3389,brian.gutierrez@kaiserhealth.org,FL92816,PA,10-10-2028,31,TRUE,FALSE,21-07-2024
DOC101168,1631297557,FP1694963,Devon,Hammond,Dr. Devon Hammond,Oncology,Brown-Jones,782 Lee Plains Apt. 324,South Christopher,CA,14932,+1-286-528-6974x76237,devon.hammond@kaiserhealth.org,NC19310,NY,29-05-2030,18,TRUE,FALSE,25-03-2026
DOC101169,1682013071,PR5321633,Melvin,Chaney,Dr. Melvin Chaney,Oncology,Castro-Wallace,8193 Laura Drives,Lake Ashley,NY,37269,523-628-0625,melvin.chaney@kaiserhealth.org,FL20077,GA,09-03-2031,38,TRUE,FALSE,20-04-2022
DOC101170,1049037295,KM8583563,Rhonda,Ward,Dr. Rhonda Ward,Oncology,Richardson-Brown,8831 Cannon Center,West Richard,MI,4169,228.626.7354,rhonda.ward@kaiserhealth.org,NC26208,TX,25-05-2029,35,TRUE,FALSE,04-06-2026
DOC101171,1922551741,VY2581476,Lisa,Payne,Dr. Lisa Payne,Endocrinology,Ward-Garcia,213 Kimberly Underpass Suite 086,Port Amber,NY,70787,464-734-7608x82309,lisa.payne@kaiserhealth.org,TX34624,OH,23-10-2029,7,TRUE,FALSE,26-03-2025
DOC101172,2399454138,JL3156309,Gregory,Harper,Dr. Gregory Harper,Oncology,"Bowman, Foster and Fitzpatrick",3163 Allen Plaza,Paulville,CA,61985,(262)680-3364,gregory.harper@kaiserhealth.org,GA88356,OH,29-10-2030,38,TRUE,FALSE,29-09-2025
DOC101173,2909645987,EW4089921,Juan,Miller,Dr. Juan Miller,Hematology,Hamilton and Sons,303 Bruce Spurs Apt. 663,Reynoldsberg,GA,69203,455-441-4085x796,juan.miller@kaiserhealth.org,FL53073,NY,21-04-2031,31,TRUE,FALSE,21-05-2026
DOC101174,1133973670,RY2173402,Michael,Gallagher,Dr. Michael Gallagher,Pulmonology,Schultz PLC,610 Simon Trail Suite 002,Macdonaldport,TX,55399,001-301-874-9538,michael.gallagher@kaiserhealth.org,TX94716,TX,15-04-2031,22,TRUE,FALSE,20-08-2022
DOC101175,1063236540,DT1444248,Rachel,Ramirez,Dr. Rachel Ramirez,Pulmonology,Butler Ltd,845 Russo Forges Apt. 165,Port Gregoryview,TX,20538,389.335.4407,rachel.ramirez@kaiserhealth.org,CA30623,IL,24-03-2030,20,TRUE,FALSE,16-08-2021
DOC101176,2094765118,PX1564099,Gloria,Avila,Dr. Gloria Avila,Pulmonology,"Black, Johnson and Sanchez",0667 Johnny Junction,East Diane,NY,16499,614.479.5541x2982,gloria.avila@kaiserhealth.org,IL74879,PA,29-02-2028,17,TRUE,FALSE,17-07-2021
DOC101177,1370542451,XW9082611,Lori,White,Dr. Lori White,Oncology,"Lester, Jones and Hartman",89521 Salas Plaza,North Teresaburgh,CA,55165,+1-362-550-5073x249,lori.white@kaiserhealth.org,PA60243,PA,09-04-2031,22,TRUE,FALSE,03-01-2024
DOC101178,1023766696,VF2953386,John,Wright,Dr. John Wright,Oncology,"Christensen, Diaz and Harmon",4962 Ann Parkways,Kennethbury,MI,63655,+1-265-543-9994x2858,john.wright@kaiserhealth.org,IL22172,NY,14-06-2028,39,TRUE,FALSE,19-09-2021
DOC101179,1909342424,AN6283463,Alexandra,Davidson,Dr. Alexandra Davidson,Neurology,Roberts Group,90850 Villegas Throughway,Sharonhaven,IL,65457,+1-215-290-5182x37721,alexandra.davidson@kaiserhealth.org,NC80621,MI,20-07-2029,19,FALSE,FALSE,25-08-2023
DOC101180,2375186694,BS6542438,Keith,Ruiz,Dr. Keith Ruiz,Endocrinology,"Hall, Rodriguez and Jones",4003 Kelly Pines,Rosehaven,OH,52422,873-874-4966x60723,keith.ruiz@kaiserhealth.org,MI27504,NC,07-08-2030,26,TRUE,FALSE,27-12-2021
DOC101181,2435095288,VM9470396,Katrina,York,Dr. Katrina York,Oncology,Baker-Hernandez,036 Walter Drives,Maryberg,OH,70425,+1-794-904-3935x16026,katrina.york@kaiserhealth.org,IL52828,FL,16-05-2029,25,TRUE,FALSE,02-09-2024
DOC101182,2650471883,AB9954288,David,Hull,Dr. David Hull,Oncology,Castro-Valentine,16367 Steve Drive,Maryside,FL,9290,553.576.4298,david.hull@kaiserhealth.org,IL47329,MI,18-07-2027,30,TRUE,FALSE,10-04-2023
DOC101183,2679899470,PY1706901,Stephanie,Hines,Dr. Stephanie Hines,Pulmonology,Allen-Richardson,88532 Hobbs Highway Apt. 114,Houstonport,MI,60177,347-637-7049x90967,stephanie.hines@kaiserhealth.org,GA20752,NY,17-01-2029,6,FALSE,FALSE,21-10-2024
DOC101184,1847156756,PL0518860,Tiffany,Rogers,Dr. Tiffany Rogers,Oncology,Bautista-Hall,03405 Harris Locks Apt. 080,Lisafort,CA,41627,(394)830-7218x87716,tiffany.rogers@kaiserhealth.org,GA96794,IL,09-11-2028,21,TRUE,FALSE,20-10-2025
DOC101185,1343596985,AJ5056693,Steven,Hall,Dr. Steven Hall,Hematology,Parker Medical Center,48578 Cole Creek,South Mark,PA,63030,001-728-418-2912x789,steven.hall@kaiserhealth.org,IL15971,TX,05-08-2028,21,FALSE,FALSE,29-05-2026
DOC101186,2178925714,BE5038576,Stephanie,Aguilar,Dr. Stephanie Aguilar,Endocrinology,"Suarez, Johnson and Moreno",585 Lee Station,North Jasmin,OH,36952,876.931.8559,stephanie.aguilar@kaiserhealth.org,IL77392,NY,03-08-2027,31,TRUE,FALSE,08-09-2025
DOC101187,1849368063,LS5301012,Lorraine,Graham,Dr. Lorraine Graham,Oncology,"Davenport, Scott and Mckinney",4000 Johnson Mills,Robertberg,CA,31754,001-410-764-0797x29682,lorraine.graham@kaiserhealth.org,MI59462,MI,06-09-2030,26,TRUE,FALSE,04-02-2024
DOC101188,1048527758,NR0365620,Eric,Bradshaw,Dr. Eric Bradshaw,Oncology,"Adams, Cooley and Dawson",1973 Russell View,Victoriamouth,OH,96545,(787)283-7105x392,eric.bradshaw@kaiserhealth.org,FL43256,IL,18-11-2030,23,TRUE,FALSE,25-02-2025
DOC101189,2689633181,XE3357617,Heather,Simpson,Dr. Heather Simpson,Oncology,Grant and Sons,17430 Brown Estate Suite 600,Davidville,GA,54110,+1-367-975-2707x12797,heather.simpson@kaiserhealth.org,FL26257,GA,28-04-2029,24,TRUE,FALSE,22-04-2023
DOC101190,2776262636,QT5089897,Judith,Nguyen,Dr. Judith Nguyen,Hematology,Marks-Juarez,729 Grace Fords,South Rebekahchester,CA,61037,(322)770-2543x1639,judith.nguyen@kaiserhealth.org,GA59064,MI,31-08-2029,22,TRUE,FALSE,14-02-2024
DOC101191,1485295377,JA3767687,Wendy,Nelson,Dr. Wendy Nelson,Pulmonology,Martinez-Barnes,7820 Ryan Brooks Suite 155,Lake Lisafurt,CA,8977,240.897.3122,wendy.nelson@kaiserhealth.org,IL29699,CA,16-02-2029,35,TRUE,FALSE,25-03-2025
DOC101192,2149753411,LR3309900,Ryan,Cordova,Dr. Ryan Cordova,Oncology,Douglas-Nguyen,2169 Walker Fork,New Julie,MI,10105,480.358.1380x573,ryan.cordova@kaiserhealth.org,IL14390,OH,12-06-2028,28,TRUE,FALSE,16-09-2024
DOC101193,1344538565,HL2326600,Kimberly,Wallace,Dr. Kimberly Wallace,Oncology,"Todd, Gaines and Castro",5526 Leslie Burgs Suite 055,Smithburgh,IL,82145,(808)468-7441x235,kimberly.wallace@kaiserhealth.org,GA13788,MI,19-06-2031,10,TRUE,FALSE,13-03-2024
DOC101194,1495611998,UU6511815,Anna,Carlson,Dr. Anna Carlson,Gastroenterology,Wright-Jordan,2551 Miller Union,Nealstad,CA,10404,001-437-984-9531,anna.carlson@kaiserhealth.org,GA46265,OH,28-11-2030,32,TRUE,FALSE,06-03-2023
DOC101195,2776186870,JQ9666829,Joseph,Oneill,Dr. Joseph Oneill,Oncology,Moreno-Smith,762 James Grove,Hinesfurt,PA,36838,+1-361-252-6532x22470,joseph.oneill@kaiserhealth.org,TX58347,OH,14-12-2027,26,FALSE,FALSE,16-10-2023
DOC101196,2089142330,FU2764054,Allison,Rodriguez,Dr. Allison Rodriguez,Oncology,"Le, Jones and Grant",89437 Spencer Track Apt. 268,South Karenbury,FL,1587,001-308-605-8899x0580,allison.rodriguez@kaiserhealth.org,MI80127,OH,25-07-2027,16,FALSE,FALSE,18-02-2023
DOC101197,1405131866,BK7473389,Jay,Joseph,Dr. Jay Joseph,Cardiology,Morgan Medical Center,056 Matthew Row,Patrickshire,IL,77872,6218311669,jay.joseph@kaiserhealth.org,GA75580,PA,04-08-2027,15,TRUE,FALSE,29-08-2022
DOC101198,2420359441,AX2387351,Susan,Jones,Dr. Susan Jones,Oncology,Bullock-Estes,2812 Knight Way Apt. 620,Meyersview,OH,82013,584.395.9126x09203,susan.jones@kaiserhealth.org,OH50644,GA,29-07-2030,35,TRUE,FALSE,14-09-2023
DOC101199,1135183025,SM3465815,Julie,Wood,Dr. Julie Wood,Oncology,"Gomez, Baldwin and Savage",5781 Andrew Ports Suite 043,Robertsville,CA,52659,250-986-2953x223,julie.wood@kaiserhealth.org,NC80512,PA,15-02-2028,15,TRUE,FALSE,20-10-2023
DOC101200,2895599098,KY1286558,Patricia,Werner,Dr. Patricia Werner,Cardiology,"Lowery, Cruz and Davis",1395 Burns Islands,Wilsontown,OH,90656,783-393-4083x54427,patricia.werner@kaiserhealth.org,GA55241,MI,01-01-2030,16,TRUE,FALSE,16-12-2022
DOC101201,1193489180,BG8146342,Alexis,Salazar,Dr. Alexis Salazar,Nephrology,James-Gonzalez,962 Graham Estates Apt. 368,North Linda,CA,62106,434-218-3995x57802,alexis.salazar@kaiserhealth.org,IL30576,NY,14-11-2027,28,TRUE,FALSE,11-05-2025
DOC101202,1091218527,GK1146133,Tyler,Gregory,Dr. Tyler Gregory,Cardiology,Fisher PLC,0269 Adams Fork Suite 341,Heatherland,CA,4518,001-932-631-8667x9066,tyler.gregory@kaiserhealth.org,PA57506,FL,01-07-2029,8,FALSE,FALSE,05-08-2025
DOC101203,2303044077,TC1096598,Debbie,Taylor,Dr. Debbie Taylor,Pulmonology,Marquez Medical Center,040 William Gateway,Mathisburgh,PA,52180,5186777953,debbie.taylor@kaiserhealth.org,PA69849,OH,07-02-2028,32,TRUE,FALSE,17-08-2022
DOC101204,2541829912,PV9452064,Mark,Vargas,Dr. Mark Vargas,Oncology,"Anderson, Baker and Ward",7277 Cox Spring Suite 021,Jacobville,MI,37459,646.403.6383x96878,mark.vargas@kaiserhealth.org,NY13002,OH,12-12-2030,11,FALSE,FALSE,18-08-2021
DOC101205,2691008224,ED6826822,Katherine,Flynn,Dr. Katherine Flynn,Cardiology,Murray-Mccullough,8947 Brown Lights,Lake Brittany,GA,69474,932-902-5461x67946,katherine.flynn@kaiserhealth.org,PA93628,OH,24-09-2029,15,TRUE,FALSE,28-01-2022
DOC101206,2996208347,UY1005932,April,Gill,Dr. April Gill,Oncology,"Cobb, Lewis and Perry",95945 Janet Circles,Lake Annmouth,GA,23165,950.819.4737,april.gill@kaiserhealth.org,TX27389,NC,30-01-2028,34,TRUE,FALSE,26-11-2024
DOC101207,1220074859,RE4387129,Emily,Wagner,Dr. Emily Wagner,Rheumatology,"Gray, Rivas and Carter",791 Spencer Roads Apt. 200,North Kristinaville,NY,97802,928-766-9062x515,emily.wagner@kaiserhealth.org,IL53866,TX,27-12-2029,7,TRUE,FALSE,21-05-2024
DOC101208,1286060480,FF4065474,Daniel,Camacho,Dr. Daniel Camacho,Hematology,Cunningham Group,08004 Robertson Orchard Apt. 422,Hodgeport,OH,94964,001-396-965-2948x305,daniel.camacho@kaiserhealth.org,MI54704,CA,10-01-2028,6,TRUE,FALSE,25-06-2026
DOC101209,1898566430,DN5562388,Steven,Paul,Dr. Steven Paul,Oncology,White and Sons,35367 Lowe Springs Suite 773,Rebeccaberg,NC,51357,001-658-275-0310x49791,steven.paul@kaiserhealth.org,NC76905,GA,30-06-2029,29,TRUE,FALSE,22-07-2025
DOC101210,1136062290,CD3860479,Charles,Woodard,Dr. Charles Woodard,Pulmonology,"White, Hicks and Sosa",99074 Long Station Suite 974,Hernandezland,GA,60723,224-535-6683,charles.woodard@kaiserhealth.org,NY85683,MI,24-02-2028,5,TRUE,FALSE,16-06-2024
DOC101211,1351489538,FY9441914,Katherine,Hughes,Dr. Katherine Hughes,Oncology,"Watson, Thomas and Cox",673 Daniel Mountains Apt. 072,Lake Caitlin,MI,60958,(346)812-6149x9363,katherine.hughes@kaiserhealth.org,CA57407,FL,30-03-2028,24,TRUE,FALSE,01-04-2025
DOC101212,1951673095,HE6708488,Matthew,Wolfe,Dr. Matthew Wolfe,Infectious Disease,Walker-Dillon,519 Long Locks,North Bryan,CA,52125,262.910.5164,matthew.wolfe@kaiserhealth.org,OH53480,OH,31-08-2029,14,TRUE,FALSE,05-06-2025
DOC101213,1582282801,SG2353068,Molly,Hanna,Dr. Molly Hanna,Gastroenterology,"Bradford, Brown and Turner",35373 Diaz Estate,Weeksburgh,PA,78580,298-967-7705x54899,molly.hanna@kaiserhealth.org,OH80146,IL,16-11-2027,32,TRUE,FALSE,16-01-2023
DOC101214,2780964583,RJ4959752,Heather,Mora,Dr. Heather Mora,Cardiology,Lynch-Guzman,4827 Brandon Crossroad,East Kimberly,FL,14246,226.489.3746,heather.mora@kaiserhealth.org,PA93385,FL,08-10-2027,10,FALSE,FALSE,14-08-2023
DOC101215,2559289748,YQ4114862,Ryan,Gardner,Dr. Ryan Gardner,Infectious Disease,"Mitchell, Ward and Olson",918 Thompson Road,Bryanshire,GA,46794,(717)965-5892x23552,ryan.gardner@kaiserhealth.org,PA25768,NY,03-05-2030,36,TRUE,FALSE,18-09-2021
DOC101216,2349655156,KD9678963,Molly,Villanueva,Dr. Molly Villanueva,Oncology,Smith Ltd,82933 Sampson Plains,Rosefort,CA,14115,(635)896-4726x847,molly.villanueva@kaiserhealth.org,MI37072,PA,03-09-2028,37,TRUE,FALSE,22-07-2024
DOC101217,1163015972,FJ2284834,Manuel,Gibson,Dr. Manuel Gibson,Nephrology,Prince and Sons,18508 Sarah Neck,Richardport,TX,46457,001-905-981-0580x10886,manuel.gibson@kaiserhealth.org,GA60013,OH,30-11-2030,40,TRUE,FALSE,15-09-2023
DOC101218,2601804033,KT0153735,Jon,Graham,Dr. Jon Graham,Gastroenterology,"Lewis, Schmidt and Ingram",3646 Allen Forges Apt. 477,Juliachester,OH,30499,379.722.6281,jon.graham@kaiserhealth.org,OH73697,NY,01-07-2027,27,TRUE,FALSE,14-01-2023
DOC101219,2605392609,PR4627205,Jeffery,Roberts,Dr. Jeffery Roberts,Oncology,"Mercado, Jimenez and Roberts",52194 Luis Roads Apt. 472,Johnsonfort,OH,84596,001-962-591-4597,jeffery.roberts@kaiserhealth.org,IL91795,MI,28-03-2029,9,TRUE,FALSE,15-09-2024
DOC101220,1856728502,CM5383077,Allen,Patel,Dr. Allen Patel,Rheumatology,"Boyle, Carpenter and Obrien",4736 Diaz Ridges,Brewerhaven,PA,46385,674.689.5571x31984,allen.patel@kaiserhealth.org,NC28187,NY,13-11-2030,15,TRUE,FALSE,24-10-2024
DOC101221,2439567844,NA7890751,Caleb,Graham,Dr. Caleb Graham,Nephrology,"Flores, Morgan and King",4372 Donald Parkways Suite 877,Patrickland,CA,81876,589-487-5579,caleb.graham@kaiserhealth.org,NY89580,NC,08-08-2030,9,TRUE,FALSE,02-02-2023
DOC101222,2512944149,FL3164982,Lisa,Williams,Dr. Lisa Williams,Oncology,Hull Hospital,4517 Noah Plaza,Justinmouth,FL,96099,001-419-934-4246,lisa.williams@kaiserhealth.org,NC94422,PA,08-12-2027,35,TRUE,FALSE,22-08-2022
DOC101223,2656590705,LK9434368,Jacob,Young,Dr. Jacob Young,Hematology,Hampton Group,35359 Edwards View Apt. 962,Lake Jane,GA,78411,(908)878-7578x8273,jacob.young@kaiserhealth.org,NY54077,OH,19-07-2028,16,FALSE,FALSE,24-11-2021
DOC101224,1949076341,MG5977100,Brianna,Harrison,Dr. Brianna Harrison,Oncology,Carpenter PLC,6609 Sandoval Parks,Sarahtown,NY,99339,4442507296,brianna.harrison@kaiserhealth.org,PA94338,IL,01-06-2030,34,TRUE,FALSE,10-03-2022
DOC101225,1494314872,FM5785641,Andre,Alexander,Dr. Andre Alexander,Neurology,Page Ltd,5278 Michael Lights,North Marvin,PA,40384,+1-415-667-1177x53987,andre.alexander@kaiserhealth.org,IL94955,GA,27-11-2030,24,TRUE,FALSE,06-03-2024
DOC101226,2573952328,MM5809579,Angela,Moran,Dr. Angela Moran,Oncology,"Buchanan, Abbott and Stevens",840 Murphy Island,Lake Andrea,GA,791,(236)959-7268x395,angela.moran@kaiserhealth.org,PA75743,NY,24-08-2030,31,TRUE,FALSE,12-09-2021
DOC101227,1841362334,QA4071469,Michael,Salinas,Dr. Michael Salinas,Hematology,Ortiz Group,12815 Kelley Plaza Suite 027,Jeffreyshire,NY,73474,001-821-549-2413x71730,michael.salinas@kaiserhealth.org,IL74579,MI,26-11-2029,36,TRUE,FALSE,17-10-2021
DOC101228,1418559508,YG7456017,Maria,Rice,Dr. Maria Rice,Oncology,"Lewis, Russell and Green",8167 James Locks,Rogerschester,FL,6520,(777)955-9573x5410,maria.rice@kaiserhealth.org,MI60895,NY,17-07-2029,6,TRUE,FALSE,10-08-2022
DOC101229,2900170679,WJ9078692,Michael,Smith,Dr. Michael Smith,Gastroenterology,White Ltd,85587 Jason Oval,Katelynfort,PA,82982,(308)702-4104,michael.smith@kaiserhealth.org,PA99116,NY,01-10-2027,30,FALSE,FALSE,19-06-2025
DOC101230,1159389676,XH5367355,Jill,Mayer,Dr. Jill Mayer,Gastroenterology,Riley-Wilson,81611 Reid Roads Suite 613,Allenview,MI,58231,+1-950-200-4584x08922,jill.mayer@kaiserhealth.org,OH15960,GA,22-03-2029,8,TRUE,FALSE,08-05-2026
DOC101231,1883413351,GV0143097,Cindy,Johnson,Dr. Cindy Johnson,Pulmonology,"Cruz, Lawson and Parker",6580 Kristina Lock,New Jeff,TX,38889,722.345.5817x0833,cindy.johnson@kaiserhealth.org,GA93263,IL,28-10-2030,19,TRUE,FALSE,08-01-2024
DOC101232,1579671480,GY0073565,Monica,Contreras,Dr. Monica Contreras,Gastroenterology,Nelson-Fields,3900 Jordan Forest Apt. 488,Simpsonburgh,TX,41943,940-596-1709,monica.contreras@kaiserhealth.org,OH13301,NC,23-10-2027,16,FALSE,FALSE,23-09-2025
DOC101233,2263794128,SN6911223,Makayla,Farley,Dr. Makayla Farley,Oncology,"Schmitt, Clay and Montes",03846 Erin Plaza,West Brianfurt,CA,33581,446-962-5731x25361,makayla.farley@kaiserhealth.org,IL92132,TX,17-03-2029,25,TRUE,FALSE,02-10-2025
DOC101234,2119789259,KN5744653,Shaun,Jackson,Dr. Shaun Jackson,Endocrinology,Buchanan PLC,9474 Johnson Circle Suite 173,North Katherine,PA,65517,960-342-6144,shaun.jackson@kaiserhealth.org,PA46721,IL,23-04-2031,9,TRUE,FALSE,16-01-2025
DOC101235,1851367380,XL2038819,Mason,Charles,Dr. Mason Charles,Neurology,Miranda-Wood,4582 Rodgers Heights Suite 419,Port Jeffreymouth,GA,73600,5495876209,mason.charles@kaiserhealth.org,OH77238,IL,21-05-2029,11,TRUE,FALSE,04-08-2023
DOC101236,2714622014,XS3335401,Brooke,Galvan,Dr. Brooke Galvan,Cardiology,"Martin, Nolan and Montoya",74146 Kirk Groves Apt. 261,West James,TX,20806,355-761-8326x21384,brooke.galvan@kaiserhealth.org,GA32149,NC,17-12-2028,18,FALSE,FALSE,09-02-2022
DOC101237,1308764770,UA6761837,Megan,Johnston,Dr. Megan Johnston,Infectious Disease,Nelson-Anderson,75056 William Harbor Apt. 072,Jonesfurt,TX,25161,540.429.3781,megan.johnston@kaiserhealth.org,MI58912,CA,23-03-2029,35,TRUE,FALSE,28-06-2025
DOC101238,2162172048,SS6804186,Eric,Wright,Dr. Eric Wright,Nephrology,Johns and Sons,6746 Buck Underpass Apt. 946,Bowmanmouth,FL,99140,792-994-4993x1367,eric.wright@kaiserhealth.org,CA39646,TX,29-02-2028,29,TRUE,FALSE,03-12-2024
DOC101239,2649674199,CN0539064,Robert,Green,Dr. Robert Green,Nephrology,"Maynard, Smith and Mcdaniel",6783 Anthony Club,Martinezborough,CA,14565,579.305.3403x8833,robert.green@kaiserhealth.org,MI73772,CA,12-04-2030,19,TRUE,FALSE,16-03-2024
DOC101240,2197018158,UD3682967,Laura,Ortega,Dr. Laura Ortega,Oncology,"Davis, Smith and Sanders",023 Taylor Centers Apt. 938,Stephanieland,GA,14964,(743)397-8157x341,laura.ortega@kaiserhealth.org,IL32957,NY,03-08-2027,26,FALSE,FALSE,15-09-2024
DOC101241,1936252602,FD6908875,Kimberly,Smith,Dr. Kimberly Smith,Oncology,Mathis-Young,0460 Robert Shoal Apt. 247,East Sarah,NC,44657,482-361-3506,kimberly.smith@kaiserhealth.org,CA28555,MI,02-10-2027,19,TRUE,FALSE,30-12-2025
DOC101242,2838439106,MQ3517454,Keith,Jones,Dr. Keith Jones,Infectious Disease,Richard-Wu,062 Benjamin Ridge Suite 526,Barnesstad,MI,7004,-7737,keith.jones@kaiserhealth.org,FL55240,NY,18-05-2029,6,TRUE,FALSE,02-06-2023
DOC101243,1401283319,LM8979903,Thomas,Gonzalez,Dr. Thomas Gonzalez,Rheumatology,"Jennings, Chavez and Mclean",039 Carrie Drives,North Matthewfurt,MI,23711,(407)302-4748x5798,thomas.gonzalez@kaiserhealth.org,GA23102,GA,23-06-2028,36,TRUE,FALSE,04-12-2022
DOC101244,2030568709,KC2460516,Steven,Patel,Dr. Steven Patel,Pulmonology,Crosby-Hernandez,29725 Johnson Hill,New Gabriella,NC,39264,254.231.8864x5947,steven.patel@kaiserhealth.org,FL93177,NC,08-07-2029,25,TRUE,FALSE,18-05-2026
DOC101245,2684187677,XP0064345,Glenn,Haas,Dr. Glenn Haas,Nephrology,Robinson-Jenkins,5550 Decker Junction,New Trevor,GA,5572,9774099031,glenn.haas@kaiserhealth.org,FL20489,GA,25-11-2027,20,TRUE,FALSE,26-02-2022
DOC101246,1249675745,DA4848094,Laura,Cannon,Dr. Laura Cannon,Oncology,"Mann, Smith and Lee",56964 Darrell Corner,Richardland,CA,81514,+1-833-652-0622x60931,laura.cannon@kaiserhealth.org,NY80962,NY,19-01-2028,27,TRUE,FALSE,12-10-2024
DOC101247,2427079959,YK7611107,Raymond,Giles,Dr. Raymond Giles,Nephrology,Wilson Medical Center,82310 Thomas Spurs Suite 199,Leslieview,CA,6556,519-795-0819x00567,raymond.giles@kaiserhealth.org,OH50196,GA,01-03-2028,28,TRUE,FALSE,16-01-2025
DOC101248,2657289722,NX9348540,Whitney,Diaz,Dr. Whitney Diaz,Neurology,Miller-Marsh,2413 Edward Ferry,Mendozaville,MI,7621,(965)660-2492x3577,whitney.diaz@kaiserhealth.org,CA89803,NC,04-11-2027,21,FALSE,FALSE,21-01-2024
DOC101249,2856066992,WY6138268,Bethany,Richardson,Dr. Bethany Richardson,Oncology,Jimenez and Sons,79975 Phillip Crossing,Alisonhaven,CA,82348,001-389-316-8317x151,bethany.richardson@kaiserhealth.org,MI68046,GA,04-08-2028,34,TRUE,FALSE,16-11-2022
DOC101250,2703996263,RQ9271107,Jennifer,Wilson,Dr. Jennifer Wilson,Neurology,Miles-Mason,6731 Scott Streets Suite 419,Lake Robertmouth,PA,41168,908-257-0340x11761,jennifer.wilson@kaiserhealth.org,NY27041,NC,21-02-2029,31,TRUE,FALSE,19-05-2022
DOC101251,1682432333,BE3993446,Jamie,Mcdowell,Dr. Jamie Mcdowell,Oncology,Garcia and Sons,83181 Martin Gardens Suite 796,Stephaniechester,OH,34517,2019915426,jamie.mcdowell@kaiserhealth.org,CA59525,MI,05-11-2029,21,TRUE,FALSE,04-10-2022
DOC101252,1695235786,LE9412853,Melissa,Jones,Dr. Melissa Jones,Hematology,Berg-Harris,1147 Rich Shoals,Benderberg,CA,36513,001-882-223-0642x11684,melissa.jones@kaiserhealth.org,CA60140,IL,13-06-2028,21,TRUE,FALSE,26-11-2025
DOC101253,2487531198,AJ2554280,Lindsay,Pugh,Dr. Lindsay Pugh,Oncology,Davis-Miles,46652 Megan Park,Rogermouth,CA,25185,001-531-964-9506x05411,lindsay.pugh@kaiserhealth.org,GA63765,IL,12-06-2031,13,TRUE,FALSE,19-05-2022
DOC101254,1786887860,XF0392213,Sarah,May,Dr. Sarah May,Cardiology,Davidson-Newton,107 Danielle Plain,Raymouth,GA,59859,001-960-618-8304x1544,sarah.may@kaiserhealth.org,CA22193,MI,22-01-2031,25,TRUE,FALSE,25-09-2025
DOC101255,2399287987,FS7314249,John,Adams,Dr. John Adams,Rheumatology,Watson Ltd,69701 Shaw Lake Apt. 531,Roblesmouth,OH,6894,909-637-0118x596,john.adams@kaiserhealth.org,TX85533,NY,27-03-2030,35,FALSE,FALSE,24-08-2021
DOC101256,2441603328,TS0700510,Joan,Howard,Dr. Joan Howard,Endocrinology,"Smith, Ramsey and Sandoval",95792 Alyssa Mission Apt. 668,South Staceyburgh,NC,38252,461-919-5406,joan.howard@kaiserhealth.org,GA50923,PA,04-09-2029,10,TRUE,FALSE,18-09-2021
DOC101257,1220175454,CN4879210,William,Patel,Dr. William Patel,Pulmonology,"Mcgee, Brown and Shaw",12179 Morrison Wells,Port Margaret,OH,21497,731.225.6772,william.patel@kaiserhealth.org,OH27250,GA,01-01-2031,25,TRUE,FALSE,26-04-2023
DOC101258,1152697442,BH6078548,April,Cooper,Dr. April Cooper,Neurology,Martinez-Thompson,141 Joshua Extensions Suite 732,West Debra,CA,30978,001-974-521-4209x420,april.cooper@kaiserhealth.org,CA85086,PA,23-04-2031,37,FALSE,FALSE,02-08-2025
DOC101259,1383680601,JL7923267,Jose,Wood,Dr. Jose Wood,Oncology,"Gibson, Williamson and Jensen",0592 Perez Ways,Port Katiestad,IL,47541,001-987-779-9364x273,jose.wood@kaiserhealth.org,NC54858,NC,05-06-2029,11,TRUE,FALSE,05-10-2022
DOC101260,2015019679,RX2092519,Jeffrey,Griffith,Dr. Jeffrey Griffith,Oncology,Henderson Ltd,92135 Curtis Roads,East Dianaton,CA,14513,6756350246,jeffrey.griffith@kaiserhealth.org,NY83708,TX,10-07-2030,40,TRUE,FALSE,17-05-2022
DOC101261,2233297049,WG7958291,George,Taylor,Dr. George Taylor,Rheumatology,"Martinez, Perez and Jackson",738 Tanner Wall,Brownshire,NC,40400,991.537.0858,george.taylor@kaiserhealth.org,PA52298,NY,15-07-2029,9,TRUE,FALSE,08-12-2022
DOC101262,1971492075,QK1424873,David,Dodson,Dr. David Dodson,Oncology,Coleman Ltd,60809 Sean Landing,New Jessemouth,OH,71732,349-388-3803x7473,david.dodson@kaiserhealth.org,TX60525,TX,11-06-2028,27,TRUE,FALSE,09-04-2023
DOC101263,1124977367,RF4434354,Sean,Lambert,Dr. Sean Lambert,Nephrology,"Adams, Jackson and Kirby",0770 Manuel Fort Suite 588,Port James,GA,35077,-9283,sean.lambert@kaiserhealth.org,NC74934,TX,04-12-2030,29,TRUE,FALSE,27-08-2022
DOC101264,1564380299,BH4804247,Jessica,Nichols,Dr. Jessica Nichols,Nephrology,Olson-Hester,8753 Jones Landing,Carrilloville,CA,42591,230.870.6667,jessica.nichols@kaiserhealth.org,CA92114,CA,27-05-2028,8,TRUE,FALSE,23-06-2023
DOC101265,1916573762,KF6622549,Christopher,Berry,Dr. Christopher Berry,Endocrinology,Higgins Ltd,95530 Tracy Stream,Port Jameston,CA,30695,479.217.0379x3061,christopher.berry@kaiserhealth.org,FL64079,MI,23-04-2031,19,TRUE,FALSE,14-08-2021
DOC101266,1401527311,QF2641475,Justin,Calhoun,Dr. Justin Calhoun,Infectious Disease,"Anderson, Woods and Drake",47424 Hansen Neck Apt. 255,Port Rogermouth,MI,18117,001-490-253-6791,justin.calhoun@kaiserhealth.org,CA11510,NY,17-12-2030,38,TRUE,FALSE,29-04-2025
DOC101267,1359847422,UT3596677,Valerie,Knox,Dr. Valerie Knox,Oncology,"Chandler, Howell and Woods",55081 Ryan Union,Joshuachester,PA,43314,001-778-317-4420x540,valerie.knox@kaiserhealth.org,FL88004,CA,19-04-2031,15,TRUE,FALSE,22-08-2024
DOC101268,1473650032,VU0900647,Sandra,Wade,Dr. Sandra Wade,Infectious Disease,Washington-Benitez,201 Brewer Union,Carolynbury,NY,5145,2138414058,sandra.wade@kaiserhealth.org,IL49466,TX,05-03-2030,33,TRUE,FALSE,26-07-2025
DOC101269,1554042316,VR9206754,Andrew,Jones,Dr. Andrew Jones,Nephrology,Logan-Nelson,4840 Alexander Hill Apt. 046,Melindaview,FL,82194,668.434.8752x560,andrew.jones@kaiserhealth.org,MI35749,IL,25-02-2031,19,TRUE,FALSE,23-11-2023
DOC101270,2904539252,SR8357338,Randy,Taylor,Dr. Randy Taylor,Cardiology,Henderson-Miller,079 Rodgers Corners,East Elizabethville,FL,50840,(525)308-1595x904,randy.taylor@kaiserhealth.org,FL12581,GA,07-12-2028,19,TRUE,FALSE,04-09-2021
DOC101271,1302364122,KR4098537,Scott,Massey,Dr. Scott Massey,Endocrinology,Parsons Hospital,647 Gates Stravenue,Humphreyville,CA,82531,2324319767,scott.massey@kaiserhealth.org,FL40166,PA,13-01-2029,7,TRUE,FALSE,09-02-2024
DOC101272,1602325107,YC5558709,Tabitha,Garcia,Dr. Tabitha Garcia,Oncology,"King, Carter and James",5892 Vega Corner Apt. 281,Port Laurenbury,CA,58688,+1-624-647-9297x5914,tabitha.garcia@kaiserhealth.org,IL29907,TX,01-08-2027,24,FALSE,FALSE,15-07-2021
DOC101273,2411992551,EL3807819,Autumn,Collins,Dr. Autumn Collins,Cardiology,Rosales-Shields,3924 Castro Row Suite 376,Barnesview,CA,75496,937.380.5342x5191,autumn.collins@kaiserhealth.org,PA12794,PA,18-04-2029,19,TRUE,FALSE,28-07-2022
DOC101274,2941971575,MR1663282,Melanie,Armstrong,Dr. Melanie Armstrong,Pulmonology,Alexander-Roman,6091 Carolyn Lakes Apt. 642,Barbaraborough,OH,15341,269.770.8567x591,melanie.armstrong@kaiserhealth.org,FL12287,OH,03-02-2031,12,TRUE,FALSE,15-03-2025
DOC101275,1185635200,QP1504205,Jessica,Lewis,Dr. Jessica Lewis,Nephrology,"Garza, Lambert and Baird",44777 Joseph Knoll Suite 702,Wendytown,CA,91885,755-944-9409,jessica.lewis@kaiserhealth.org,OH75663,PA,13-12-2030,31,TRUE,FALSE,31-03-2024
DOC101276,2143360809,BD0146103,David,Price,Dr. David Price,Oncology,"Robinson, Green and Knox",5576 Clark Views Suite 420,Anthonyshire,TX,45257,907.827.7282,david.price@kaiserhealth.org,GA77298,NC,05-12-2029,37,TRUE,FALSE,10-04-2024
DOC101277,1046163881,PS7851856,Emily,Gilmore,Dr. Emily Gilmore,Nephrology,Brown-Love,66036 Shepherd Plains Apt. 276,Josephburgh,CA,84573,001-994-935-0079x61653,emily.gilmore@kaiserhealth.org,PA92275,CA,14-03-2031,29,TRUE,FALSE,20-06-2025
DOC101278,2882672800,RE7208147,Erin,Scott,Dr. Erin Scott,Endocrinology,Henry-Fisher,191 Lee Springs Suite 950,Langmouth,CA,80112,(950)216-9156,erin.scott@kaiserhealth.org,GA37627,PA,16-07-2029,31,TRUE,FALSE,30-10-2025
DOC101279,2830830697,SV9951454,Donald,Brown,Dr. Donald Brown,Oncology,"Williams, Warren and Gonzalez",902 Stacey Neck Suite 326,Port Kimberly,NC,82226,618-801-6959x9112,donald.brown@kaiserhealth.org,FL63956,GA,30-04-2031,10,TRUE,FALSE,24-09-2023
DOC101280,2490668867,MC8571164,Benjamin,Jones,Dr. Benjamin Jones,Rheumatology,Daniels PLC,146 Lawrence Court Apt. 203,New Lisa,OH,98719,5596666942,benjamin.jones@kaiserhealth.org,CA56018,MI,05-01-2031,28,TRUE,FALSE,06-02-2023
DOC101281,1431807392,AB2585653,Angela,Clark,Dr. Angela Clark,Neurology,Howard-Hensley,88463 Ball Garden Suite 850,North Lisa,GA,96318,(877)421-7931,angela.clark@kaiserhealth.org,GA73191,FL,06-01-2029,6,TRUE,FALSE,21-11-2021
DOC101282,1678719261,MK8720124,Stacy,Rivera,Dr. Stacy Rivera,Oncology,Moore Group,4837 Ralph Point,Farmerfort,TX,77726,888.994.9128,stacy.rivera@kaiserhealth.org,PA48020,PA,14-03-2028,25,TRUE,FALSE,20-10-2025
DOC101283,1549080998,GU7673887,Tony,Scott,Dr. Tony Scott,Endocrinology,"Reyes, Jensen and Williams",6296 Edwards Village,Craigmouth,CA,64212,318.202.0404,tony.scott@kaiserhealth.org,OH22765,OH,14-06-2029,18,TRUE,FALSE,13-05-2022
DOC101284,2383000914,HL2949307,Ashley,Taylor,Dr. Ashley Taylor,Oncology,Wright-Barker,26578 Kelly Locks Apt. 550,New Jasonborough,NY,8771,+1-210-215-8456x73137,ashley.taylor@kaiserhealth.org,GA84467,MI,29-07-2030,31,TRUE,FALSE,19-01-2022
DOC101285,2662897351,SV6225275,Valerie,Steele,Dr. Valerie Steele,Infectious Disease,Bradley-Davis,6073 Jackson Cove Suite 373,Port Caitlin,CA,83550,+1-401-601-4926x21892,valerie.steele@kaiserhealth.org,CA31749,TX,25-07-2027,20,TRUE,FALSE,30-06-2021
DOC101286,1405677125,CX5890418,Robert,Clark,Dr. Robert Clark,Endocrinology,Cook-Mathis,0251 Wright Plains Apt. 471,Port Angelatown,CA,4766,450-915-3119x5960,robert.clark@kaiserhealth.org,CA54146,NY,23-03-2029,31,TRUE,FALSE,11-02-2023
DOC101287,1812392788,KJ7909863,Lauren,Park,Dr. Lauren Park,Infectious Disease,Hogan-Zavala,9660 Scott Parkway Suite 625,Bellview,NY,22670,(846)340-6948,lauren.park@kaiserhealth.org,PA28420,GA,25-10-2030,30,TRUE,FALSE,05-09-2025
DOC101288,2442022482,JT8631373,Matthew,Scott,Dr. Matthew Scott,Hematology,Rodgers and Sons,1148 Patrick Land Apt. 197,Michaelfort,CA,6011,-7807,matthew.scott@kaiserhealth.org,IL58102,CA,19-11-2027,19,FALSE,FALSE,14-01-2024
DOC101289,1802669141,VH9606104,Rebecca,Ramirez,Dr. Rebecca Ramirez,Hematology,Hanson Hospital,670 Holly Vista,North Markville,CA,30297,686.326.8497x042,rebecca.ramirez@kaiserhealth.org,NC84430,NY,30-03-2029,11,TRUE,FALSE,15-04-2026
DOC101290,1569247688,XG4103414,Elizabeth,Wilson,Dr. Elizabeth Wilson,Oncology,Sawyer Medical Center,8170 Ruben Club Suite 365,Moorebury,FL,78615,001-276-961-0541x7150,elizabeth.wilson@kaiserhealth.org,NY77589,NY,02-05-2029,12,FALSE,FALSE,12-08-2021
DOC101291,1405132517,UX0447085,Christopher,Decker,Dr. Christopher Decker,Infectious Disease,Bailey-Nixon,77842 Dickson Lake,Kimhaven,CA,82438,(677)306-6721x92283,christopher.decker@kaiserhealth.org,MI46030,CA,06-08-2028,29,TRUE,FALSE,29-03-2023
DOC101292,2878310314,MN4572275,Alex,Reid,Dr. Alex Reid,Hematology,Rodriguez and Sons,59783 Roberto Village Suite 408,East Gloriaton,MI,45759,001-294-347-6988,alex.reid@kaiserhealth.org,IL17163,GA,30-03-2028,22,TRUE,FALSE,25-11-2022
DOC101293,1744999870,VH3913694,Matthew,Sullivan,Dr. Matthew Sullivan,Cardiology,Brown and Sons,08802 Henry Shoals Apt. 162,Lake Desireebury,TX,60489,3358595915,matthew.sullivan@kaiserhealth.org,OH49381,NY,11-05-2029,5,TRUE,FALSE,18-09-2024
DOC101294,1326753180,MR6310108,Karen,Graham,Dr. Karen Graham,Nephrology,Hernandez-Armstrong,636 David Lake Apt. 687,East Lisa,OH,81612,(625)245-0806,karen.graham@kaiserhealth.org,PA48708,OH,06-02-2030,11,TRUE,FALSE,25-03-2025
DOC101295,1606400474,SN7948698,Angie,Huynh,Dr. Angie Huynh,Nephrology,Short Ltd,83410 Danielle Mews Suite 584,Victoriabury,IL,93759,001-993-200-4603x56089,angie.huynh@kaiserhealth.org,NC43072,NC,16-02-2029,9,TRUE,FALSE,04-11-2023
DOC101296,1610077017,RH7594933,Annette,Sweeney,Dr. Annette Sweeney,Oncology,Ruiz PLC,4790 Adkins View,North Jose,CA,2435,(778)390-2764,annette.sweeney@kaiserhealth.org,NC23534,NY,18-04-2028,9,TRUE,FALSE,13-07-2021
DOC101297,2004902144,KC5596743,Gina,Tate,Dr. Gina Tate,Oncology,Morse-Pope,857 Evans Fords,New Justinfort,CA,40799,4627828507,gina.tate@kaiserhealth.org,NC49719,MI,31-10-2028,31,FALSE,FALSE,25-05-2023
DOC101298,2523917033,MH0049992,Ivan,Wood,Dr. Ivan Wood,Infectious Disease,Hayden Hospital,5013 Moore Mountain,North Laurieside,OH,67366,750.351.3918x4180,ivan.wood@kaiserhealth.org,PA38107,OH,28-12-2030,12,FALSE,FALSE,16-12-2023
DOC101299,2731739462,JS7238586,Curtis,Johnson,Dr. Curtis Johnson,Rheumatology,"Mayer, Smith and Green",5156 Javier Trail,South Richard,FL,82416,(968)599-4738,curtis.johnson@kaiserhealth.org,MI30110,GA,04-09-2027,29,TRUE,FALSE,27-04-2026
DOC101300,1413493179,NQ0605581,Shari,Craig,Dr. Shari Craig,Hematology,Rosales PLC,0563 Shepherd Mill,East Kevinville,CA,27185,839.649.1258x1936,shari.craig@kaiserhealth.org,PA70621,MI,12-03-2031,13,TRUE,FALSE,09-02-2023
DOC101301,1625069893,MJ6463989,Ryan,Clark,Dr. Ryan Clark,Hematology,Bell-Steele,459 Watson Manor,West Anthonyside,CA,77002,514-263-1879x89763,ryan.clark@kaiserhealth.org,NY48793,PA,16-01-2028,28,TRUE,FALSE,08-03-2023
DOC101302,1934271866,UE5529050,Alan,Moore,Dr. Alan Moore,Nephrology,Allen and Sons,96025 Cheryl Station,South Allen,CA,1256,9432866684,alan.moore@kaiserhealth.org,OH17024,CA,13-12-2030,8,TRUE,FALSE,29-09-2025
DOC101303,1015616197,GT4498121,Denise,Price,Dr. Denise Price,Neurology,"Martin, Edwards and Gross",3680 Harris Oval Apt. 808,East James,CA,6158,001-970-919-9824,denise.price@kaiserhealth.org,CA98157,NC,17-09-2027,37,TRUE,FALSE,19-06-2025
DOC101304,1846990867,EG3104481,Michael,Mills,Dr. Michael Mills,Hematology,Taylor-Smith,67828 Natasha Plains Suite 006,Castanedahaven,GA,89752,212.879.0425x28465,michael.mills@kaiserhealth.org,FL92330,OH,26-10-2029,28,FALSE,FALSE,18-02-2022
DOC101305,2192218822,AP3186417,Erica,Carlson,Dr. Erica Carlson,Infectious Disease,Welch Medical Center,703 Blake Circle Apt. 480,Nicoleview,NY,34240,978.490.4833x46586,erica.carlson@kaiserhealth.org,FL13808,TX,21-02-2029,17,TRUE,FALSE,02-01-2022
DOC101306,1693683599,CP7640323,Ian,Robinson,Dr. Ian Robinson,Nephrology,"Forbes, Watts and Henderson",640 Weeks Rest Suite 430,Hardytown,NY,92606,878.925.3712,ian.robinson@kaiserhealth.org,MI39899,TX,05-08-2027,26,TRUE,FALSE,09-12-2023
DOC101307,1671269379,JV9952252,Victoria,Miller,Dr. Victoria Miller,Nephrology,Tucker-Sampson,73142 Mary Skyway,Paulberg,OH,35903,299.744.3317x8273,victoria.miller@kaiserhealth.org,IL43834,IL,04-04-2030,38,TRUE,FALSE,22-07-2025
DOC101308,1686811143,HB6409805,Ricky,Taylor,Dr. Ricky Taylor,Gastroenterology,"Parker, Smith and Lozano",640 Martin Mission Suite 662,New Christinafort,GA,67478,+1-956-452-5542x45866,ricky.taylor@kaiserhealth.org,GA21163,PA,02-02-2030,25,TRUE,FALSE,06-01-2023
DOC101309,1627879025,UD2046372,Ashley,Brown,Dr. Ashley Brown,Cardiology,Martin-Mcgrath,9406 Corey Trail Suite 138,South Jennifer,OH,31091,-5273,ashley.brown@kaiserhealth.org,TX62014,OH,26-02-2028,6,TRUE,FALSE,16-07-2024
DOC101310,1584180295,MX9997737,Deborah,King,Dr. Deborah King,Nephrology,"Mason, Fisher and Hart",03565 Adams Plaza Apt. 843,Pearsonland,CA,93042,492-862-7350x6001,deborah.king@kaiserhealth.org,MI57055,GA,01-04-2029,25,TRUE,FALSE,03-12-2023
DOC101311,1924741117,XG6703862,Melissa,Fields,Dr. Melissa Fields,Rheumatology,Richards Group,9091 Brandon Coves,Myersshire,OH,42847,654-430-0178x4627,melissa.fields@kaiserhealth.org,GA66503,NY,01-12-2030,11,TRUE,FALSE,13-07-2021
DOC101312,2233008056,HB8292482,Rhonda,Edwards,Dr. Rhonda Edwards,Gastroenterology,"Anderson, Ortega and Pierce",307 Eric Loop Suite 569,North Karaton,GA,82709,-2517,rhonda.edwards@kaiserhealth.org,FL32450,NY,22-08-2027,7,TRUE,FALSE,07-09-2021
DOC101313,1127365485,EF0720197,Richard,Thompson,Dr. Richard Thompson,Oncology,Mcknight-Odonnell,49465 Samantha Spring Suite 053,Victorfort,NC,88569,911-760-2859x538,richard.thompson@kaiserhealth.org,IL28052,NC,08-01-2029,35,TRUE,FALSE,07-04-2026
DOC101314,1627963651,FV5551005,Trevor,Stewart,Dr. Trevor Stewart,Oncology,"Lopez, Green and Jones",2823 Linda Courts Suite 430,Lake Tammy,CA,18051,+1-977-844-4332x945,trevor.stewart@kaiserhealth.org,NC25050,MI,28-05-2031,24,TRUE,FALSE,26-09-2025
DOC101315,2226230036,AQ2235028,Heather,Simon,Dr. Heather Simon,Neurology,"Brown, Osborn and Villanueva",46497 Kristin Turnpike Apt. 419,South Shannonland,CA,3356,4995784429,heather.simon@kaiserhealth.org,FL97774,IL,11-10-2027,14,TRUE,FALSE,20-09-2024
DOC101316,2375391692,TA9166316,Cynthia,Anderson,Dr. Cynthia Anderson,Infectious Disease,Shaw Group,597 Tammy Way Apt. 489,North Matthewstad,MI,62048,001-799-815-8434,cynthia.anderson@kaiserhealth.org,OH83158,GA,26-12-2028,24,TRUE,FALSE,28-06-2022
DOC101317,1045441061,PN4970084,Debra,Mcknight,Dr. Debra Mcknight,Pulmonology,Mitchell Hospital,70806 Charles Street Apt. 959,Johnmouth,PA,71263,001-345-490-7312x8211,debra.mcknight@kaiserhealth.org,NC13600,NY,03-03-2029,26,TRUE,FALSE,13-02-2024
DOC101318,1764296280,UE4115050,Dana,Davis,Dr. Dana Davis,Nephrology,"Dixon, Flores and Baker",893 Reid Motorway Apt. 705,South Anthonystad,CA,85083,001-806-726-3276x2432,dana.davis@kaiserhealth.org,MI85123,OH,03-06-2029,11,TRUE,FALSE,18-10-2022
DOC101319,1152552322,XT0588377,Aaron,Mack,Dr. Aaron Mack,Oncology,"Fox, Scott and Henry",937 Simpson Isle Apt. 399,Houstonborough,CA,51462,001-518-745-4419,aaron.mack@kaiserhealth.org,PA45522,CA,02-06-2029,24,TRUE,FALSE,01-05-2026
DOC101320,2253950111,LF5586277,Eric,Martin,Dr. Eric Martin,Gastroenterology,Newton Medical Center,5159 Martin Haven,Phelpsside,NC,97623,615.953.3317x9313,eric.martin@kaiserhealth.org,NC33221,OH,23-11-2028,7,TRUE,FALSE,01-10-2024
DOC101321,2489030458,SA9718614,Nichole,Jensen,Dr. Nichole Jensen,Endocrinology,Curry-Villarreal,0210 Kristi Extension Suite 864,Pamelahaven,CA,88361,001-270-705-1253x80631,nichole.jensen@kaiserhealth.org,MI38860,PA,29-04-2031,26,FALSE,FALSE,01-05-2023
DOC101322,2592055967,LQ7991137,Paige,Davenport,Dr. Paige Davenport,Nephrology,Andersen-Clark,927 Lowe Underpass Suite 226,Stewartland,NC,10555,001-552-343-8720x7579,paige.davenport@kaiserhealth.org,FL12401,IL,25-10-2028,26,TRUE,FALSE,17-01-2024
DOC101323,1745116089,MS9701522,John,Franklin,Dr. John Franklin,Cardiology,Wheeler PLC,459 Thompson Greens Apt. 840,Port Trevor,FL,87642,257-736-8507,john.franklin@kaiserhealth.org,FL59665,NC,12-05-2030,29,TRUE,FALSE,06-06-2022
DOC101324,1476128989,VH0746113,Paula,Moore,Dr. Paula Moore,Oncology,Lucas Medical Center,18672 Thomas Prairie,West Joshuastad,MI,54797,(219)366-7601x50434,paula.moore@kaiserhealth.org,GA85669,MI,02-07-2027,13,TRUE,FALSE,26-01-2023
DOC101325,2603387885,ES5898681,Philip,Watson,Dr. Philip Watson,Oncology,Gray-Torres,6573 Brianna Neck Suite 410,Aaronhaven,IL,43024,+1-902-233-0946x214,philip.watson@kaiserhealth.org,FL85416,GA,03-03-2031,30,TRUE,FALSE,19-01-2025
DOC101326,1900737949,UV4457444,Mary,Monroe,Dr. Mary Monroe,Cardiology,Robinson-Monroe,05342 Stephanie Station Apt. 629,North Sarah,CA,85611,(515)807-1066x1690,mary.monroe@kaiserhealth.org,GA62820,MI,06-02-2031,15,TRUE,FALSE,28-05-2025
DOC101327,1654347591,YN0435983,Brian,Johnston,Dr. Brian Johnston,Nephrology,Wilson-Stevens,9631 Gutierrez Bypass Suite 087,Christinaland,NC,19993,(698)930-8788,brian.johnston@kaiserhealth.org,PA92139,MI,02-06-2029,8,TRUE,FALSE,14-04-2026
DOC101328,2585783756,XT1678434,Amber,Escobar,Dr. Amber Escobar,Oncology,Scott and Sons,9686 Davies Mission Suite 823,Port Kimberlyton,GA,75196,001-571-854-7595x013,amber.escobar@kaiserhealth.org,FL17443,GA,02-06-2029,11,TRUE,FALSE,13-10-2022
DOC101329,2761350078,TG6922338,Jessica,Miller,Dr. Jessica Miller,Oncology,Reyes-Hubbard,0828 Stacey Terrace,Parkerville,IL,84480,571.365.0942,jessica.miller@kaiserhealth.org,CA40971,FL,31-01-2029,31,TRUE,FALSE,06-05-2026
DOC101330,2285023126,LG2735514,Ricky,Young,Dr. Ricky Young,Oncology,"Miller, Walker and Macias",1813 Roman Unions,North Joshuamouth,GA,78376,3467449405,ricky.young@kaiserhealth.org,TX44404,MI,30-11-2027,8,TRUE,FALSE,23-05-2023
DOC101331,1347714695,BU3555570,Christina,Velez,Dr. Christina Velez,Endocrinology,Castro-Tanner,268 Andrew Parkway,Bernardton,CA,84451,(681)444-1666x11772,christina.velez@kaiserhealth.org,CA63880,NY,04-07-2027,35,TRUE,FALSE,22-12-2024
DOC101332,1644594761,FD8939127,Pamela,Harrison,Dr. Pamela Harrison,Oncology,"Costa, Peterson and Stone",240 Dean Neck Suite 957,West Yolanda,OH,4889,903.715.1861,pamela.harrison@kaiserhealth.org,PA13888,GA,01-01-2030,30,TRUE,FALSE,30-03-2026
DOC101333,1228305644,PT5304555,Chelsea,Thompson,Dr. Chelsea Thompson,Rheumatology,Parks PLC,764 Chelsea Radial Suite 832,Charlesshire,MI,5468,402-963-3492,chelsea.thompson@kaiserhealth.org,PA16691,TX,29-05-2031,31,TRUE,FALSE,18-08-2025
DOC101334,2607778943,HW2763990,Heidi,Wells,Dr. Heidi Wells,Oncology,"Murphy, Torres and Shelton",239 Figueroa Greens Apt. 448,North John,OH,83546,3117557694,heidi.wells@kaiserhealth.org,CA13831,NC,13-03-2031,16,TRUE,FALSE,14-05-2022
DOC101335,1696269022,EB9755061,Jason,Gardner,Dr. Jason Gardner,Hematology,Mcgrath-Shaffer,37508 Chelsea Gardens,South Luisburgh,MI,42414,(732)943-4213,jason.gardner@kaiserhealth.org,CA66579,GA,11-11-2030,6,FALSE,FALSE,24-05-2026
DOC101336,1512003934,KV0769721,Norma,Nguyen,Dr. Norma Nguyen,Oncology,Martin-Smith,50064 Wise Stravenue,West Kimberlyburgh,CA,80861,507-982-8625x5872,norma.nguyen@kaiserhealth.org,NY82251,FL,06-08-2027,20,TRUE,FALSE,18-02-2025
DOC101337,1919296921,AL3071226,Nancy,Moore,Dr. Nancy Moore,Oncology,"Ward, Hunter and Ford",0805 Ryan Views,South Douglas,CA,27090,001-216-575-0115x327,nancy.moore@kaiserhealth.org,NC26505,TX,18-01-2031,37,TRUE,FALSE,20-01-2024
DOC101338,2742705498,LR8872820,Katie,Calderon,Dr. Katie Calderon,Infectious Disease,Pineda-Wallace,8863 Davis Mill Suite 080,Johnburgh,CA,71230,001-981-722-3965,katie.calderon@kaiserhealth.org,TX30811,NC,02-02-2031,6,FALSE,FALSE,26-02-2023
DOC101339,1698044665,SU5247609,Katherine,Tucker,Dr. Katherine Tucker,Oncology,Nelson-Roberts,56222 Amber Wells,Port Juan,CA,53958,842-299-6138x071,katherine.tucker@kaiserhealth.org,OH44769,GA,23-05-2031,14,TRUE,FALSE,04-03-2025
DOC101340,2525737874,RR8840709,Ashley,Salinas,Dr. Ashley Salinas,Oncology,Jacobs Hospital,06838 Christina Cliffs Suite 298,Smithburgh,OH,64037,457.710.3630x56956,ashley.salinas@kaiserhealth.org,PA72724,GA,28-02-2030,34,TRUE,FALSE,15-10-2021
DOC101341,1612988972,TK2680928,Glenda,Reyes,Dr. Glenda Reyes,Endocrinology,Jones-Lewis,889 Erica Plaza,Farmerhaven,OH,9491,207-514-9236,glenda.reyes@kaiserhealth.org,NY94397,OH,24-10-2030,21,TRUE,FALSE,06-01-2025
DOC101342,1053718605,NY6880316,William,Romero,Dr. William Romero,Infectious Disease,Jarvis-Bates,4372 Mary Extensions Suite 776,Port Angie,IL,29815,001-919-718-0438x43097,william.romero@kaiserhealth.org,GA85658,PA,11-10-2030,9,TRUE,FALSE,09-09-2024
DOC101343,1124285354,CN0199198,William,Cobb,Dr. William Cobb,Pulmonology,Wilson Medical Center,87472 Jennifer Square,North David,NC,51153,(397)946-0302x312,william.cobb@kaiserhealth.org,CA78458,GA,27-09-2029,5,FALSE,FALSE,17-06-2022
DOC101344,1708671520,RQ1074043,Seth,Potter,Dr. Seth Potter,Neurology,Thompson-Sanchez,5888 Monique Place,Cherylburgh,OH,3669,(330)241-6527x26189,seth.potter@kaiserhealth.org,NC85888,PA,09-12-2029,33,TRUE,FALSE,03-06-2024
DOC101345,2246105110,UA0701785,Jeffrey,Villa,Dr. Jeffrey Villa,Oncology,Beltran Medical Center,251 Randy Route Apt. 238,North Jasonmouth,TX,4693,(609)881-9401,jeffrey.villa@kaiserhealth.org,CA58788,CA,12-02-2030,14,TRUE,FALSE,15-10-2024
DOC101346,2972392010,XF9759974,Christopher,Bush,Dr. Christopher Bush,Oncology,Johnson-Marshall,2045 Heather Ports,South Jillborough,PA,90926,+1-253-633-5016x26251,christopher.bush@kaiserhealth.org,FL88531,OH,30-01-2031,25,TRUE,FALSE,25-05-2026
DOC101347,2442526942,BK1641537,Joseph,Mays,Dr. Joseph Mays,Pulmonology,Sanchez-Johns,151 Jeffrey Crossroad Apt. 967,North Michelle,CA,77373,(840)874-1359,joseph.mays@kaiserhealth.org,PA22178,FL,06-12-2028,20,TRUE,FALSE,12-07-2023
DOC101348,1766997681,XN0855717,Joel,Williams,Dr. Joel Williams,Pulmonology,Perez-Baird,4339 Brianna Well Apt. 008,Curtisberg,MI,89848,(275)201-4683x1465,joel.williams@kaiserhealth.org,CA57601,NC,14-06-2028,24,TRUE,FALSE,29-05-2026
DOC101349,2881449908,BG5862405,Jonathan,Schultz,Dr. Jonathan Schultz,Hematology,Camacho-Ward,4201 Kathryn Rapid Apt. 232,North Nicholasstad,CA,14284,+1-988-790-6091x750,jonathan.schultz@kaiserhealth.org,IL53345,CA,03-01-2028,40,TRUE,FALSE,31-05-2026
DOC101350,1453527911,DC0851846,Sara,Price,Dr. Sara Price,Oncology,Kennedy-Gomez,6162 Emily Passage,Victoriachester,NC,45822,(888)772-0204x87103,sara.price@kaiserhealth.org,MI82601,PA,18-06-2028,19,TRUE,FALSE,30-11-2023
DOC101351,1359618307,YG4800226,Tony,Goodwin,Dr. Tony Goodwin,Pulmonology,King and Sons,97453 Michelle Lakes Suite 508,North Dustintown,TX,56407,001-695-547-3564x2729,tony.goodwin@kaiserhealth.org,PA90766,GA,02-04-2029,13,TRUE,FALSE,14-04-2022
DOC101352,2482987819,EC4749847,Benjamin,Logan,Dr. Benjamin Logan,Oncology,Cunningham and Sons,0814 Ortega Mills Apt. 236,South Kennethfort,OH,8266,(802)425-2553x13417,benjamin.logan@kaiserhealth.org,CA48625,TX,16-04-2028,20,FALSE,FALSE,20-02-2026
DOC101353,1784721461,QF7580452,Anthony,Johnston,Dr. Anthony Johnston,Nephrology,Howe-Vasquez,016 Tiffany Mission Apt. 584,New Daniel,TX,25133,+1-733-896-9108x296,anthony.johnston@kaiserhealth.org,OH68459,OH,17-12-2027,37,TRUE,FALSE,28-08-2022
DOC101354,2988775445,SJ7413401,Lisa,Harrington,Dr. Lisa Harrington,Nephrology,Mitchell-Ramirez,6478 Reyes Isle Apt. 845,Lake Erinport,TX,32982,001-499-825-7099,lisa.harrington@kaiserhealth.org,MI37922,OH,03-01-2028,5,TRUE,FALSE,25-07-2021
DOC101355,2275193463,SV0124844,Drew,Cooper,Dr. Drew Cooper,Hematology,Duran-Rodriguez,255 Alex Ferry,Rogersshire,MI,15944,-6281,drew.cooper@kaiserhealth.org,FL65303,PA,28-04-2028,31,TRUE,FALSE,15-08-2021
DOC101356,1568622307,AX6594805,Tara,Burns,Dr. Tara Burns,Neurology,Gross PLC,38840 Joan Route,Marshallfurt,NY,78157,(919)210-5071,tara.burns@kaiserhealth.org,OH14603,TX,20-01-2030,13,TRUE,FALSE,03-07-2024
DOC101357,2330372718,PW2447563,Tiffany,Carter,Dr. Tiffany Carter,Cardiology,Bailey-Mann,9143 Lindsey Mountains,New Dawn,NY,32703,955-467-6959,tiffany.carter@kaiserhealth.org,TX91991,NY,21-11-2029,18,TRUE,FALSE,13-09-2024
DOC101358,1782878066,CL4598586,Hector,Ortiz,Dr. Hector Ortiz,Infectious Disease,Baldwin and Sons,3703 Ashley Canyon,Robertmouth,FL,90054,541-434-3076,hector.ortiz@kaiserhealth.org,PA66755,PA,13-12-2029,23,TRUE,FALSE,22-10-2025
DOC101359,1288252128,YT6690594,Scott,Cochran,Dr. Scott Cochran,Infectious Disease,"Miller, Schultz and Reynolds",191 Sparks Estate Suite 236,South John,MI,87216,673.580.1318,scott.cochran@kaiserhealth.org,MI78940,IL,19-09-2028,16,TRUE,FALSE,18-02-2022
DOC101360,1847052031,XH2988712,Jacob,Villarreal,Dr. Jacob Villarreal,Oncology,Baldwin-Ballard,1114 James Extension,South Jamiemouth,TX,71106,335.841.4556x4731,jacob.villarreal@kaiserhealth.org,CA37261,OH,03-09-2029,29,TRUE,FALSE,13-01-2026
DOC101361,2277862685,FR2876032,Mark,Thompson,Dr. Mark Thompson,Oncology,Hall-Walsh,88943 Brandon Hills,Thomasville,NC,53532,(660)688-0418x902,mark.thompson@kaiserhealth.org,GA68829,NC,16-03-2029,19,TRUE,FALSE,24-01-2023
DOC101362,2106283345,WY5735623,Angela,Casey,Dr. Angela Casey,Oncology,Jones-Harris,87363 Jose Fields Apt. 813,Bartlettberg,GA,77764,001-338-304-5030x8349,angela.casey@kaiserhealth.org,GA94451,CA,16-03-2029,8,TRUE,FALSE,06-12-2023
DOC101363,1585973027,HW2285704,Tracy,Scott,Dr. Tracy Scott,Endocrinology,Swanson and Sons,133 Banks Square Apt. 781,West Michaelborough,IL,86898,001-525-888-3021,tracy.scott@kaiserhealth.org,CA29974,PA,26-07-2029,26,TRUE,FALSE,13-01-2022
DOC101364,2893977041,DP7881596,Ricky,Pearson,Dr. Ricky Pearson,Pulmonology,Gordon Medical Center,760 William Inlet Apt. 726,Alyssaland,OH,999,503-791-6781x28837,ricky.pearson@kaiserhealth.org,GA40519,NC,07-05-2031,30,TRUE,FALSE,27-04-2026
DOC101365,2690448467,HG2291248,Jeffrey,Sherman,Dr. Jeffrey Sherman,Nephrology,Waters and Sons,8146 Wright Island,Port Kim,CA,77841,423.520.7248x61156,jeffrey.sherman@kaiserhealth.org,PA80078,GA,19-09-2027,33,TRUE,FALSE,19-10-2024
DOC101366,2239459942,PJ0760895,Tyrone,Johnson,Dr. Tyrone Johnson,Neurology,"Johnston, Cruz and Johnson",1280 Phillips Cove,North Vanessa,CA,26918,001-862-348-7485x62378,tyrone.johnson@kaiserhealth.org,NY26878,CA,15-07-2029,19,TRUE,FALSE,18-05-2023
DOC101367,1980138716,ET3356890,Leah,Anderson,Dr. Leah Anderson,Oncology,Stevens-Russell,95136 Ronald Trail Suite 416,Deannachester,NC,53541,001-933-975-6184x535,leah.anderson@kaiserhealth.org,NY15005,NC,18-07-2029,6,FALSE,FALSE,17-09-2025
DOC101368,2337435670,EW7728715,Pamela,Cox,Dr. Pamela Cox,Infectious Disease,Watts Hospital,361 Scott Inlet Apt. 396,West Davidview,CA,43020,4257670217,pamela.cox@kaiserhealth.org,MI66556,MI,08-11-2030,28,TRUE,FALSE,29-06-2026
DOC101369,2575959955,AL5362917,Angela,Durham,Dr. Angela Durham,Cardiology,Blake-Cummings,6329 Smith Village,West Jasonview,IL,12301,+1-826-398-0865x5108,angela.durham@kaiserhealth.org,NC57782,IL,09-02-2030,9,TRUE,FALSE,05-06-2025
DOC101370,2252520788,FC6511921,Samantha,Smith,Dr. Samantha Smith,Pulmonology,Charles-Francis,313 Cindy Bypass,Lake Thomas,PA,48623,001-742-750-1657,samantha.smith@kaiserhealth.org,GA48718,IL,08-11-2028,25,TRUE,FALSE,14-07-2025
DOC101371,1027694730,ST2403532,Kevin,Gray,Dr. Kevin Gray,Cardiology,"Hernandez, Jones and Smith",056 Monica Junction Suite 738,Darrellshire,CA,53549,3069616153,kevin.gray@kaiserhealth.org,IL47451,CA,07-02-2029,16,TRUE,FALSE,12-12-2024
DOC101372,2340941218,BM2579599,Andrew,Schwartz,Dr. Andrew Schwartz,Oncology,Carter-Brooks,918 Kelly Forks Suite 975,Cookstad,CA,34954,(406)683-4260x5338,andrew.schwartz@kaiserhealth.org,IL72711,MI,30-01-2030,21,TRUE,FALSE,13-03-2025
DOC101373,1254601891,DG4348571,Brianna,Bennett,Dr. Brianna Bennett,Neurology,Payne Ltd,758 Keith Highway,East Robertbury,FL,40583,474.551.2619x37902,brianna.bennett@kaiserhealth.org,MI99865,MI,27-03-2031,32,TRUE,FALSE,06-09-2021
DOC101374,2686127342,DD2029138,Caroline,Watts,Dr. Caroline Watts,Oncology,Lewis-Ayers,34557 Samantha Mountains,West Richard,FL,99562,-7866,caroline.watts@kaiserhealth.org,CA22093,IL,17-05-2029,24,TRUE,FALSE,13-02-2022
DOC101375,1989088819,NX6452319,Deborah,Wood,Dr. Deborah Wood,Oncology,Mitchell and Sons,7767 Ballard Shoals Apt. 224,Mendozamouth,MI,10929,001-267-655-7912,deborah.wood@kaiserhealth.org,MI14731,NC,01-12-2028,14,TRUE,FALSE,28-09-2023
DOC101376,1356831723,PW6704171,Elizabeth,Livingston,Dr. Elizabeth Livingston,Oncology,"Bush, Ware and Ramirez",88269 Powell Harbors Apt. 366,Adamsside,FL,68777,(689)396-9087x86391,elizabeth.livingston@kaiserhealth.org,NC83817,NY,15-10-2029,12,TRUE,FALSE,13-07-2023
DOC101377,2405013320,HJ4956071,Marcus,Johnson,Dr. Marcus Johnson,Pulmonology,"Nolan, Mitchell and Brown",4742 Brown Dam Suite 445,South Ann,NC,8856,2959472874,marcus.johnson@kaiserhealth.org,GA61228,PA,05-11-2028,8,TRUE,FALSE,06-04-2022
DOC101378,2752572316,GD6037811,Monica,Sanchez,Dr. Monica Sanchez,Oncology,Huynh Group,78280 Lee Pike,Lake Rebeccaside,PA,85982,+1-558-477-7075x0139,monica.sanchez@kaiserhealth.org,GA14060,FL,12-11-2028,29,TRUE,FALSE,04-11-2024
DOC101379,1066700599,JN9669323,Tanya,Hayes,Dr. Tanya Hayes,Neurology,"Conrad, Cooke and Mendoza",631 Strickland Cliff Suite 266,Navarrohaven,GA,54392,563-238-6381,tanya.hayes@kaiserhealth.org,CA13837,GA,27-06-2031,11,TRUE,FALSE,06-03-2023
DOC101380,2800971408,PG3234306,Douglas,Lloyd,Dr. Douglas Lloyd,Rheumatology,Turner PLC,0946 Diaz Views Suite 977,Port Lawrencefurt,CA,39421,234-295-4121x762,douglas.lloyd@kaiserhealth.org,GA48424,IL,07-02-2031,39,TRUE,FALSE,21-02-2022
DOC101381,1923759097,FE8582585,Jackie,Shields,Dr. Jackie Shields,Pulmonology,"Wright, Scott and Romero",92053 Morris Heights,Reginaldchester,PA,81633,(690)301-9233x15240,jackie.shields@kaiserhealth.org,PA24754,FL,11-06-2031,12,TRUE,FALSE,28-02-2024
DOC101382,2034823678,TG8736932,Dana,Murphy,Dr. Dana Murphy,Oncology,"Adams, Solis and Murray",27793 Jeremy Village Suite 694,North Clayton,NC,35595,657-366-1629x506,dana.murphy@kaiserhealth.org,CA14265,IL,22-07-2027,20,TRUE,FALSE,25-04-2023
DOC101383,2584664867,YJ1637120,Christian,Parker,Dr. Christian Parker,Oncology,"Curtis, Humphrey and Tucker",265 Jason Roads,Woodstad,FL,37390,(312)403-8467x26440,christian.parker@kaiserhealth.org,NY69948,PA,30-06-2030,27,TRUE,FALSE,31-10-2025
DOC101384,2760145840,SD1441572,Rachael,Wilson,Dr. Rachael Wilson,Gastroenterology,Frazier-Wilcox,4256 Maria Place,Draketown,NY,65579,001-981-638-4751x340,rachael.wilson@kaiserhealth.org,IL38072,OH,15-02-2030,9,TRUE,FALSE,31-03-2022
DOC101385,2114603611,SV2605554,Wesley,Moss,Dr. Wesley Moss,Infectious Disease,Brooks PLC,405 Mack Mall,Christianton,PA,53128,+1-706-511-9597x372,wesley.moss@kaiserhealth.org,IL32996,OH,10-11-2030,37,FALSE,FALSE,03-07-2021
DOC101386,2843771403,KX4545956,Jesse,Stewart,Dr. Jesse Stewart,Infectious Disease,Gray-Perez,2805 Chambers Circle Apt. 319,Sarahton,CA,62389,-5077,jesse.stewart@kaiserhealth.org,CA40260,CA,11-03-2030,10,TRUE,FALSE,10-04-2023
DOC101387,2227238697,JX2173683,Sonya,Reese,Dr. Sonya Reese,Gastroenterology,Hobbs and Sons,5556 Pamela Hollow,Watsonstad,CA,96607,783.339.3994x310,sonya.reese@kaiserhealth.org,CA86143,PA,16-10-2029,33,TRUE,FALSE,14-10-2025
DOC101388,1409916508,DC3640348,William,Gill,Dr. William Gill,Oncology,"Gonzales, Morse and Glover",957 Jessica Village,New Sean,NC,26528,6188986598,william.gill@kaiserhealth.org,IL34748,GA,17-09-2030,34,TRUE,FALSE,24-08-2021
DOC101389,2279595142,VM4496695,Marissa,Molina,Dr. Marissa Molina,Pulmonology,Booth-Moore,670 Rhonda Mission Apt. 887,Abigailmouth,TX,7507,001-680-820-7520,marissa.molina@kaiserhealth.org,NY72387,PA,14-11-2030,32,TRUE,FALSE,22-06-2026
DOC101390,2280016173,JK7945923,Rhonda,Tanner,Dr. Rhonda Tanner,Oncology,Clark-Smith,8477 Christina Canyon Apt. 444,Lake Timville,NY,75756,318.890.1120x3672,rhonda.tanner@kaiserhealth.org,OH37899,NC,15-02-2030,19,TRUE,FALSE,24-08-2023
DOC101391,2489710017,AQ8129457,Sarah,Barry,Dr. Sarah Barry,Infectious Disease,Irwin Group,647 Vickie Overpass Apt. 527,Robertberg,CA,92383,001-508-431-3001x618,sarah.barry@kaiserhealth.org,FL15367,IL,18-11-2027,24,TRUE,FALSE,21-04-2024
DOC101392,1423552833,RF8756798,Eric,Carroll,Dr. Eric Carroll,Cardiology,Brown Group,66430 Johnson Hill Apt. 831,Henryborough,CA,17632,564-947-1060x6067,eric.carroll@kaiserhealth.org,CA28156,OH,11-05-2031,25,TRUE,FALSE,07-05-2025
DOC101393,2711588218,QB8941079,Allison,Mcclure,Dr. Allison Mcclure,Cardiology,Jones Medical Center,07290 Ruiz Valleys,Lake Danielville,NY,60282,9567476585,allison.mcclure@kaiserhealth.org,OH25631,NY,29-05-2029,24,FALSE,FALSE,04-09-2021
DOC101394,2461198309,QM4247388,Olivia,Shaffer,Dr. Olivia Shaffer,Rheumatology,Ross Group,947 Martha Brooks Apt. 784,Edwardsborough,TX,6134,-4486,olivia.shaffer@kaiserhealth.org,FL75148,GA,10-08-2027,23,TRUE,FALSE,07-06-2025
DOC101395,2700788125,HF5121808,Melinda,Smith,Dr. Melinda Smith,Oncology,Long Group,4753 Ballard Turnpike Apt. 638,West Christopher,TX,62249,(430)835-8217,melinda.smith@kaiserhealth.org,OH73317,MI,14-06-2028,8,TRUE,FALSE,10-08-2023
DOC101396,2602865383,UW5716468,Michelle,Stephens,Dr. Michelle Stephens,Endocrinology,Patton Ltd,088 Gilmore Common Apt. 258,West Kevinbury,NY,8375,(257)372-1127x1681,michelle.stephens@kaiserhealth.org,CA11818,FL,12-02-2031,35,TRUE,FALSE,10-05-2025
DOC101397,1703780886,YY6932070,Yvette,Mccullough,Dr. Yvette Mccullough,Nephrology,Durham and Sons,2673 Wilson Bridge,Hubbardfurt,NC,70510,(786)546-4147x35946,yvette.mccullough@kaiserhealth.org,FL45777,NC,14-03-2030,22,TRUE,FALSE,18-06-2025
DOC101398,2748762965,BR4456572,Kelly,Lopez,Dr. Kelly Lopez,Infectious Disease,Stewart Group,997 Shepherd Forges Suite 166,East Jessicabury,GA,86561,801.540.9507x1519,kelly.lopez@kaiserhealth.org,OH57244,IL,04-02-2028,10,TRUE,FALSE,25-05-2023
DOC101399,1817947795,AB3452202,Brian,Parker,Dr. Brian Parker,Infectious Disease,Hernandez-Robbins,15953 Linda Parkways Suite 162,South Jacobhaven,TX,11915,566-603-0980x51834,brian.parker@kaiserhealth.org,OH90144,FL,19-12-2030,8,TRUE,FALSE,27-04-2026
DOC101400,2452573309,YB7406351,Jamie,Wright,Dr. Jamie Wright,Infectious Disease,Rose-Schwartz,9347 Kenneth Squares Suite 167,Thomasside,CA,64827,001-843-509-6474x2932,jamie.wright@kaiserhealth.org,PA29220,TX,07-08-2030,22,TRUE,FALSE,23-01-2024
DOC101401,2512583799,AB5366933,Alexandra,Johnson,Dr. Alexandra Johnson,Endocrinology,"Dodson, Jackson and Allison",2890 Bailey Pine,South Donald,CA,62993,931.825.8128,alexandra.johnson@kaiserhealth.org,OH40218,FL,17-03-2029,21,TRUE,FALSE,23-05-2023
DOC101402,2628372372,FL9310337,Joseph,Scott,Dr. Joseph Scott,Oncology,Dean Ltd,7652 Kevin Vista Suite 851,Watkinsland,CA,62978,(217)713-5284x547,joseph.scott@kaiserhealth.org,NC86554,IL,12-07-2027,14,TRUE,FALSE,09-09-2021
DOC101403,2037043333,XD8838456,Michael,Wilkerson,Dr. Michael Wilkerson,Cardiology,Vega-Fletcher,6648 Holmes Crescent,New Elizabeth,TX,16091,(676)407-8335,michael.wilkerson@kaiserhealth.org,PA94629,GA,16-03-2030,40,TRUE,FALSE,31-07-2022
DOC101404,1473719851,RP9680645,Samantha,Cox,Dr. Samantha Cox,Oncology,Mckenzie-Lara,0353 Rodriguez Manors,Larryville,IL,34848,319-410-1473,samantha.cox@kaiserhealth.org,IL28884,NY,07-01-2031,28,TRUE,FALSE,27-05-2026
DOC101405,1792640532,WQ3968859,William,Pearson,Dr. William Pearson,Neurology,Meyer-Campbell,127 Jones Mills,Terrymouth,IL,50986,+1-685-239-0917x4479,william.pearson@kaiserhealth.org,TX78966,NC,17-05-2031,18,TRUE,FALSE,20-12-2025
DOC101406,1397997833,CY5032198,Aaron,Lee,Dr. Aaron Lee,Rheumatology,"Larson, Moore and Knight",4199 Nguyen Summit,Antonioshire,MI,32627,464.552.6587x280,aaron.lee@kaiserhealth.org,OH55278,PA,01-11-2029,10,TRUE,FALSE,07-10-2024
DOC101407,1250666860,NW7347671,Luke,White,Dr. Luke White,Pulmonology,Williams-Smith,9801 Adam Gateway,North Martinborough,MI,60278,-8015,luke.white@kaiserhealth.org,MI98937,NC,05-06-2029,32,TRUE,FALSE,04-02-2022
DOC101408,2910385242,RN2215596,Bryan,Trevino,Dr. Bryan Trevino,Neurology,Lam Group,39766 Daniel Grove,West Melissaland,GA,76317,-8300,bryan.trevino@kaiserhealth.org,IL36987,MI,24-04-2030,31,TRUE,FALSE,31-03-2026
DOC101409,2959403895,LK6565317,Robert,Cook,Dr. Robert Cook,Oncology,Torres and Sons,89874 Bell Corners Apt. 923,West Michael,NC,69244,257.728.3463x89161,robert.cook@kaiserhealth.org,GA38468,CA,10-11-2028,8,TRUE,FALSE,20-03-2026
DOC101410,1027366325,NX7322348,Tracy,Clark,Dr. Tracy Clark,Oncology,"Fields, Matthews and Miller",941 Mcdonald Islands,Lake Bobby,IL,61344,+1-389-914-5481x189,tracy.clark@kaiserhealth.org,MI38026,MI,27-02-2030,9,TRUE,FALSE,14-11-2022
DOC101411,2019109048,SP6073264,William,Rogers,Dr. William Rogers,Pulmonology,"Turner, Rodgers and Nelson",09262 Reed Plains Apt. 720,New Danatown,CA,47096,401.797.4357x529,william.rogers@kaiserhealth.org,NC84844,FL,16-12-2028,35,TRUE,FALSE,02-09-2024
DOC101412,2417609093,RD6458104,Morgan,Fisher,Dr. Morgan Fisher,Rheumatology,Park PLC,9001 Neal Points Apt. 236,West Jane,GA,38957,+1-447-600-2519x067,morgan.fisher@kaiserhealth.org,FL45638,OH,13-06-2030,32,FALSE,FALSE,14-10-2023
DOC101413,2473387805,ES9056651,Kimberly,Williams,Dr. Kimberly Williams,Gastroenterology,Lamb-Kennedy,48774 Hughes Center Apt. 572,New Codyton,CA,5344,001-463-447-4180x420,kimberly.williams@kaiserhealth.org,GA81083,IL,28-04-2028,33,TRUE,FALSE,16-08-2021
DOC101414,1743450968,LV3806250,Leslie,Parrish,Dr. Leslie Parrish,Oncology,Hutchinson-Bryant,8287 Cooper Mission,Jessicastad,FL,18691,486-885-6850x66487,leslie.parrish@kaiserhealth.org,CA77043,MI,24-10-2028,29,TRUE,FALSE,31-10-2025
DOC101415,1434354869,LF1215603,Thomas,Walker,Dr. Thomas Walker,Gastroenterology,Brown Hospital,6453 Justin Road Suite 294,Keithtown,GA,38072,245-805-6337,thomas.walker@kaiserhealth.org,NY10669,NC,23-01-2030,39,TRUE,FALSE,05-05-2024
DOC101416,2469466049,BG7647476,Deborah,Farrell,Dr. Deborah Farrell,Nephrology,"Garcia, Long and Martinez",9559 Martin Ports Apt. 332,Charlesmouth,CA,61058,001-611-280-1677x4360,deborah.farrell@kaiserhealth.org,NY65840,NY,07-03-2031,16,TRUE,FALSE,30-11-2025
DOC101417,2039655868,YY1900415,Martin,Moore,Dr. Martin Moore,Gastroenterology,Cooley and Sons,474 Tanya Inlet Suite 688,Lake William,CA,11182,(318)877-6458x0843,martin.moore@kaiserhealth.org,FL38161,FL,12-03-2030,28,TRUE,FALSE,14-03-2024
DOC101418,2601385500,FU5738010,Francisco,Jones,Dr. Francisco Jones,Cardiology,"Griffin, Elliott and Johnson",3126 Mitchell Square,Evansberg,TX,82842,-10308,francisco.jones@kaiserhealth.org,IL56375,GA,25-11-2029,11,FALSE,FALSE,18-04-2022
DOC101419,1580619499,UD3650551,Danielle,Perry,Dr. Danielle Perry,Nephrology,Perez Group,3183 Perkins Inlet,East Jillview,NY,43464,001-723-725-8024,danielle.perry@kaiserhealth.org,MI39178,MI,20-01-2031,31,TRUE,FALSE,30-09-2025
DOC101420,1867170804,VE9328507,Chris,Garcia,Dr. Chris Garcia,Cardiology,Chaney-Shepherd,3514 Willie Loop Apt. 270,East Cory,MI,34112,+1-502-581-0607x6344,chris.garcia@kaiserhealth.org,OH20974,TX,07-09-2028,19,TRUE,FALSE,09-01-2025
DOC101421,1134952209,JB0371775,Aaron,Banks,Dr. Aaron Banks,Gastroenterology,"Bennett, Choi and Sanchez",4162 Johnson Extension Suite 215,West Ericabury,NC,46507,672-736-8504,aaron.banks@kaiserhealth.org,PA60509,TX,20-03-2028,33,TRUE,FALSE,18-10-2024
DOC101422,1661126203,BN9516571,Brett,Stephenson,Dr. Brett Stephenson,Oncology,Short and Sons,7224 Patricia Stream Suite 306,North Victoriatown,CA,1060,958-292-7523x408,brett.stephenson@kaiserhealth.org,NY82662,OH,11-09-2030,8,TRUE,FALSE,04-09-2024
DOC101423,1811239933,BF5598792,Robert,Norton,Dr. Robert Norton,Oncology,"Perez, Cook and Dodson",85981 Angela Fords Suite 486,North Morganstad,CA,64507,001-633-280-7926x609,robert.norton@kaiserhealth.org,TX38988,NY,15-10-2028,23,TRUE,FALSE,21-08-2023
DOC101424,2968891096,WD9680450,Stephen,Stout,Dr. Stephen Stout,Rheumatology,Garcia Hospital,6655 Debbie Islands,Dillonfort,TX,98638,001-822-532-4204x300,stephen.stout@kaiserhealth.org,NY18533,TX,07-06-2030,8,TRUE,FALSE,15-01-2022
DOC101425,2081641804,JP0819714,Audrey,Dillon,Dr. Audrey Dillon,Oncology,Phelps-Harrison,363 Vargas Track,Port Kevinberg,NC,6977,(886)312-2328,audrey.dillon@kaiserhealth.org,FL45805,OH,22-08-2028,25,TRUE,FALSE,06-07-2021
DOC101426,2060958062,YQ4566983,Jennifer,Anderson,Dr. Jennifer Anderson,Nephrology,Spears-Evans,9224 Andrew Fort,Port Jacqueline,CA,2477,4136278928,jennifer.anderson@kaiserhealth.org,PA84907,CA,24-04-2030,36,TRUE,FALSE,02-07-2023
DOC101427,2142904957,WQ6253847,Mason,Davidson,Dr. Mason Davidson,Infectious Disease,Bradley-Klein,3295 Wilson Oval,Whiteview,OH,97037,001-784-567-6408x977,mason.davidson@kaiserhealth.org,MI21216,MI,04-02-2029,27,TRUE,FALSE,30-01-2022
DOC101428,1647286174,XY6859026,Rebecca,Smith,Dr. Rebecca Smith,Oncology,Smith Group,063 Nicholas Crossroad,Fryville,MI,95045,967-926-1736x29245,rebecca.smith@kaiserhealth.org,GA60867,NY,05-03-2031,12,TRUE,FALSE,13-05-2025
DOC101429,2286603498,EJ6896701,James,Barber,Dr. James Barber,Infectious Disease,Vazquez and Sons,46292 Jacob Estates,East Alexa,PA,11342,885.422.3590,james.barber@kaiserhealth.org,OH30630,GA,23-07-2029,36,TRUE,FALSE,23-09-2021
DOC101430,2021572312,LE4235256,Kelsey,Hensley,Dr. Kelsey Hensley,Oncology,Calhoun-Meyers,144 George Junction,East Brittany,CA,20796,656-870-8939x350,kelsey.hensley@kaiserhealth.org,NC52077,NC,12-05-2031,24,TRUE,FALSE,28-10-2022
DOC101431,1721505205,HL3131845,Heather,Austin,Dr. Heather Austin,Infectious Disease,Gonzalez Group,53583 Jennifer Mission Suite 919,West Johnton,CA,76431,+1-445-587-5950x8257,heather.austin@kaiserhealth.org,PA90297,MI,08-04-2028,19,TRUE,FALSE,13-02-2023
DOC101432,1322109129,JJ3141408,Alexis,Olson,Dr. Alexis Olson,Hematology,"Fisher, Beasley and Grant",467 Owens Roads Suite 291,Amystad,NC,85215,(750)686-9227x0252,alexis.olson@kaiserhealth.org,FL44765,FL,17-04-2031,34,TRUE,FALSE,16-05-2022
DOC101433,2982402116,SE3137998,Laura,Reese,Dr. Laura Reese,Cardiology,Mcclain Hospital,624 Douglas Shoals Suite 768,Port Deborahshire,NC,35275,8596647033,laura.reese@kaiserhealth.org,NY95608,CA,21-03-2028,7,TRUE,FALSE,15-12-2023
DOC101434,2242657896,GX5587745,Megan,Nguyen,Dr. Megan Nguyen,Endocrinology,Good and Sons,5432 Walters Hill,West Miranda,CA,91660,+1-537-215-2431x09156,megan.nguyen@kaiserhealth.org,FL49388,NC,16-02-2030,38,FALSE,FALSE,07-08-2024
DOC101435,1372544225,GL1178828,John,Donaldson,Dr. John Donaldson,Oncology,Burgess and Sons,2649 Campbell Plaza,Brownmouth,CA,85766,+1-364-242-8630x7078,john.donaldson@kaiserhealth.org,CA42706,IL,10-08-2030,26,TRUE,FALSE,30-01-2022
DOC101436,1872047676,NN0828874,Jessica,Rodriguez,Dr. Jessica Rodriguez,Rheumatology,Key-Booker,6942 Daniel Pass,Parkershire,NC,86079,4045491007,jessica.rodriguez@kaiserhealth.org,GA20358,TX,03-06-2030,8,TRUE,FALSE,06-02-2022
DOC101437,2313685931,MY2621074,Jessica,Shaffer,Dr. Jessica Shaffer,Oncology,"Thompson, Johnson and Carroll",64041 Charles Mount,Lake Melanieborough,IL,10336,9557031588,jessica.shaffer@kaiserhealth.org,IL38818,CA,30-08-2027,12,TRUE,FALSE,14-10-2024
DOC101438,2144529964,MY7443319,Robert,Townsend,Dr. Robert Townsend,Oncology,Levy-Howard,1483 Pineda Isle,Smithstad,GA,16287,327-770-2153x861,robert.townsend@kaiserhealth.org,NY26053,PA,06-01-2028,19,TRUE,FALSE,30-06-2022
DOC101439,1497296970,CA0343449,Christian,Fletcher,Dr. Christian Fletcher,Nephrology,Hancock Group,3593 Rodriguez Lock,Lake Melodymouth,GA,1866,+1-447-425-5310x7371,christian.fletcher@kaiserhealth.org,PA81137,PA,11-07-2027,40,TRUE,FALSE,24-03-2025
DOC101440,1888178602,DM9927943,Dustin,Gross,Dr. Dustin Gross,Oncology,"Wong, Torres and Cervantes",0886 Jodi Meadow,West Katie,OH,30678,360.310.9993,dustin.gross@kaiserhealth.org,FL77498,TX,13-10-2030,36,FALSE,FALSE,13-10-2023
DOC101441,1331222395,JT0704731,Kendra,Johnson,Dr. Kendra Johnson,Oncology,"Carr, Wagner and Martin",192 Zachary Mission Suite 159,Cindystad,CA,35194,+1-834-850-2664x2738,kendra.johnson@kaiserhealth.org,FL61949,NC,25-01-2031,34,TRUE,FALSE,19-03-2025
DOC101442,2740703666,MN0076228,Patricia,Dunn,Dr. Patricia Dunn,Endocrinology,Johnson Medical Center,272 Lopez Street,Vasquezfort,NY,81441,536.777.8107x08240,patricia.dunn@kaiserhealth.org,TX94543,NC,07-11-2027,13,TRUE,FALSE,11-05-2023
DOC101443,1868278472,PJ3933045,James,Gill,Dr. James Gill,Oncology,Gibson-White,366 Maria Loaf,North Christopher,OH,20296,001-851-326-6086,james.gill@kaiserhealth.org,MI31771,CA,13-11-2027,30,TRUE,FALSE,30-08-2021
DOC101444,2048531234,WJ3584981,Angela,Smith,Dr. Angela Smith,Cardiology,Weber Ltd,767 Katherine Brooks,Perezborough,NC,29145,001-295-706-6676,angela.smith@kaiserhealth.org,IL66753,PA,01-01-2029,11,TRUE,FALSE,30-08-2021
DOC101445,2210637817,YA4836481,Alicia,Johnson,Dr. Alicia Johnson,Cardiology,Morgan Medical Center,306 Michael Square,West Tonyastad,CA,57003,241-799-4124x3616,alicia.johnson@kaiserhealth.org,PA85941,PA,20-07-2027,28,TRUE,FALSE,10-01-2023
DOC101446,2942193793,DG6365972,Caitlyn,Walton,Dr. Caitlyn Walton,Hematology,"Bishop, Williams and Ross",814 Robert Pike,Chelseabury,OH,18055,977-749-1176,caitlyn.walton@kaiserhealth.org,GA66055,NC,27-01-2029,36,TRUE,FALSE,10-09-2021
DOC101447,2935861341,RJ9195380,Tanya,Shea,Dr. Tanya Shea,Gastroenterology,Ramirez Group,315 Gomez Shores Apt. 295,Lake Amandaside,NC,52099,8399036748,tanya.shea@kaiserhealth.org,IL33482,OH,10-02-2031,36,TRUE,FALSE,22-07-2024
DOC101448,1399076150,BD1139154,Nicole,Kennedy,Dr. Nicole Kennedy,Oncology,Castaneda-Ingram,53474 Carmen Dale Suite 081,North Stephen,CA,6368,001-503-678-1010x32082,nicole.kennedy@kaiserhealth.org,IL47101,TX,09-05-2031,17,TRUE,FALSE,26-04-2022
DOC101449,2792149901,AS6164790,Lisa,Sullivan,Dr. Lisa Sullivan,Pulmonology,"Jennings, Johnson and Marshall",885 Olivia Locks Apt. 907,Greenview,MI,79042,4434946162,lisa.sullivan@kaiserhealth.org,MI21739,PA,24-06-2029,35,TRUE,FALSE,09-04-2025
DOC101450,1679967367,FB9610237,David,Garcia,Dr. David Garcia,Endocrinology,Adams-Wong,60284 Kelly Isle,North Jasmine,OH,77538,568-386-4993x39745,david.garcia@kaiserhealth.org,IL39323,TX,04-10-2029,8,TRUE,FALSE,09-11-2021
DOC101451,2997245971,XW5579327,Gregory,Weaver,Dr. Gregory Weaver,Hematology,"Alexander, Miller and Fowler",3373 Wise Rue Apt. 908,Samuelbury,CA,97253,294.276.3183x429,gregory.weaver@kaiserhealth.org,NY25156,PA,03-03-2028,24,TRUE,FALSE,04-12-2023
DOC101452,1773260968,LP8888610,Sarah,Martin,Dr. Sarah Martin,Gastroenterology,Medina-Hogan,46151 Daniel Via,Vasqueztown,PA,69057,+1-460-610-6658x978,sarah.martin@kaiserhealth.org,MI72165,FL,18-01-2028,27,TRUE,FALSE,21-08-2024
DOC101453,2943364470,FN3276765,Melanie,Ward,Dr. Melanie Ward,Nephrology,Campos and Sons,0445 Hannah Ports Suite 383,Nicholasfurt,OH,79494,001-508-414-4986x02965,melanie.ward@kaiserhealth.org,IL53880,NC,02-06-2030,33,TRUE,FALSE,23-03-2026
DOC101454,2694947155,WH4745024,Jenna,Walker,Dr. Jenna Walker,Oncology,Cooper and Sons,0791 Laura Squares,Blacktown,CA,10423,(608)733-4512x982,jenna.walker@kaiserhealth.org,FL68023,GA,28-08-2028,15,TRUE,FALSE,27-03-2022
DOC101455,1848965394,LA3754807,William,Gonzalez,Dr. William Gonzalez,Oncology,Castro-Rodriguez,425 Stephen Inlet Apt. 820,New Michael,CA,88754,2072867755,william.gonzalez@kaiserhealth.org,PA40090,NC,20-10-2030,18,TRUE,FALSE,22-03-2024
DOC101456,2693291369,NK8040737,James,Brady,Dr. James Brady,Neurology,Pope-Jefferson,036 Clark Loaf Apt. 424,Campbellstad,CA,12710,(632)795-6614x82436,james.brady@kaiserhealth.org,IL21450,PA,25-10-2027,5,TRUE,FALSE,08-04-2025
DOC101457,2324051026,MS3879633,Allison,Dominguez,Dr. Allison Dominguez,Pulmonology,"Ward, Simpson and Harris",46017 Cannon Ranch Suite 400,Port Jessicaberg,OH,43414,(883)759-6278x38777,allison.dominguez@kaiserhealth.org,GA46848,OH,08-08-2028,22,TRUE,FALSE,30-06-2021
DOC101458,2603327399,RJ1592094,Dennis,Evans,Dr. Dennis Evans,Oncology,Gill-Campbell,74028 Robert Knolls,Maynardburgh,CA,75221,767.656.2754,dennis.evans@kaiserhealth.org,NY12771,TX,22-07-2027,36,TRUE,FALSE,28-06-2023
DOC101459,2819516484,UQ7973833,Kimberly,Silva,Dr. Kimberly Silva,Oncology,"Avila, Waller and Wright",9553 Douglas Road Apt. 209,Samuelmouth,OH,34191,476-958-3901x876,kimberly.silva@kaiserhealth.org,NY44548,IL,05-10-2027,18,TRUE,FALSE,24-10-2023
DOC101460,2547893505,XW2602706,Mia,Dixon,Dr. Mia Dixon,Oncology,Conway-Thomas,58344 Angel View Suite 385,Josephburgh,GA,37240,8292480468,mia.dixon@kaiserhealth.org,PA66716,GA,15-10-2029,8,TRUE,FALSE,02-05-2025
DOC101461,1292361391,EG7745998,Richard,Beasley,Dr. Richard Beasley,Pulmonology,Hurley-Thompson,7711 Griffin Motorway,South Kimberly,NY,70888,856-916-2173,richard.beasley@kaiserhealth.org,FL42566,GA,02-02-2031,31,FALSE,FALSE,23-03-2022
DOC101462,2058079106,WM1064070,Jimmy,Rose,Dr. Jimmy Rose,Hematology,Gonzalez-Carter,91666 Roger Inlet,Williamsonside,CA,69015,001-496-476-2182x2479,jimmy.rose@kaiserhealth.org,FL80496,IL,04-08-2028,33,TRUE,FALSE,11-09-2025
DOC101463,2830348573,PL4044927,Richard,Hester,Dr. Richard Hester,Oncology,"Henderson, Williams and Mcdaniel",7148 Stevens Divide,Stephenstad,NC,91183,(535)629-8009,richard.hester@kaiserhealth.org,CA90522,CA,21-09-2030,17,TRUE,FALSE,03-02-2022
DOC101464,2883643167,SL9844408,Jeffrey,Alexander,Dr. Jeffrey Alexander,Gastroenterology,Peterson-Anderson,1155 Meredith Circles Apt. 951,Davistown,MI,59607,3678769313,jeffrey.alexander@kaiserhealth.org,PA87021,FL,01-05-2031,6,TRUE,FALSE,11-01-2024
DOC101465,1075605269,VB1523029,Larry,Spencer,Dr. Larry Spencer,Oncology,Ross Hospital,5035 John Street,Port Jessica,CA,4834,625-746-7591,larry.spencer@kaiserhealth.org,OH59951,FL,08-02-2031,19,TRUE,FALSE,08-05-2026
DOC101466,1356540307,VW9154027,Kathryn,Sherman,Dr. Kathryn Sherman,Neurology,Williams-Davis,56825 Jacob Cliff Suite 354,Paulborough,TX,52412,398.283.6863x6444,kathryn.sherman@kaiserhealth.org,CA25397,TX,23-04-2030,27,TRUE,FALSE,05-12-2024
DOC101467,2004231820,YN8204810,Sarah,Lee,Dr. Sarah Lee,Oncology,Bowers Group,206 Joshua Ways,Dylanberg,FL,99636,219-824-7435,sarah.lee@kaiserhealth.org,CA55428,IL,21-01-2030,38,TRUE,FALSE,09-08-2025
DOC101468,2385779739,SE4553815,Amber,Jackson,Dr. Amber Jackson,Cardiology,"Riley, Clark and Castillo",20382 Briana View,North Migueltown,NC,87856,001-559-254-7616x80680,amber.jackson@kaiserhealth.org,TX73703,TX,25-10-2028,17,TRUE,FALSE,03-10-2021
DOC101469,1642951852,MM7688155,Adam,Compton,Dr. Adam Compton,Nephrology,"Bird, Nelson and Fisher",31433 Smith Knolls,Greenburgh,CA,13917,001-311-854-9599x2917,adam.compton@kaiserhealth.org,FL17030,NC,29-01-2031,12,TRUE,FALSE,23-11-2021
DOC101470,2448761504,ST4915089,Carrie,Jones,Dr. Carrie Jones,Endocrinology,Carter-Henry,9205 Weaver Ford Suite 090,South Makaylatown,IL,14580,001-615-936-0964x39453,carrie.jones@kaiserhealth.org,IL63375,IL,18-05-2028,7,TRUE,FALSE,26-07-2022
DOC101471,2076955593,ML8810822,Brian,Horn,Dr. Brian Horn,Hematology,Johnson-Wilson,3053 Laura Key,Mcgeeport,GA,89257,-6537,brian.horn@kaiserhealth.org,PA49324,GA,02-09-2028,33,TRUE,FALSE,09-03-2026
DOC101472,2459254123,SQ2493797,Nicole,Rivera,Dr. Nicole Rivera,Nephrology,Jarvis-Davis,324 Megan Track Suite 411,West James,CA,13365,+1-403-389-1667x7095,nicole.rivera@kaiserhealth.org,CA74678,CA,27-08-2029,23,TRUE,FALSE,27-04-2024
DOC101473,2948496741,PP2395671,Erica,Jefferson,Dr. Erica Jefferson,Endocrinology,Schmidt-Moran,394 Brittany Bypass Apt. 585,Palmerborough,PA,80289,001-280-737-0377x312,erica.jefferson@kaiserhealth.org,PA86824,FL,04-11-2029,26,FALSE,FALSE,20-03-2026
DOC101474,1767490641,EE7276531,Robert,Day,Dr. Robert Day,Pulmonology,Stone-Harris,4878 Linda Glens,Lake Brittanyville,PA,36388,9502181361,robert.day@kaiserhealth.org,NY92262,FL,04-07-2027,22,TRUE,FALSE,23-10-2021
DOC101475,1054558345,MV5562168,Tanya,Robertson,Dr. Tanya Robertson,Neurology,Torres-Sandoval,348 Alan Stream,Erikaburgh,FL,42224,939-262-5561x44129,tanya.robertson@kaiserhealth.org,PA96248,GA,06-10-2027,31,TRUE,FALSE,28-12-2021
DOC101476,1895049108,PY0431715,Cheryl,Stanley,Dr. Cheryl Stanley,Rheumatology,Cook PLC,76111 Robertson Fort Apt. 409,Bradyberg,GA,89205,(412)516-6948x10011,cheryl.stanley@kaiserhealth.org,NC52081,TX,05-06-2028,10,TRUE,FALSE,09-09-2021
DOC101477,2933686093,CX6089888,David,Gibson,Dr. David Gibson,Oncology,Rogers-Wood,732 Amy Rue Apt. 684,West Johnport,CA,52022,(528)207-4905,david.gibson@kaiserhealth.org,NY14379,PA,14-12-2028,28,TRUE,FALSE,13-08-2024
DOC101478,1911153202,NK0093339,Adrian,Hines,Dr. Adrian Hines,Infectious Disease,"Cordova, Martin and Davidson",362 Cisneros Overpass Apt. 108,Lopezport,FL,16532,7597157981,adrian.hines@kaiserhealth.org,GA86996,CA,04-12-2028,16,FALSE,FALSE,08-04-2022
DOC101479,1887821889,GS4478167,Andrea,Watkins,Dr. Andrea Watkins,Oncology,"Villegas, Richardson and Dean",52217 David Inlet Apt. 487,New Amanda,OH,87421,(302)591-7265,andrea.watkins@kaiserhealth.org,FL45778,TX,21-07-2030,5,TRUE,FALSE,24-09-2023
DOC101480,2812426647,JE6440478,Dustin,Edwards,Dr. Dustin Edwards,Neurology,Randall-Black,14562 Perez Forge,East Juanland,TX,29285,6014131464,dustin.edwards@kaiserhealth.org,GA88547,OH,07-11-2027,31,TRUE,FALSE,23-11-2023
DOC101481,2818774499,FK6871446,John,May,Dr. John May,Nephrology,"Gregory, Rhodes and Oconnell",9227 Johnson Shore Apt. 604,Rossfort,CA,80792,001-387-325-6964,john.may@kaiserhealth.org,MI90819,PA,24-05-2028,20,TRUE,FALSE,14-06-2024
DOC101482,2566423940,EW6908964,Alexis,West,Dr. Alexis West,Nephrology,Hartman-Montgomery,2763 Annette Parkways Apt. 071,New Michellefort,OH,41680,2526201127,alexis.west@kaiserhealth.org,OH64827,NC,07-02-2028,9,FALSE,FALSE,03-08-2022
DOC101483,1822923246,TR2203733,Stephanie,Wood,Dr. Stephanie Wood,Oncology,"Hardy, Young and Robbins",81433 Richard Club,Mercerfort,CA,40792,+1-346-397-0711x98951,stephanie.wood@kaiserhealth.org,IL16977,OH,25-01-2029,9,TRUE,FALSE,12-09-2025
DOC101484,2748578304,LL9657657,Amy,Chavez,Dr. Amy Chavez,Oncology,Aguilar and Sons,55860 Richard Curve Apt. 624,Lauraside,OH,95044,269-737-1478x7508,amy.chavez@kaiserhealth.org,NC98735,CA,30-03-2030,8,TRUE,FALSE,27-05-2025
DOC101485,2126764494,GP3270561,Courtney,Jones,Dr. Courtney Jones,Pulmonology,Rice-Chen,02748 Jackson Inlet Apt. 793,Priceton,OH,38065,986-971-1881x6182,courtney.jones@kaiserhealth.org,PA35281,IL,28-03-2030,21,TRUE,FALSE,15-05-2023
DOC101486,1421867471,ME0351919,Kenneth,Griffin,Dr. Kenneth Griffin,Gastroenterology,Chapman-Kim,2733 Danielle Village Apt. 567,Melissaville,PA,28500,645-757-9707x90770,kenneth.griffin@kaiserhealth.org,CA54607,OH,06-12-2028,28,TRUE,FALSE,14-04-2023
DOC101487,1358508143,FF9876632,Anthony,Smith,Dr. Anthony Smith,Hematology,Gonzalez-Parsons,27259 Daniel Falls Suite 672,Brianstad,MI,45318,+1-625-417-7485x6526,anthony.smith@kaiserhealth.org,CA46588,TX,22-09-2030,18,TRUE,FALSE,15-10-2023
DOC101488,1060891700,ME2918457,Jason,Parker,Dr. Jason Parker,Pulmonology,"Garner, Casey and Johnson",41064 Williams Estates,Petersonton,MI,90490,548-976-0967,jason.parker@kaiserhealth.org,OH57428,MI,21-03-2028,6,TRUE,FALSE,03-09-2024
DOC101489,1702599611,KG5830407,Arthur,Berry,Dr. Arthur Berry,Hematology,Mccann Ltd,9320 Oconnor Manors Suite 069,Lozanoville,PA,88715,001-358-384-4523x6494,arthur.berry@kaiserhealth.org,NY38944,CA,07-05-2031,32,TRUE,FALSE,22-09-2021
DOC101490,1216897453,QD4732043,Lauren,Norton,Dr. Lauren Norton,Cardiology,"Jackson, Medina and Brooks",040 Thomas Ferry Apt. 517,Davidfurt,MI,62468,001-529-360-5865,lauren.norton@kaiserhealth.org,TX68126,IL,24-08-2028,20,TRUE,FALSE,19-04-2023
DOC101491,1666560233,NC6558062,Joseph,Thompson,Dr. Joseph Thompson,Oncology,Simpson Medical Center,10772 Douglas Mountain Suite 995,Lake Ricardo,GA,38912,(986)501-7678,joseph.thompson@kaiserhealth.org,PA53484,PA,07-05-2031,14,TRUE,FALSE,08-10-2025
DOC101492,1036702751,AA5687069,Kathryn,Black,Dr. Kathryn Black,Oncology,Garcia and Sons,529 Sierra Pines,West Sandra,PA,22049,(237)875-0448,kathryn.black@kaiserhealth.org,GA19963,NY,10-04-2030,16,TRUE,FALSE,22-07-2023
DOC101493,1679323539,HY3054849,Crystal,Baker,Dr. Crystal Baker,Oncology,"Maldonado, Ross and Wright",1261 Ramsey Lakes,Crystalberg,CA,61722,001-633-899-7021,crystal.baker@kaiserhealth.org,OH53364,GA,29-10-2027,8,TRUE,FALSE,09-10-2024
DOC101494,2321830242,NX4685519,Cheyenne,Garner,Dr. Cheyenne Garner,Oncology,Collins Ltd,02965 Carter Radial Apt. 437,Camachoburgh,TX,81496,+1-867-605-0356x23724,cheyenne.garner@kaiserhealth.org,CA49922,NY,11-10-2030,9,TRUE,FALSE,06-04-2024
DOC101495,2880510933,KN5336330,Tina,Stokes,Dr. Tina Stokes,Oncology,Phillips Hospital,99065 Dennis Fall,Lake Richard,GA,79826,411-978-5125,tina.stokes@kaiserhealth.org,PA49669,FL,03-04-2028,34,TRUE,FALSE,11-06-2026
DOC101496,1098416437,QB2170470,Chris,Carlson,Dr. Chris Carlson,Cardiology,Farmer and Sons,3841 Rivera Wall,Levyfurt,TX,11856,265.972.2458x8366,chris.carlson@kaiserhealth.org,PA91579,TX,26-12-2029,40,TRUE,FALSE,03-04-2026
DOC101497,1397178568,DQ6975059,Javier,Osborn,Dr. Javier Osborn,Oncology,Williams-Harris,8361 Whitaker Ports,Port Paul,GA,68979,(268)208-0795x6530,javier.osborn@kaiserhealth.org,FL83767,FL,15-04-2028,6,TRUE,FALSE,17-09-2022
DOC101498,1055916983,HY1793647,Todd,Diaz,Dr. Todd Diaz,Oncology,"Harris, Ortiz and Olsen",0928 Jimmy Forges Suite 142,East Lindaport,NC,59427,(679)739-2268,todd.diaz@kaiserhealth.org,MI43777,IL,07-08-2028,7,TRUE,FALSE,02-11-2022
DOC101499,2525935707,NM0946207,Victor,Butler,Dr. Victor Butler,Gastroenterology,Bishop Ltd,9832 Johnson Mountains,Port Sabrina,PA,11704,+1-259-681-6180x980,victor.butler@kaiserhealth.org,OH29294,TX,31-07-2027,33,TRUE,FALSE,06-04-2023
DOC101500,1602611868,AD0936091,Jerry,Cummings,Dr. Jerry Cummings,Oncology,Thomas-Adams,2275 Taylor Overpass Apt. 272,East Curtis,IL,41837,(932)650-1699x329,jerry.cummings@kaiserhealth.org,MI10457,NC,12-01-2029,9,TRUE,FALSE,26-04-2022
DOC101501,1032762805,XX8777701,Christopher,Ortega,Dr. Christopher Ortega,Oncology,Briggs-Hinton,0862 Whitaker Tunnel,Natashabury,MI,26622,001-866-805-7529,christopher.ortega@kaiserhealth.org,GA27580,OH,29-08-2030,37,TRUE,FALSE,02-02-2024
DOC101502,1195696460,RQ3595691,Rebecca,Mendoza,Dr. Rebecca Mendoza,Nephrology,"Davis, Miller and Gaines",072 Jillian Crest,New Josefurt,CA,43704,(706)736-9851x676,rebecca.mendoza@kaiserhealth.org,TX14839,PA,18-02-2030,12,FALSE,FALSE,07-06-2026
DOC101503,2639748925,BB7516748,Charles,Rubio,Dr. Charles Rubio,Oncology,Bolton-Gutierrez,0223 Hill Inlet Suite 143,Estradaview,GA,26335,+1-642-649-1626x31777,charles.rubio@kaiserhealth.org,FL57593,NC,15-02-2028,12,TRUE,FALSE,13-01-2023
DOC101504,1774874779,HM9958438,Dustin,Hodge,Dr. Dustin Hodge,Oncology,"Turner, Rasmussen and Rodriguez",81903 Wallace Cove Suite 510,New Sarah,PA,71338,385.208.3327,dustin.hodge@kaiserhealth.org,OH89221,MI,06-10-2028,35,TRUE,FALSE,01-03-2024
DOC101505,1520193064,PW9126719,Jared,Blanchard,Dr. Jared Blanchard,Cardiology,Sanford Hospital,343 Heather Club Apt. 633,Joseland,MI,92457,(443)438-2541x768,jared.blanchard@kaiserhealth.org,OH86712,MI,20-08-2027,17,TRUE,FALSE,17-11-2024
DOC101506,1031387830,LW6828753,Sandra,Anderson,Dr. Sandra Anderson,Neurology,"Vargas, Swanson and Peterson",84571 Berry Spur,Port Annehaven,PA,11678,(525)549-9314x53651,sandra.anderson@kaiserhealth.org,PA33322,OH,31-05-2031,15,TRUE,FALSE,23-11-2025
DOC101507,2874781128,FN9934517,Tammy,Rodriguez,Dr. Tammy Rodriguez,Neurology,Perry Ltd,1616 Lucas Garden Apt. 707,South Terrence,MI,17154,647.206.9531x2178,tammy.rodriguez@kaiserhealth.org,TX26716,TX,26-04-2030,19,TRUE,FALSE,17-10-2024
DOC101508,2865039475,WW0557779,Christy,Hayes,Dr. Christy Hayes,Cardiology,"Simmons, Odom and Dickerson",86293 Christina Coves Suite 787,Juliaside,GA,50980,001-947-740-1925x531,christy.hayes@kaiserhealth.org,IL36717,NY,18-11-2028,13,TRUE,FALSE,03-07-2021
DOC101509,1453538115,RM0927209,Jorge,Massey,Dr. Jorge Massey,Pulmonology,Rodriguez-Mccarthy,39726 Rogers Key Suite 690,Christopherberg,NC,47134,+1-409-556-3603x85528,jorge.massey@kaiserhealth.org,CA34654,OH,28-12-2027,28,TRUE,FALSE,13-04-2023
DOC101510,2629433916,TN7088550,Edgar,Harvey,Dr. Edgar Harvey,Oncology,Tucker-Robinson,58599 Monica Mountain Suite 638,Williamfurt,MI,92724,+1-992-325-4376x36628,edgar.harvey@kaiserhealth.org,IL39862,MI,28-10-2027,22,TRUE,FALSE,02-06-2025
DOC101511,1010427974,VG5492101,Lisa,Hanna,Dr. Lisa Hanna,Gastroenterology,Watson-Lewis,553 Schaefer Valley Apt. 698,Wayneberg,NY,80050,686-330-9972x855,lisa.hanna@kaiserhealth.org,NC81525,MI,24-05-2029,31,TRUE,FALSE,07-06-2026
DOC101512,1329357538,KS1115703,James,Wall,Dr. James Wall,Pulmonology,"Evans, Robinson and Collins",2154 Bowen Well,New Richardfurt,GA,19772,228-557-4040x5277,james.wall@kaiserhealth.org,PA61854,CA,22-01-2029,10,TRUE,FALSE,20-08-2023
DOC101513,2426245546,FA2135469,Samantha,Jordan,Dr. Samantha Jordan,Endocrinology,Williams Group,975 Elizabeth Alley Apt. 651,Andrewburgh,CA,30446,461-450-4117x082,samantha.jordan@kaiserhealth.org,FL84660,IL,20-09-2027,5,TRUE,FALSE,29-06-2026
DOC101514,1734346609,LJ7006039,Douglas,Stewart,Dr. Douglas Stewart,Gastroenterology,"Clark, Johnson and White",11474 Thompson Ports Apt. 555,East Timothy,CA,25114,001-690-649-7574x568,douglas.stewart@kaiserhealth.org,CA67867,MI,28-01-2028,27,TRUE,FALSE,29-09-2024
DOC101515,1521412022,KW1756168,Jesse,Clark,Dr. Jesse Clark,Oncology,Frank Ltd,651 Jamie Highway Apt. 082,Christopherton,CA,15903,(906)544-9035x93417,jesse.clark@kaiserhealth.org,PA67163,IL,12-05-2028,10,TRUE,FALSE,01-12-2023
DOC101516,2413336650,ES5915658,Jennifer,Curtis,Dr. Jennifer Curtis,Cardiology,"Mccoy, Krueger and Warner",82182 Lauren Skyway Apt. 639,East Carl,GA,49811,881.910.8023x883,jennifer.curtis@kaiserhealth.org,MI22963,PA,14-05-2031,35,TRUE,FALSE,19-07-2021
DOC101517,1524922191,WX1429994,Kaylee,Taylor,Dr. Kaylee Taylor,Gastroenterology,"Mcguire, Cole and Andrade",6441 Catherine Springs,West Kelly,NY,59661,001-528-663-9962x402,kaylee.taylor@kaiserhealth.org,IL24438,IL,22-02-2030,5,TRUE,FALSE,20-09-2022
DOC101518,1856993914,FP5201201,Brian,Jones,Dr. Brian Jones,Hematology,"Cooper, Jones and Flores",039 Wang Dam,Gilbertmouth,IL,31375,001-410-967-3338,brian.jones@kaiserhealth.org,CA29942,CA,16-02-2029,37,TRUE,FALSE,20-03-2024
DOC101519,2698886659,KT1827291,Lori,Gould,Dr. Lori Gould,Oncology,Fernandez-Williams,496 Boyd Ports,East Sydney,OH,47974,-2289,lori.gould@kaiserhealth.org,GA97559,PA,15-10-2030,11,FALSE,FALSE,12-02-2024
DOC101520,2491532180,DD3085231,Andrea,Collins,Dr. Andrea Collins,Oncology,"Thomas, Griffin and Brown",870 Erika Extension,Lake Denisemouth,CA,43519,+1-590-425-4983x910,andrea.collins@kaiserhealth.org,NC32390,FL,10-07-2027,23,TRUE,FALSE,30-10-2023
DOC101521,2022462671,WH2025342,Daniel,Williams,Dr. Daniel Williams,Oncology,"Tucker, Romero and Jones",729 Roth Mission,Victoriaville,NC,20916,(337)900-7963x30225,daniel.williams@kaiserhealth.org,OH67804,CA,21-02-2029,33,TRUE,FALSE,23-02-2025
DOC101522,1429398766,RK0877210,Samuel,Patel,Dr. Samuel Patel,Hematology,"Thompson, Escobar and Burns",13345 Hoffman Route Suite 656,North Betty,PA,22927,+1-559-909-9441x475,samuel.patel@kaiserhealth.org,TX48287,CA,25-04-2029,6,TRUE,FALSE,28-02-2023
DOC101523,1051097247,EM4265416,Karina,Hodges,Dr. Karina Hodges,Oncology,"Werner, Thompson and Ali",586 Carney Mews Suite 955,Tuckertown,CA,42648,886-650-6799,karina.hodges@kaiserhealth.org,FL87794,TX,04-03-2031,36,FALSE,FALSE,12-05-2024
DOC101524,2398523818,FS9363278,Carl,Brooks,Dr. Carl Brooks,Oncology,"Smith, Jensen and Russo",8704 Roger Lane Suite 950,Port Kimberlyfurt,NC,53877,3638828504,carl.brooks@kaiserhealth.org,CA72666,CA,06-02-2028,22,TRUE,FALSE,12-06-2025
DOC101525,1573189959,HC1699213,Mark,Trevino,Dr. Mark Trevino,Rheumatology,"Fowler, Johnson and Mendez",2123 Greg Viaduct,Josephfurt,FL,18119,363.451.4874x9715,mark.trevino@kaiserhealth.org,IL71286,CA,11-05-2030,27,TRUE,FALSE,16-04-2024
DOC101526,2077508849,KX9996357,Joshua,Molina,Dr. Joshua Molina,Oncology,"George, Cross and Payne",358 Duncan Road,South Brittanybury,NC,46137,001-395-922-8751x20901,joshua.molina@kaiserhealth.org,OH64342,TX,02-05-2030,9,TRUE,FALSE,24-01-2024
DOC101527,1595194845,JF2595513,Karen,Ellis,Dr. Karen Ellis,Neurology,Martinez Hospital,36098 Sarah Center Suite 045,Reidville,CA,81562,+1-774-600-5975x8344,karen.ellis@kaiserhealth.org,PA90259,NY,18-03-2028,27,TRUE,FALSE,02-04-2022
DOC101528,2351109674,LD3636590,Allen,Evans,Dr. Allen Evans,Rheumatology,Lowe Hospital,286 Nelson Camp,Payneburgh,CA,43024,905-241-5190x93757,allen.evans@kaiserhealth.org,IL18504,GA,19-01-2031,20,TRUE,FALSE,05-04-2025
DOC101529,1234267870,YG2381281,Maria,Riley,Dr. Maria Riley,Hematology,Sandoval-Johnson,69413 Velasquez Extension Suite 836,Tiffanystad,NY,77567,(382)777-0699x226,maria.riley@kaiserhealth.org,NC91538,MI,23-02-2029,19,TRUE,FALSE,15-04-2026
DOC101530,2752112759,PH7311493,Emily,Vance,Dr. Emily Vance,Neurology,"Johnson, Tanner and Rosales",6100 Jennifer Knoll,Lake Derrickview,NY,48399,001-669-515-7349,emily.vance@kaiserhealth.org,CA80128,NC,20-11-2029,30,TRUE,FALSE,09-06-2024
DOC101531,1065940038,DS0364851,Sara,Guerrero,Dr. Sara Guerrero,Oncology,Harris Hospital,138 Zamora Pines Suite 018,Lake Kristaland,CA,16227,001-633-379-5233x1432,sara.guerrero@kaiserhealth.org,TX18876,NC,04-03-2030,14,TRUE,FALSE,03-04-2025
DOC101532,2081702846,CP8787321,Alexander,Marshall,Dr. Alexander Marshall,Pulmonology,Thomas PLC,633 Malone Ridges Apt. 813,East Jill,MI,67018,(320)944-8435,alexander.marshall@kaiserhealth.org,MI85227,GA,07-09-2029,5,TRUE,FALSE,10-04-2026
DOC101533,1043474334,KE1065100,Corey,Gilmore,Dr. Corey Gilmore,Oncology,"Gomez, Rodriguez and Blake",59900 William Expressway Apt. 417,Lake Davidbury,OH,82659,237-774-3403,corey.gilmore@kaiserhealth.org,CA18603,CA,21-08-2030,23,TRUE,FALSE,08-07-2025
DOC101534,1355579420,RE2395672,Audrey,Rivera,Dr. Audrey Rivera,Oncology,"Davis, Walker and Sanchez",136 Kathleen Causeway Apt. 529,Jensenside,GA,48737,462-311-6700x6208,audrey.rivera@kaiserhealth.org,OH20060,NC,31-12-2030,40,FALSE,FALSE,16-08-2022
DOC101535,2877677513,SR7123981,Joseph,Bryant,Dr. Joseph Bryant,Oncology,"Bennett, Mitchell and Fields",362 Darren Square Apt. 501,East Josephfurt,CA,71511,001-695-709-2918x489,joseph.bryant@kaiserhealth.org,FL90573,GA,25-08-2028,15,TRUE,FALSE,18-06-2026
DOC101536,2304519455,SP8173418,Joshua,Wheeler,Dr. Joshua Wheeler,Gastroenterology,Bell Group,047 Buchanan Inlet,Lake Daniel,CA,47781,(839)749-0465x14444,joshua.wheeler@kaiserhealth.org,GA85856,OH,23-07-2029,24,TRUE,FALSE,16-02-2024
DOC101537,1315758593,UD8536205,Zachary,Yates,Dr. Zachary Yates,Pulmonology,"Flores, Stewart and Warner",6508 Patty Glen Apt. 178,Ericbury,IL,78613,536-599-7548,zachary.yates@kaiserhealth.org,MI35062,FL,27-07-2029,16,TRUE,FALSE,14-08-2025
DOC101538,2406385670,EB7153784,Timothy,Kidd,Dr. Timothy Kidd,Endocrinology,"Waters, Alexander and Martinez",2241 Wendy Track Apt. 383,Katherineburgh,CA,38246,522.937.2074x1975,timothy.kidd@kaiserhealth.org,PA57060,PA,15-09-2027,26,TRUE,FALSE,08-12-2021
DOC101539,2440789677,YS8892210,Melissa,Young,Dr. Melissa Young,Oncology,Larson PLC,3352 Victoria Pines Suite 837,Michaelside,GA,23992,(332)318-9451x08858,melissa.young@kaiserhealth.org,TX99015,CA,17-05-2031,22,TRUE,FALSE,05-05-2022
DOC101540,2711246175,XR8041048,Lauren,Guzman,Dr. Lauren Guzman,Oncology,White-Wilson,2064 James Radial,Matthewport,OH,26121,649.271.9720,lauren.guzman@kaiserhealth.org,GA20724,NC,08-01-2031,31,TRUE,FALSE,20-04-2026
DOC101541,2262447049,TP7110187,Emily,Lewis,Dr. Emily Lewis,Hematology,Hernandez-Rowe,91731 Lee Dale,Deborahtown,CA,86701,472.744.7839x07121,emily.lewis@kaiserhealth.org,FL41744,TX,09-08-2029,25,TRUE,FALSE,31-01-2026
DOC101542,1443073246,XP8997490,Sherri,Reynolds,Dr. Sherri Reynolds,Neurology,"Rollins, Williams and Turner",827 Wendy Highway,Gregoryton,CA,58258,(799)315-2831x1977,sherri.reynolds@kaiserhealth.org,IL39829,NC,23-04-2029,11,TRUE,FALSE,11-12-2024
DOC101543,2998992469,FK7048113,Michael,Sloan,Dr. Michael Sloan,Oncology,Suarez Medical Center,4402 Kim Circle,Lake Michellebury,NY,13254,(725)975-1000x3668,michael.sloan@kaiserhealth.org,NC65837,IL,27-02-2031,20,TRUE,FALSE,25-02-2024
DOC101544,1456518127,MV1700343,John,Osborne,Dr. John Osborne,Hematology,Chaney-Young,1845 Michelle Forks Apt. 212,New Erikchester,IL,25888,825.411.2980x3102,john.osborne@kaiserhealth.org,FL30258,PA,26-06-2028,29,TRUE,FALSE,30-03-2025
DOC101545,2405362512,GD1541119,Angel,Johnson,Dr. Angel Johnson,Oncology,Nunez-Hawkins,522 Mark Vista,Rogersview,TX,65291,(731)569-1455x9036,angel.johnson@kaiserhealth.org,CA59699,CA,02-01-2029,36,TRUE,FALSE,23-11-2023
DOC101546,2930052214,JF6735384,Eric,Velazquez,Dr. Eric Velazquez,Endocrinology,Moore-Madden,7622 Buck Orchard Suite 174,Chapmanview,PA,47118,001-952-224-2059x64254,eric.velazquez@kaiserhealth.org,OH25718,NY,03-02-2029,31,TRUE,FALSE,22-10-2023
DOC101547,2999442618,JL5375826,Jerome,Miller,Dr. Jerome Miller,Gastroenterology,"Mcintosh, Williams and Lucas",973 Daniel Cape Apt. 565,New Carrie,TX,24766,215-642-4015,jerome.miller@kaiserhealth.org,MI58332,CA,27-05-2028,39,TRUE,FALSE,14-06-2025
DOC101548,2023235859,HM8035288,Cheryl,Mccormick,Dr. Cheryl Mccormick,Oncology,"Warren, Monroe and Johnson",8558 Ronald Islands,Cynthiamouth,CA,49398,001-597-899-7425x42904,cheryl.mccormick@kaiserhealth.org,CA74990,PA,01-10-2029,7,TRUE,FALSE,02-12-2022
DOC101549,1973544252,JY7777444,Laura,Nguyen,Dr. Laura Nguyen,Nephrology,"Scott, Petty and Mercado",78672 Hall Trace Apt. 580,Richmondhaven,OH,88930,001-494-951-1932x46719,laura.nguyen@kaiserhealth.org,IL86978,FL,04-12-2028,7,TRUE,FALSE,13-12-2022
DOC101550,2006069882,NK8627553,Javier,Yoder,Dr. Javier Yoder,Hematology,Wiley Ltd,959 Lee Cliffs,Bellton,GA,48504,320.693.6130,javier.yoder@kaiserhealth.org,MI39867,NC,27-10-2028,27,FALSE,FALSE,16-12-2024
DOC101551,2609121040,QF5453960,Joshua,Sanford,Dr. Joshua Sanford,Cardiology,"Rosario, Moore and Elliott",03675 Paul Tunnel Apt. 289,Billland,OH,60277,630-837-0971,joshua.sanford@kaiserhealth.org,CA85170,MI,15-01-2031,19,TRUE,FALSE,25-05-2025
DOC101552,2707926251,YR4316032,Brittany,Arnold,Dr. Brittany Arnold,Rheumatology,Marsh-Young,169 Seth Ridge,South Kyle,CA,6701,200-969-7740,brittany.arnold@kaiserhealth.org,FL99181,MI,24-09-2027,24,TRUE,FALSE,11-01-2022
DOC101553,2427895236,CR9496454,William,Anderson,Dr. William Anderson,Oncology,"Lowe, Patton and James",061 Alisha Junction,Port Shawn,PA,1349,200.710.2221x2683,william.anderson@kaiserhealth.org,MI56404,GA,26-11-2027,37,TRUE,FALSE,19-10-2021
DOC101554,1731742718,HE2402393,David,Levy,Dr. David Levy,Infectious Disease,Juarez PLC,693 Barber Creek,Port Patrickmouth,TX,57696,+1-587-410-1494x116,david.levy@kaiserhealth.org,GA60785,NY,14-11-2029,34,TRUE,FALSE,08-10-2022
DOC101555,2040465511,FT6381105,Julia,Cox,Dr. Julia Cox,Oncology,"James, Mejia and Barr",616 Thomas Circles Suite 025,Melissafurt,TX,41938,702-742-1825x48057,julia.cox@kaiserhealth.org,TX79716,MI,04-07-2027,15,TRUE,FALSE,12-12-2022
DOC101556,2595282767,RJ2393543,Kelly,Schmitt,Dr. Kelly Schmitt,Neurology,"Saunders, Barnes and Sanchez",31754 Jimenez Crossing Apt. 202,South Christopherborough,GA,81190,+1-420-431-8676x7448,kelly.schmitt@kaiserhealth.org,FL27457,GA,31-08-2029,38,FALSE,FALSE,27-08-2025
DOC101557,2921510026,AR7214348,Angela,Porter,Dr. Angela Porter,Oncology,Mendez Medical Center,630 Butler Way Suite 629,Johnsonburgh,MI,93438,+1-764-699-1047x164,angela.porter@kaiserhealth.org,OH54992,FL,11-01-2031,36,TRUE,FALSE,22-03-2024
DOC101558,2731052089,TG1873095,Dana,Allison,Dr. Dana Allison,Oncology,"Torres, Russell and Mcdonald",71534 Steven Summit,Lake Megan,GA,68805,932.627.6654x842,dana.allison@kaiserhealth.org,MI37471,FL,06-10-2030,34,TRUE,FALSE,16-12-2023
DOC101559,1129734148,LB2759082,Tina,Barker,Dr. Tina Barker,Infectious Disease,Burton-Holland,002 Melissa Fort,Perryshire,NC,39021,(738)882-3234x533,tina.barker@kaiserhealth.org,CA10033,MI,09-04-2029,8,TRUE,FALSE,15-11-2025
DOC101560,1087121894,MF3959602,Lisa,Odom,Dr. Lisa Odom,Oncology,"George, Navarro and Perry",5492 Teresa Forges Apt. 133,Fowlerland,FL,80650,357-770-1411,lisa.odom@kaiserhealth.org,NY52972,MI,06-09-2030,38,TRUE,FALSE,27-12-2025
DOC101561,2175790323,AT8806094,Daniel,James,Dr. Daniel James,Cardiology,Lewis Hospital,428 Daniel Plains,Hutchinsonfurt,GA,44787,7919639750,daniel.james@kaiserhealth.org,PA11544,TX,26-12-2030,22,TRUE,FALSE,29-08-2022
DOC101562,1007886758,YR5585095,David,Lang,Dr. David Lang,Oncology,Johnson PLC,09443 Austin Mount,Pereztown,NY,89280,(856)594-2763x8082,david.lang@kaiserhealth.org,IL53942,CA,21-06-2031,23,TRUE,FALSE,24-11-2022
DOC101563,2236694627,FS6518142,Monica,Pacheco,Dr. Monica Pacheco,Oncology,Doyle-Neal,43107 Perez Ranch,Riddleview,IL,14758,626-542-9306x461,monica.pacheco@kaiserhealth.org,FL95367,NC,25-08-2029,22,TRUE,FALSE,18-03-2023
DOC101564,2046217643,KV3941667,Martha,Luna,Dr. Martha Luna,Oncology,"Brown, Crawford and Erickson",895 Wiggins Knolls,Dianeview,CA,32761,-4065,martha.luna@kaiserhealth.org,GA82864,NC,30-11-2028,31,TRUE,FALSE,23-05-2025
DOC101565,2857491106,WP7264187,Rita,Peters,Dr. Rita Peters,Nephrology,"Daniels, Lopez and Salinas",4042 Andrew Creek Suite 996,North Kathleenfort,FL,58896,854.453.9057x98662,rita.peters@kaiserhealth.org,MI68984,NC,09-02-2031,25,TRUE,FALSE,28-04-2023
DOC101566,2012493164,MX9824378,Joel,Morgan,Dr. Joel Morgan,Oncology,House Ltd,25539 Valencia Falls,Richardborough,IL,60064,331.325.2458x7013,joel.morgan@kaiserhealth.org,GA10359,IL,06-10-2027,7,TRUE,FALSE,12-04-2025
DOC101567,1651875692,PY9203273,Michael,Henry,Dr. Michael Henry,Rheumatology,"Clark, Grant and Jenkins",215 Matthew Prairie Suite 438,Blackwellfort,CA,9665,613.459.3589x105,michael.henry@kaiserhealth.org,NY28478,PA,25-11-2028,29,TRUE,FALSE,06-03-2025
DOC101568,1123008578,UM9153242,Erik,Kerr,Dr. Erik Kerr,Rheumatology,Carr Hospital,316 Katrina Alley,New Robert,OH,70432,+1-278-942-7751x53672,erik.kerr@kaiserhealth.org,OH12584,CA,28-02-2031,39,TRUE,FALSE,02-07-2024
DOC101569,1578369030,GJ1365329,Barry,Reyes,Dr. Barry Reyes,Gastroenterology,"Watkins, Sutton and May",685 Carter Manor Suite 933,Port Rebeccaland,PA,42423,(585)840-2621x8060,barry.reyes@kaiserhealth.org,OH80268,IL,23-07-2028,33,TRUE,FALSE,09-12-2022
DOC101570,2070600746,DJ3370049,Jerry,Wood,Dr. Jerry Wood,Cardiology,Pierce and Sons,165 Davis Square,Port Scottbury,GA,81781,771.948.4544x30074,jerry.wood@kaiserhealth.org,IL47186,FL,20-08-2030,29,TRUE,FALSE,26-08-2025
DOC101571,1638762157,YR4054586,Taylor,Carter,Dr. Taylor Carter,Oncology,"Oneal, Roach and Underwood",83163 Katherine Lakes Apt. 363,West Stephenstad,CA,61230,001-886-860-7025x076,taylor.carter@kaiserhealth.org,NC29561,IL,08-09-2027,39,TRUE,FALSE,12-10-2024
DOC101572,2142785314,DV8872634,Barbara,Nunez,Dr. Barbara Nunez,Oncology,Robertson Hospital,1068 Watson Wall,East Paul,TX,33877,641.541.2404x3968,barbara.nunez@kaiserhealth.org,NY92967,TX,06-11-2028,13,TRUE,FALSE,15-06-2026
DOC101573,1998215900,QY1320448,Kristin,Hughes,Dr. Kristin Hughes,Pulmonology,Smith Medical Center,87163 Brittany Station,South Christopher,PA,12964,299.338.1987x92165,kristin.hughes@kaiserhealth.org,OH69425,GA,06-02-2031,9,TRUE,FALSE,16-12-2025
DOC101574,2176604568,UH9116457,Stephanie,Marshall,Dr. Stephanie Marshall,Oncology,Bryant-Garner,086 Sutton Island,East Robert,GA,40636,+1-715-328-9328x166,stephanie.marshall@kaiserhealth.org,GA62363,PA,27-07-2029,35,TRUE,FALSE,28-08-2025
DOC101575,2647608520,SX5296455,James,Harris,Dr. James Harris,Endocrinology,"Saunders, Murray and Roberts",35276 Krista Key,Christinafort,CA,55954,+1-351-918-2566x51639,james.harris@kaiserhealth.org,GA57678,CA,20-03-2028,23,TRUE,FALSE,25-06-2025
DOC101576,2829887275,KJ2206185,Cody,Rivera,Dr. Cody Rivera,Oncology,"Steele, Gutierrez and Nichols",1350 James Locks,Lake Thomasshire,CA,55003,+1-387-957-4465x4482,cody.rivera@kaiserhealth.org,MI32304,MI,03-06-2028,39,TRUE,FALSE,28-03-2026
DOC101577,1864006724,PP3903214,Donna,Rodriguez,Dr. Donna Rodriguez,Oncology,Shannon Hospital,4050 Kayla Junctions Apt. 346,Brianchester,CA,42865,001-369-596-3874x477,donna.rodriguez@kaiserhealth.org,FL21660,NC,21-10-2028,17,FALSE,FALSE,26-03-2022
DOC101578,1301118406,MJ8855875,Frederick,Garner,Dr. Frederick Garner,Rheumatology,"Solis, Houston and Weeks",1065 Wilcox Dale,Fisherfurt,TX,48563,(620)667-0393x36777,frederick.garner@kaiserhealth.org,IL56593,TX,05-02-2031,30,TRUE,FALSE,21-04-2022
DOC101579,1436974578,GL1798387,Arthur,Moss,Dr. Arthur Moss,Cardiology,"Hansen, Harris and Harrison",182 Rachel Forge,Austinbury,FL,44453,001-882-871-7320x3106,arthur.moss@kaiserhealth.org,PA55756,OH,10-09-2028,32,FALSE,FALSE,14-03-2025
DOC101580,2338958641,QW8256019,Jacqueline,Davis,Dr. Jacqueline Davis,Nephrology,"Frederick, Wells and Gibbs",978 Bailey Parkway Suite 957,Millerport,MI,78985,479-546-1906,jacqueline.davis@kaiserhealth.org,NY66644,TX,19-03-2030,21,TRUE,FALSE,09-05-2026
DOC101581,2762936842,PS5179736,Leah,Davis,Dr. Leah Davis,Hematology,"Dalton, Estes and Sharp",78668 Weaver Shore,Dustintown,MI,30513,(365)303-0524,leah.davis@kaiserhealth.org,MI16371,NY,27-08-2028,5,TRUE,FALSE,05-12-2022
DOC101582,2190952038,XQ2121519,Benjamin,Ramos,Dr. Benjamin Ramos,Oncology,Brooks-Davis,52949 Alvarez Center,Lake Veronica,IL,99215,001-961-208-4929,benjamin.ramos@kaiserhealth.org,PA60160,TX,10-10-2028,24,TRUE,FALSE,11-03-2024
DOC101583,2622016566,GW3935082,Jamie,Krueger,Dr. Jamie Krueger,Oncology,"Wallace, Jones and Neal",7621 Matthew Roads Suite 614,Port David,FL,97630,383.448.9953,jamie.krueger@kaiserhealth.org,TX60234,TX,13-03-2031,25,TRUE,FALSE,03-12-2021
DOC101584,1403075598,KC4202484,Anthony,Miranda,Dr. Anthony Miranda,Neurology,"Livingston, Collins and Compton",41703 Moran Falls,Port Travis,PA,33039,313.942.4147,anthony.miranda@kaiserhealth.org,CA73944,IL,15-03-2031,28,TRUE,FALSE,03-11-2024
DOC101585,1328099970,EJ4043109,Francisco,Jones,Dr. Francisco Jones,Oncology,Bowers-Harrison,292 Austin Cove Suite 274,North Jeanette,CA,11890,850.379.6313x2404,francisco.jones@kaiserhealth.org,GA22608,NC,21-02-2030,16,TRUE,FALSE,24-01-2025
DOC101586,2327737655,JQ6172757,Holly,Dickson,Dr. Holly Dickson,Neurology,Davis-Sanders,1457 Veronica Island,Maxwellchester,PA,21853,001-537-385-7717x12199,holly.dickson@kaiserhealth.org,PA50630,NC,04-08-2029,11,TRUE,FALSE,21-09-2024
DOC101587,1266615393,UE9427021,Jennifer,Mendoza,Dr. Jennifer Mendoza,Oncology,"Huffman, Hooper and Walsh",27962 Torres Falls,Wagnerport,CA,26185,6038987806,jennifer.mendoza@kaiserhealth.org,NY37222,IL,26-04-2031,19,TRUE,FALSE,22-05-2024
DOC101588,1627989582,KQ7339129,Martha,Parker,Dr. Martha Parker,Oncology,"Miller, Farmer and Fernandez",874 Holly Avenue Apt. 922,Tranfurt,CA,66195,703.575.5785x4576,martha.parker@kaiserhealth.org,FL68972,NY,07-07-2027,12,TRUE,FALSE,05-06-2026
DOC101589,2593955714,FC1622065,Douglas,Burgess,Dr. Douglas Burgess,Nephrology,Roberts-Smith,22257 Smith Club,East Robert,NY,40597,001-835-809-4557x31492,douglas.burgess@kaiserhealth.org,CA10505,IL,01-04-2028,21,TRUE,FALSE,25-09-2022
DOC101590,2364443296,UC4220072,Lindsey,King,Dr. Lindsey King,Endocrinology,Patterson-Harris,807 Bruce Divide,Lesliehaven,GA,89233,001-564-517-9399x69793,lindsey.king@kaiserhealth.org,OH75565,FL,16-07-2028,25,TRUE,FALSE,17-10-2025
DOC101591,1878571093,GT5300090,James,Gonzalez,Dr. James Gonzalez,Oncology,Fuentes-Spencer,689 Michael Crossing,Clarkchester,OH,71086,565-922-3507,james.gonzalez@kaiserhealth.org,FL93117,TX,22-10-2029,26,TRUE,FALSE,31-08-2025
DOC101592,2775465861,RF8470344,Jesse,Welch,Dr. Jesse Welch,Infectious Disease,Wilson PLC,8496 Elizabeth Fords,Gregorystad,CA,8039,-7216,jesse.welch@kaiserhealth.org,FL34092,IL,29-05-2029,29,TRUE,FALSE,06-12-2024
DOC101593,2841546351,QL7351851,Scott,Figueroa,Dr. Scott Figueroa,Hematology,Drake-Medina,3971 Tonya Cape Suite 974,Masonshire,CA,75019,430.653.7406,scott.figueroa@kaiserhealth.org,MI98423,OH,03-02-2028,27,TRUE,FALSE,17-10-2024
DOC101594,2965600337,LE2964842,David,Fletcher,Dr. David Fletcher,Cardiology,Hernandez PLC,3651 Chan Creek Suite 613,New Kevin,CA,52958,757.924.7639,david.fletcher@kaiserhealth.org,MI30939,TX,02-10-2030,13,TRUE,FALSE,01-10-2022
DOC101595,2557953723,RN6041426,Lindsey,Guerrero,Dr. Lindsey Guerrero,Oncology,"Morris, Smith and Taylor",85800 Hamilton Spur Apt. 450,Calvinview,FL,81286,6485735975,lindsey.guerrero@kaiserhealth.org,CA34233,MI,20-01-2031,35,TRUE,FALSE,08-12-2023
DOC101596,1372298210,VG5243922,Stephanie,Morris,Dr. Stephanie Morris,Oncology,Randall-Montgomery,07799 Bryant Drive Apt. 264,Crossland,PA,99617,933-800-2702x75076,stephanie.morris@kaiserhealth.org,CA21396,IL,12-06-2030,30,TRUE,FALSE,14-04-2026
DOC101597,2076953908,QT3476790,John,Medina,Dr. John Medina,Oncology,Prince Medical Center,3869 Daryl Mews Apt. 207,Monicaton,CA,3816,(699)615-5859x3922,john.medina@kaiserhealth.org,NC30424,IL,07-11-2028,24,TRUE,FALSE,09-07-2024
DOC101598,2694836094,GS6825085,Sherry,Morgan,Dr. Sherry Morgan,Rheumatology,White Medical Center,894 Wang Field Suite 176,East Sharon,CA,31757,-6890,sherry.morgan@kaiserhealth.org,TX53803,OH,20-08-2030,15,TRUE,FALSE,13-03-2025
DOC101599,1669232572,RH4689270,Carla,Erickson,Dr. Carla Erickson,Pulmonology,Franco and Sons,12874 Janet Parkway Apt. 173,Lake Nicholasbury,GA,70017,(814)452-8789,carla.erickson@kaiserhealth.org,TX35223,FL,23-08-2029,21,TRUE,FALSE,25-05-2026
DOC101600,2661051496,CT0686288,Suzanne,Young,Dr. Suzanne Young,Infectious Disease,"Lopez, Mitchell and Ward",505 Lin Points,Lake Daniel,CA,13077,(760)648-5896,suzanne.young@kaiserhealth.org,NC71718,MI,07-02-2030,15,TRUE,FALSE,09-03-2026
DOC101601,2940395186,VY5613440,Carlos,Mcpherson,Dr. Carlos Mcpherson,Gastroenterology,Ali-Wheeler,654 Jones Trail,South Darlene,NC,7243,+1-254-287-4870x56623,carlos.mcpherson@kaiserhealth.org,FL95953,FL,16-01-2031,11,TRUE,FALSE,27-08-2024
DOC101602,1169347691,EW3779398,Philip,Smith,Dr. Philip Smith,Oncology,"Kidd, Nelson and Myers",0123 Williams Locks,Michelechester,NY,7748,(505)990-8557x657,philip.smith@kaiserhealth.org,TX30964,CA,07-12-2029,9,TRUE,FALSE,11-08-2023
DOC101603,1852002391,ME3133631,Brandy,Mcintosh,Dr. Brandy Mcintosh,Pulmonology,Freeman-Perez,903 Kane Corner,Mortontown,CA,78159,402-676-4714,brandy.mcintosh@kaiserhealth.org,MI82523,TX,15-05-2030,10,TRUE,FALSE,07-06-2023
DOC101604,1231896720,DF9590317,Gary,Garcia,Dr. Gary Garcia,Hematology,"Carpenter, Anderson and Wong",77381 Stacy Turnpike,North Cheryl,CA,70918,514.652.3780,gary.garcia@kaiserhealth.org,OH85405,CA,19-02-2029,5,TRUE,FALSE,04-05-2023
DOC101605,1917653244,SH4387151,Lauren,Rojas,Dr. Lauren Rojas,Oncology,Robertson Hospital,6568 Gutierrez Place,Lake Dominiquemouth,IL,73088,3007589538,lauren.rojas@kaiserhealth.org,GA49904,OH,28-06-2029,12,TRUE,FALSE,30-08-2024
DOC101606,1870272820,JB0938083,Michelle,Brown,Dr. Michelle Brown,Oncology,Castaneda Hospital,857 Anita Causeway,Gibsonview,CA,81663,001-714-688-1514x4661,michelle.brown@kaiserhealth.org,NY33425,FL,19-12-2027,15,TRUE,FALSE,10-05-2025
DOC101607,1059324183,EX5276252,Christopher,Smith,Dr. Christopher Smith,Oncology,Sellers-Perry,6688 Roberts Tunnel,Elizabethbury,TX,83573,+1-463-577-6659x95990,christopher.smith@kaiserhealth.org,NY38867,NY,01-09-2028,11,TRUE,FALSE,21-11-2023
DOC101608,2428326701,CN7811678,Sandra,Salinas,Dr. Sandra Salinas,Infectious Disease,Shannon PLC,2266 Dixon Inlet,New Deborahville,TX,41402,(328)783-6358x0533,sandra.salinas@kaiserhealth.org,MI10925,TX,05-11-2027,25,TRUE,FALSE,12-03-2023
DOC101609,1864267302,FB9941753,Chris,Good,Dr. Chris Good,Oncology,Jordan-Ochoa,27847 Kenneth Motorway Apt. 722,Port Christine,IL,98438,776-719-6822,chris.good@kaiserhealth.org,CA57318,FL,01-05-2030,9,TRUE,FALSE,09-12-2025
DOC101610,2105075508,JS5284677,Veronica,Fitzpatrick,Dr. Veronica Fitzpatrick,Oncology,Stanley-Wilson,740 Parker Harbor Apt. 739,Hernandezchester,FL,14178,001-575-665-7799x0618,veronica.fitzpatrick@kaiserhealth.org,GA76087,IL,11-08-2028,32,TRUE,FALSE,06-10-2022
DOC101611,2008307644,BL8355017,Mark,Miller,Dr. Mark Miller,Endocrinology,Harper Hospital,1924 Mike Curve Suite 348,Adamchester,GA,11921,+1-470-264-9144x53375,mark.miller@kaiserhealth.org,TX69580,MI,27-11-2027,33,TRUE,FALSE,20-07-2024
DOC101612,1829018320,MD1213406,Patrick,Davis,Dr. Patrick Davis,Oncology,Everett-Rodriguez,57337 Huang Path Suite 091,West Charles,OH,64909,610.790.7195x71451,patrick.davis@kaiserhealth.org,NC14067,NY,01-12-2027,7,TRUE,FALSE,16-11-2023
DOC101613,1406511747,CC7064857,Brandi,Vaughn,Dr. Brandi Vaughn,Oncology,Murphy-Hampton,68072 Simmons Club Apt. 843,South Mariaport,OH,69898,(272)630-9907,brandi.vaughn@kaiserhealth.org,NC82895,OH,28-07-2030,17,TRUE,FALSE,08-10-2024
DOC101614,1240790448,XC3881901,Joshua,Peterson,Dr. Joshua Peterson,Oncology,Johnson Medical Center,045 Emily Ridges Apt. 818,Hallton,IL,4239,(976)532-7223,joshua.peterson@kaiserhealth.org,PA63329,GA,14-01-2031,30,TRUE,FALSE,14-02-2025
DOC101615,2195249601,RB9217645,Christie,Nguyen,Dr. Christie Nguyen,Cardiology,Guerra-Thomas,59047 Michael Islands Apt. 265,Brittanyton,GA,45586,897.634.5135,christie.nguyen@kaiserhealth.org,GA15258,TX,11-02-2028,14,TRUE,FALSE,27-01-2025
DOC101616,1453478277,XE5320959,Brian,James,Dr. Brian James,Oncology,Espinoza PLC,74051 Pena Gardens Apt. 641,New Christinaland,NC,92409,465.864.0254,brian.james@kaiserhealth.org,IL78699,MI,02-09-2027,40,TRUE,FALSE,07-11-2021
DOC101617,1587272993,GW5702409,Robert,Fernandez,Dr. Robert Fernandez,Neurology,"Andrews, White and Lopez",57993 Bradshaw Hills Suite 892,West Caleb,MI,63754,775-329-4977x565,robert.fernandez@kaiserhealth.org,NC62544,OH,09-03-2028,17,TRUE,FALSE,15-11-2025
DOC101618,2648442739,TH5652391,Meghan,Patrick,Dr. Meghan Patrick,Gastroenterology,"Clay, Lambert and Carney",367 Henderson Trail,Brownland,NC,96864,7125213387,meghan.patrick@kaiserhealth.org,OH96705,GA,22-03-2030,30,TRUE,FALSE,21-09-2023
DOC101619,1735334062,BD6633401,Gregory,Turner,Dr. Gregory Turner,Pulmonology,"Dixon, Summers and Rogers",4988 Christine Pike Apt. 825,West Mikayla,TX,28698,3939535215,gregory.turner@kaiserhealth.org,NY59073,OH,29-04-2028,17,TRUE,FALSE,07-12-2023
DOC101620,2263628862,GG5704445,Kristine,Fisher,Dr. Kristine Fisher,Oncology,Bentley Group,471 Alvarez Islands,Snowtown,NY,72006,5107302212,kristine.fisher@kaiserhealth.org,IL36658,IL,15-01-2029,23,FALSE,FALSE,27-05-2022
DOC101621,1117549449,LR4218842,Harold,Dalton,Dr. Harold Dalton,Pulmonology,Carlson-Walker,85414 Selena Lodge,Lake Dean,CA,97995,001-321-844-5371x5045,harold.dalton@kaiserhealth.org,FL76278,NY,28-07-2029,28,TRUE,FALSE,12-02-2026
DOC101622,1164792464,FU9872473,Michelle,Snyder,Dr. Michelle Snyder,Rheumatology,"Pacheco, Cannon and Choi",591 Gregory Plain,Jacobburgh,FL,93072,+1-363-255-4690x33693,michelle.snyder@kaiserhealth.org,MI91044,NC,23-03-2031,36,TRUE,FALSE,25-05-2024
DOC101623,1530075145,WC8347923,Sean,Bradley,Dr. Sean Bradley,Oncology,Thompson Ltd,4552 Rasmussen Points,Kimburgh,PA,83076,(802)335-6409x3099,sean.bradley@kaiserhealth.org,GA83099,TX,17-01-2030,21,TRUE,FALSE,01-09-2024
DOC101624,1108124643,RT6243014,Alexander,Dominguez,Dr. Alexander Dominguez,Infectious Disease,Simpson-Carroll,999 Elizabeth Coves Apt. 948,Nelsonville,CA,23219,719.300.2415,alexander.dominguez@kaiserhealth.org,OH65144,MI,07-08-2029,29,TRUE,FALSE,10-04-2024
DOC101625,1696374912,CS7906506,April,Sanders,Dr. April Sanders,Oncology,Roach Group,3327 David Trail,Ortizchester,IL,66249,(385)684-3116x21065,april.sanders@kaiserhealth.org,GA20947,PA,23-06-2030,5,TRUE,FALSE,25-08-2023
DOC101626,1502316004,BF7289868,Megan,Clark,Dr. Megan Clark,Neurology,"Donovan, Gross and Cohen",310 Gomez Park Apt. 030,South Mark,TX,54810,5887958697,megan.clark@kaiserhealth.org,NY32629,CA,09-03-2031,40,TRUE,FALSE,05-12-2025
DOC101627,1498425079,NN9978420,Kevin,Scott,Dr. Kevin Scott,Oncology,Lopez Hospital,2125 Williams Dam Apt. 981,Lake Josephshire,NY,94946,001-799-215-1414x0508,kevin.scott@kaiserhealth.org,IL21111,IL,29-04-2030,22,TRUE,FALSE,03-03-2022
DOC101628,2073723861,YM9528599,Jane,Craig,Dr. Jane Craig,Pulmonology,Soto-Espinoza,64122 Turner Dale Suite 439,West Matthew,CA,79105,001-760-542-4081x7442,jane.craig@kaiserhealth.org,PA96467,GA,13-06-2031,32,TRUE,FALSE,09-05-2026
DOC101629,2982930557,RU7983676,Holly,Carson,Dr. Holly Carson,Oncology,Rice-Rogers,6820 Amy Plaza,East Elijahfurt,GA,51593,242-980-9702,holly.carson@kaiserhealth.org,IL92016,NY,28-12-2029,7,TRUE,FALSE,16-08-2021
DOC101630,1948150439,BH5602858,Catherine,Craig,Dr. Catherine Craig,Infectious Disease,Delacruz-Garcia,117 Banks Freeway Apt. 702,Paulabury,MI,65887,+1-970-486-0437x758,catherine.craig@kaiserhealth.org,OH65775,CA,07-10-2030,31,TRUE,FALSE,15-08-2024
DOC101631,2760751210,CS4262264,James,Miller,Dr. James Miller,Oncology,Johnson Medical Center,33003 Matthew Light Suite 474,East Sandrabury,NY,9669,651-496-8394,james.miller@kaiserhealth.org,NC13059,TX,05-02-2028,22,TRUE,FALSE,31-12-2024
DOC101632,2085935653,LF4377950,Diana,Gonzalez,Dr. Diana Gonzalez,Hematology,Turner-Lewis,49131 Nicholson Route,Jamesfurt,OH,57137,413.564.6351x4522,diana.gonzalez@kaiserhealth.org,PA52302,GA,02-02-2028,19,TRUE,FALSE,05-04-2024
DOC101633,2852512258,KP7901752,Gloria,Rivas,Dr. Gloria Rivas,Endocrinology,"Keller, Hardy and Colon",934 Kelly Mill Suite 583,West Gregory,GA,88191,+1-770-664-0641x231,gloria.rivas@kaiserhealth.org,MI93169,TX,02-09-2027,22,TRUE,FALSE,26-10-2022
DOC101634,2523967499,VB2038540,Kyle,Whitney,Dr. Kyle Whitney,Hematology,"Harris, Stephenson and Chavez",16327 Susan Run Suite 914,Port Allenstad,CA,16933,(796)636-4272x1264,kyle.whitney@kaiserhealth.org,CA83435,IL,10-05-2028,10,TRUE,FALSE,15-10-2024
DOC101635,1242695753,YT5139763,Tom,Hicks,Dr. Tom Hicks,Rheumatology,Carr-Hamilton,7269 Fletcher Avenue Apt. 333,South Christina,TX,74024,001-382-617-0267x1996,tom.hicks@kaiserhealth.org,MI47266,OH,20-02-2031,9,TRUE,FALSE,26-11-2023
DOC101636,2204085206,HG4611897,Cindy,Vincent,Dr. Cindy Vincent,Gastroenterology,Wilson-Navarro,1603 Aguilar Islands Apt. 606,Port Eric,GA,66263,795.461.4109x661,cindy.vincent@kaiserhealth.org,FL68828,TX,19-02-2030,38,TRUE,FALSE,10-02-2023
DOC101637,2593380419,CR1603330,Eric,Rogers,Dr. Eric Rogers,Gastroenterology,Rose-Williams,69030 Justin Summit Suite 112,East Taylortown,CA,85694,(438)259-5129,eric.rogers@kaiserhealth.org,IL46879,NY,21-06-2029,38,TRUE,FALSE,16-10-2022
DOC101638,1660209313,RT8021093,Dylan,Williams,Dr. Dylan Williams,Oncology,Sanchez Ltd,39895 Daniel Crest,Lake Kathy,GA,81771,001-977-838-7927,dylan.williams@kaiserhealth.org,OH75361,GA,10-05-2029,34,TRUE,FALSE,12-01-2026
DOC101639,2576455459,BG4819543,Lorraine,Sanchez,Dr. Lorraine Sanchez,Rheumatology,Walters Ltd,29665 Kevin Spur Suite 865,Nelsontown,NY,53314,(306)981-4849,lorraine.sanchez@kaiserhealth.org,NY16622,TX,05-02-2028,29,TRUE,FALSE,03-12-2021
DOC101640,2533089233,GW1351485,Glen,Lawrence,Dr. Glen Lawrence,Rheumatology,Brown Medical Center,433 Yvonne Corner,Port Veronicamouth,CA,77949,(433)905-0749x50443,glen.lawrence@kaiserhealth.org,GA12993,TX,28-11-2027,29,TRUE,FALSE,28-11-2022
DOC101641,2260674151,KK8762164,Ashley,Eaton,Dr. Ashley Eaton,Gastroenterology,Thomas PLC,416 Emily Ramp Apt. 624,New Joycemouth,FL,15529,+1-363-223-8137x0574,ashley.eaton@kaiserhealth.org,IL96625,TX,12-07-2028,34,TRUE,FALSE,17-07-2025
DOC101642,2302940695,RF5202358,Robert,Moore,Dr. Robert Moore,Nephrology,Farrell-Cook,52583 Miller Meadows Apt. 578,Port Davidport,FL,36944,001-266-484-7132x901,robert.moore@kaiserhealth.org,GA70567,NY,13-01-2031,15,TRUE,FALSE,09-05-2022
DOC101643,1848891994,VM1659919,Shelby,Boyd,Dr. Shelby Boyd,Pulmonology,"Atkins, Jennings and Combs",110 Justin Cape Apt. 353,Cynthiashire,PA,52564,528.390.1408x12356,shelby.boyd@kaiserhealth.org,OH96089,IL,11-03-2029,24,TRUE,FALSE,15-09-2025
DOC101644,2239004152,KE8678554,Lisa,Foster,Dr. Lisa Foster,Oncology,Chavez Group,8884 Hunt Spur,Mullenside,CA,10555,+1-938-534-7705x104,lisa.foster@kaiserhealth.org,NY75812,MI,03-07-2027,35,TRUE,FALSE,19-03-2026
DOC101645,2014670936,RE5028004,Anthony,Cuevas,Dr. Anthony Cuevas,Cardiology,David and Sons,148 Larry Walks,Port Jodibury,GA,3241,844-569-7894x259,anthony.cuevas@kaiserhealth.org,GA14253,GA,09-10-2028,20,TRUE,FALSE,04-06-2026
DOC101646,2031613407,UV2164575,Sarah,Christensen,Dr. Sarah Christensen,Endocrinology,Spears PLC,8933 Ward Circle Suite 195,Lake Christopherton,CA,28612,8768617061,sarah.christensen@kaiserhealth.org,PA47824,TX,11-11-2029,37,TRUE,FALSE,09-10-2023
DOC101647,1286785150,PN8815571,Melissa,Collins,Dr. Melissa Collins,Rheumatology,"Ryan, Buck and Flynn",872 Tate Village,New Danielfurt,PA,75748,(992)934-4405x5724,melissa.collins@kaiserhealth.org,OH98780,OH,22-03-2028,10,TRUE,FALSE,14-03-2022
DOC101648,2894093636,JP0595516,Krystal,Deleon,Dr. Krystal Deleon,Cardiology,Castaneda-Santos,09160 Silva Hill Apt. 723,New Anthonymouth,NY,7827,001-566-786-3721x858,krystal.deleon@kaiserhealth.org,FL37138,MI,05-09-2029,26,TRUE,FALSE,16-08-2023
DOC101649,1224518256,VN1921269,Jessica,Livingston,Dr. Jessica Livingston,Hematology,"Williams, Brock and Olson",712 Stewart Key Suite 416,Randallchester,IL,60473,257-311-1207,jessica.livingston@kaiserhealth.org,NC60834,MI,19-09-2029,36,TRUE,FALSE,23-08-2021
DOC101650,2989631963,BM2704369,Heather,Garrett,Dr. Heather Garrett,Oncology,"Lee, Richardson and Henderson",2552 Stevens Common,Anthonybury,CA,25081,(598)248-0861x868,heather.garrett@kaiserhealth.org,PA83845,NY,24-12-2030,32,TRUE,FALSE,24-08-2023
DOC101651,1012746901,RN3191986,James,Mckay,Dr. James Mckay,Neurology,Watkins Ltd,532 Hannah Alley Apt. 339,North Annette,GA,37275,2033765849,james.mckay@kaiserhealth.org,CA78703,PA,16-04-2031,27,TRUE,FALSE,30-01-2024
DOC101652,2062230635,PR3577569,Bobby,Morgan,Dr. Bobby Morgan,Pulmonology,Fitzgerald-Hernandez,8709 Cheryl Ridge Apt. 279,West Peterfurt,TX,79751,599-818-3864,bobby.morgan@kaiserhealth.org,MI78267,IL,23-01-2028,9,TRUE,FALSE,20-12-2024
DOC101653,2003273032,KS2746352,Brenda,Rush,Dr. Brenda Rush,Oncology,Gutierrez and Sons,7177 Lopez Loop Suite 269,West Melissaside,PA,83406,+1-978-281-4124x527,brenda.rush@kaiserhealth.org,OH20598,NY,12-01-2029,40,TRUE,FALSE,26-10-2021
DOC101654,1038069586,EX1853111,Laura,Ballard,Dr. Laura Ballard,Oncology,Morgan-Morgan,2448 Amy Union Suite 789,Michelleville,CA,30088,001-319-638-7074,laura.ballard@kaiserhealth.org,NY71162,GA,22-03-2031,6,TRUE,FALSE,04-12-2022
DOC101655,1666636947,FS1326598,Andrew,Allen,Dr. Andrew Allen,Pulmonology,"Ochoa, Clarke and Garrison",281 Smith Loaf,West Thomas,PA,57840,+1-235-572-3627x33089,andrew.allen@kaiserhealth.org,CA35230,FL,18-10-2028,36,TRUE,FALSE,15-03-2024
DOC101656,1940375353,XD3245275,Kimberly,Collins,Dr. Kimberly Collins,Oncology,"Porter, Lara and Wright",09549 Hart Cove,Stevensborough,GA,8003,390.999.1998x4676,kimberly.collins@kaiserhealth.org,NY86290,PA,30-07-2027,8,TRUE,FALSE,19-05-2026
DOC101657,1056878071,EY6524948,Nathan,Davis,Dr. Nathan Davis,Nephrology,Lewis Hospital,257 Anderson Centers Apt. 280,Shawnshire,NY,92641,750-900-4441x56630,nathan.davis@kaiserhealth.org,NC56601,TX,22-04-2031,37,TRUE,FALSE,28-10-2022
DOC101658,1015149777,PJ9136165,Tyler,Hamilton,Dr. Tyler Hamilton,Oncology,Johnson Medical Center,8928 Anne Brooks Suite 370,Lake Jeremyfort,OH,93413,(907)920-3248x9323,tyler.hamilton@kaiserhealth.org,PA28044,NC,24-05-2031,15,FALSE,FALSE,09-08-2024
DOC101659,2195490294,TJ9434577,Robert,Alvarez,Dr. Robert Alvarez,Oncology,Walls-Hughes,24148 Moore Run Apt. 775,Oneillport,OH,57807,(685)478-5645x192,robert.alvarez@kaiserhealth.org,NY41157,NC,27-05-2029,39,TRUE,FALSE,29-04-2026
DOC101660,2500915956,QS3239593,John,Cruz,Dr. John Cruz,Infectious Disease,"Anderson, Delgado and Barnett",65228 Hester Fords Suite 118,Castillofurt,CA,32027,914-348-7774x763,john.cruz@kaiserhealth.org,NY85913,IL,29-07-2027,10,TRUE,FALSE,20-02-2023
DOC101661,2066185360,YS7807202,Carlos,Herrera,Dr. Carlos Herrera,Oncology,Crawford PLC,68886 Contreras Tunnel Suite 205,Lake Lorimouth,FL,62192,-3201,carlos.herrera@kaiserhealth.org,FL82165,NC,21-11-2027,11,FALSE,FALSE,05-01-2026
DOC101662,1099667637,FA3734483,Jennifer,Mathews,Dr. Jennifer Mathews,Infectious Disease,Reed Medical Center,41382 Hanson Place,Guerrerochester,PA,41779,546-860-1705,jennifer.mathews@kaiserhealth.org,OH73309,CA,19-06-2029,34,TRUE,FALSE,22-10-2021
DOC101663,1565743967,RB5467393,Daniel,Merritt,Dr. Daniel Merritt,Cardiology,"Cook, Holt and Martin",1246 Rogers Spurs Suite 787,West Danny,OH,71672,320.222.7113,daniel.merritt@kaiserhealth.org,IL88248,CA,01-10-2027,26,TRUE,FALSE,17-09-2022
DOC101664,2887305886,TD0253129,Christopher,Ramirez,Dr. Christopher Ramirez,Endocrinology,"Williams, Cortez and Cantrell",5557 Wright Spur Apt. 282,New Carlos,OH,17198,+1-218-636-6949x83598,christopher.ramirez@kaiserhealth.org,OH26748,PA,25-02-2029,22,FALSE,FALSE,18-11-2025
DOC101665,1095804014,ND5970001,Lisa,Crawford,Dr. Lisa Crawford,Nephrology,Lane Group,456 Thomas Rue Apt. 702,Robinfurt,CA,80474,945.598.9090x66094,lisa.crawford@kaiserhealth.org,CA69080,FL,23-09-2027,38,TRUE,FALSE,14-01-2025
DOC101666,2467347436,UH9089413,Dylan,Richard,Dr. Dylan Richard,Cardiology,Sullivan-Mercer,44463 Douglas Pines Suite 209,South Kevin,MI,32701,+1-490-798-1122x02151,dylan.richard@kaiserhealth.org,NC51675,MI,30-10-2027,29,TRUE,FALSE,14-04-2023
DOC101667,1213054284,WY2511190,Patrick,Ramirez,Dr. Patrick Ramirez,Neurology,Roberts-Rodriguez,523 Smith Trafficway Suite 775,New Brianton,PA,27454,(626)507-3478,patrick.ramirez@kaiserhealth.org,MI49351,CA,06-03-2028,23,TRUE,FALSE,13-02-2025
DOC101668,2125979990,XH2388767,Taylor,Scott,Dr. Taylor Scott,Oncology,"Collins, Nelson and Fields",32338 Shepherd Gardens,Espinozafort,CA,31449,6587582196,taylor.scott@kaiserhealth.org,CA92936,OH,21-01-2030,15,TRUE,FALSE,23-01-2025
DOC101669,2134039978,GT7443081,Amy,Taylor,Dr. Amy Taylor,Oncology,Davis and Sons,55889 Jill Extension,North Thomas,FL,16162,412-657-0670x779,amy.taylor@kaiserhealth.org,OH41302,TX,29-07-2028,18,TRUE,FALSE,01-06-2024
DOC101670,2026638207,DM4818513,Kevin,Petersen,Dr. Kevin Petersen,Neurology,Nguyen-Morrison,13156 Clark Spring Apt. 242,Brockmouth,NY,79325,001-263-594-6845x8310,kevin.petersen@kaiserhealth.org,NY71591,NC,21-02-2031,31,TRUE,FALSE,09-06-2024
DOC101671,2767719288,VE0302875,Angela,Cooper,Dr. Angela Cooper,Hematology,"Alvarez, Gray and Maldonado",0271 Paul Ferry Apt. 023,Olsenhaven,IL,72243,8737664970,angela.cooper@kaiserhealth.org,CA56861,NC,16-12-2029,16,TRUE,FALSE,08-07-2021
DOC101672,1360677871,VW2497265,Jessica,Vega,Dr. Jessica Vega,Oncology,Hart Group,35623 Kramer Extensions Apt. 118,Smithton,GA,1041,4822220532,jessica.vega@kaiserhealth.org,NY34817,OH,19-10-2029,23,TRUE,FALSE,25-06-2026
DOC101673,2745145375,FM7448825,Jimmy,Higgins,Dr. Jimmy Higgins,Oncology,Odom-Williams,6617 Mary Bridge,West Theodoreside,OH,24271,875-799-1173x906,jimmy.higgins@kaiserhealth.org,MI85162,CA,29-09-2027,12,TRUE,FALSE,02-12-2024
DOC101674,2111567338,MC5764670,Zachary,Soto,Dr. Zachary Soto,Oncology,"Diaz, Love and Maxwell",3160 Maria Keys,East Haleymouth,CA,2547,(832)670-5241x6945,zachary.soto@kaiserhealth.org,OH79737,CA,12-02-2029,39,TRUE,FALSE,22-01-2026
DOC101675,1193465027,LS6034563,Robert,Owens,Dr. Robert Owens,Neurology,"Randolph, Dennis and King",2840 Adam Village,Port Heidiborough,FL,58644,537-484-7107x382,robert.owens@kaiserhealth.org,NC85770,TX,14-02-2028,20,TRUE,FALSE,05-04-2024
DOC101676,2245705155,RS2638803,Melanie,David,Dr. Melanie David,Endocrinology,"Daniels, Walker and Castillo",233 Rivera Crescent,Joshuafort,CA,65225,(357)386-6100x0059,melanie.david@kaiserhealth.org,TX70815,NY,30-09-2029,29,TRUE,FALSE,26-09-2024
DOC101677,2286974762,GW7038547,Francisco,Dennis,Dr. Francisco Dennis,Oncology,Franklin-Allen,348 Justin Crossroad,Wallerfurt,GA,30030,755-958-0087,francisco.dennis@kaiserhealth.org,TX64160,NC,12-10-2030,11,TRUE,FALSE,16-05-2024
DOC101678,1192294123,ES0625394,Steven,Garcia,Dr. Steven Garcia,Cardiology,"Lewis, Hicks and Farmer",70844 Price Route,Allenborough,CA,83209,-5181,steven.garcia@kaiserhealth.org,PA45989,PA,06-03-2028,28,TRUE,FALSE,02-12-2024
DOC101679,1588314003,MN3032826,Jodi,Ewing,Dr. Jodi Ewing,Hematology,Williams-Harrison,37010 Ward Locks Apt. 549,Millerfort,FL,76208,710.882.6277,jodi.ewing@kaiserhealth.org,PA97521,IL,09-02-2031,5,TRUE,FALSE,30-06-2021
DOC101680,2986571689,YP2132508,Ryan,Johnson,Dr. Ryan Johnson,Infectious Disease,Wagner PLC,95661 Lori Wall Apt. 892,Lake Andrefort,TX,41554,564.335.8309x75336,ryan.johnson@kaiserhealth.org,NC63448,NC,10-08-2028,25,TRUE,FALSE,31-05-2026
DOC101681,1476088230,UF5872894,Michelle,Blackburn,Dr. Michelle Blackburn,Oncology,"Soto, Russell and Riley",75686 John Island Suite 964,East Anthony,GA,74922,001-992-755-8300x35808,michelle.blackburn@kaiserhealth.org,FL61502,FL,22-03-2029,9,TRUE,FALSE,02-08-2023
DOC101682,1084601726,ES0336490,Jonathan,Roberts,Dr. Jonathan Roberts,Gastroenterology,Ball Medical Center,48831 Scott Estates Suite 783,Brandonshire,IL,90362,+1-332-281-8167x1771,jonathan.roberts@kaiserhealth.org,GA46868,MI,15-06-2028,10,TRUE,FALSE,30-11-2023
DOC101683,2343031016,PH6622845,Bradley,Brown,Dr. Bradley Brown,Rheumatology,Wiggins-Kim,5741 Sims Circles Suite 800,North Karenland,IL,30341,202.314.8904,bradley.brown@kaiserhealth.org,NY48024,CA,23-11-2027,39,TRUE,FALSE,07-08-2023
DOC101684,2962295110,SK8610660,Mary,Townsend,Dr. Mary Townsend,Oncology,"Martin, Kelly and Fields",277 Joseph Gateway,Pageport,CA,42745,(718)946-8915x8336,mary.townsend@kaiserhealth.org,OH10803,IL,23-10-2028,31,TRUE,FALSE,22-08-2025
DOC101685,1749538916,EK4106678,Nicole,Arias,Dr. Nicole Arias,Oncology,"Estes, Garcia and Robertson",290 Jeffrey Pike,Port Julie,IL,46054,(319)878-9681x26669,nicole.arias@kaiserhealth.org,PA71687,FL,07-08-2030,14,FALSE,FALSE,18-05-2026
DOC101686,2502423893,MJ4071107,Megan,Brennan,Dr. Megan Brennan,Endocrinology,"Love, Ellis and Chavez",866 Bryant Turnpike,Sarachester,MI,49149,+1-277-959-7767x380,megan.brennan@kaiserhealth.org,NC59133,CA,06-11-2028,15,TRUE,FALSE,13-10-2021
DOC101687,1506671485,HH3171479,Jessica,Jenkins,Dr. Jessica Jenkins,Rheumatology,Lee Ltd,3393 Mcdonald Haven,Lake Jenniferchester,PA,65874,-2180,jessica.jenkins@kaiserhealth.org,IL18649,TX,26-01-2031,40,TRUE,FALSE,01-12-2024
DOC101688,2922028815,WF0895217,Aaron,Paul,Dr. Aaron Paul,Infectious Disease,Moore-Dudley,13305 Becker Prairie,Port Courtney,NC,69351,5222955769,aaron.paul@kaiserhealth.org,CA25754,TX,03-09-2029,31,TRUE,FALSE,09-12-2025
DOC101689,1505073249,CH9430325,Amanda,Jimenez,Dr. Amanda Jimenez,Oncology,"Johnson, George and Perkins",906 Jacob Shore,West Joycebury,TX,40682,391-397-4708x4867,amanda.jimenez@kaiserhealth.org,GA42846,MI,27-06-2030,30,TRUE,FALSE,27-03-2025
DOC101690,1838440376,MJ3999428,Karen,Moore,Dr. Karen Moore,Rheumatology,"Rice, Stewart and Willis",3650 Garcia Divide,Maynardburgh,CA,35365,5894628701,karen.moore@kaiserhealth.org,CA35044,FL,06-02-2031,6,TRUE,FALSE,09-05-2022
DOC101691,2148632908,LA5048715,Nathan,Farrell,Dr. Nathan Farrell,Oncology,Cole-Brown,717 Adrian Turnpike,Jennifershire,CA,78958,(407)318-9802,nathan.farrell@kaiserhealth.org,PA25455,NC,11-07-2028,13,FALSE,FALSE,21-05-2022
DOC101692,2721090744,JR9391171,Victoria,Aguilar,Dr. Victoria Aguilar,Hematology,Johnson-Johnson,1173 Davis Orchard Suite 146,Michaelmouth,IL,11758,(333)755-9164,victoria.aguilar@kaiserhealth.org,CA13874,FL,14-04-2030,21,TRUE,FALSE,26-12-2024
DOC101693,2865737449,NN6072366,Richard,Johnson,Dr. Richard Johnson,Oncology,Reyes and Sons,486 Smith Mission Suite 435,Port Logan,CA,85890,9192165364,richard.johnson@kaiserhealth.org,GA44513,NY,05-12-2030,14,TRUE,FALSE,01-11-2024
DOC101694,1803689382,ME8940439,Denise,Austin,Dr. Denise Austin,Neurology,"Chan, Castillo and Hunter",41452 Vaughan Harbor,Hillshire,PA,8998,+1-853-550-9043x51840,denise.austin@kaiserhealth.org,NY62711,CA,15-01-2030,13,TRUE,FALSE,19-10-2022
DOC101695,2775266848,BG1636781,Carolyn,Scott,Dr. Carolyn Scott,Hematology,"Powell, Garcia and Strong",1004 Michelle Meadow,Tiffanybury,CA,68192,370-898-1920x509,carolyn.scott@kaiserhealth.org,TX44291,NC,24-02-2031,9,TRUE,FALSE,17-04-2023
DOC101696,1764298393,AG9539526,John,Lowe,Dr. John Lowe,Oncology,Hopkins Group,9328 Ward Summit,North Toniburgh,CA,93337,591-428-3006x2381,john.lowe@kaiserhealth.org,NC55314,FL,20-08-2028,16,TRUE,FALSE,04-08-2024
DOC101697,2340114997,KQ5473770,Darren,Snyder,Dr. Darren Snyder,Pulmonology,Snyder Group,960 Oliver Corner,South Donaldberg,CA,31584,759.513.3531,darren.snyder@kaiserhealth.org,MI15223,MI,29-12-2028,31,TRUE,FALSE,02-03-2025
DOC101698,1945659773,VN1034057,Gary,Webster,Dr. Gary Webster,Neurology,Ball-Higgins,040 Garcia Underpass Suite 716,New Elizabeth,OH,71051,(318)824-4682,gary.webster@kaiserhealth.org,NC86094,NY,28-04-2028,8,TRUE,FALSE,08-09-2024
DOC101699,1417569430,RY2188771,David,Freeman,Dr. David Freeman,Oncology,Mills Ltd,732 Jeff Dam Apt. 426,South Traci,MI,73404,001-936-681-2541x4528,david.freeman@kaiserhealth.org,MI23220,OH,10-07-2029,25,TRUE,FALSE,12-06-2024
DOC101700,1363411048,LQ8671265,Cheryl,Ramirez,Dr. Cheryl Ramirez,Hematology,Campbell-Davis,3441 Max Radial Suite 065,Port Michael,TX,23647,001-732-344-4834,cheryl.ramirez@kaiserhealth.org,NC18739,NC,12-12-2029,14,TRUE,FALSE,28-06-2026
DOC101701,1278988524,UX9196084,Miguel,Ellison,Dr. Miguel Ellison,Cardiology,"Pearson, Munoz and Webb",2815 Johnson Meadow Suite 250,Lake Royburgh,PA,25037,9434771494,miguel.ellison@kaiserhealth.org,NC53874,PA,10-09-2028,17,TRUE,FALSE,25-11-2025
DOC101702,1043763185,MU6707169,John,Levy,Dr. John Levy,Pulmonology,Wilson-Jackson,56820 William Brooks,Davidsontown,IL,78353,582.720.9252x10942,john.levy@kaiserhealth.org,NC22514,IL,20-05-2030,24,TRUE,FALSE,13-09-2023
DOC101703,1407560231,BP4079729,Travis,Miller,Dr. Travis Miller,Infectious Disease,Blair Group,902 Miller Bridge,East Timothy,NC,74088,(657)599-8835,travis.miller@kaiserhealth.org,TX33129,NC,19-03-2028,37,TRUE,FALSE,28-02-2025
DOC101704,2427344979,VE5197366,Kristy,Hall,Dr. Kristy Hall,Rheumatology,Evans PLC,770 Jesse Trail,South Danielstad,IL,6952,(485)224-6088x8959,kristy.hall@kaiserhealth.org,GA58001,NC,18-10-2029,34,TRUE,FALSE,09-04-2024
DOC101705,1710539259,BP7718536,Dave,Howard,Dr. Dave Howard,Oncology,Taylor PLC,0099 Levy Highway Suite 117,West Victoriaton,CA,31264,(848)673-7259x0125,dave.howard@kaiserhealth.org,GA47942,FL,17-09-2029,6,TRUE,FALSE,25-03-2023
DOC101706,1560041316,XN7752707,Joseph,Perez,Dr. Joseph Perez,Cardiology,Odom Ltd,671 Collins Shoals Apt. 959,Lindaland,TX,76722,577-800-7191x0353,joseph.perez@kaiserhealth.org,GA85452,GA,17-12-2030,11,TRUE,FALSE,23-05-2023
DOC101707,1506427299,AY4388176,Raven,Hanson,Dr. Raven Hanson,Hematology,Garrett Group,40515 Patel Stravenue,Fisherville,OH,86821,+1-343-787-0611x5421,raven.hanson@kaiserhealth.org,TX32013,GA,05-02-2030,7,TRUE,FALSE,05-09-2023
DOC101708,2431639158,KP4725604,Carla,Kline,Dr. Carla Kline,Infectious Disease,"Hernandez, Mckinney and Nguyen",73366 Torres Crest Suite 313,Valenzuelatown,GA,98080,5194801106,carla.kline@kaiserhealth.org,NC30653,CA,07-04-2028,18,TRUE,FALSE,28-10-2023
DOC101709,1615502613,JA9731220,Mary,Young,Dr. Mary Young,Infectious Disease,Reed-Baker,89819 Mason Shore Suite 517,West Justinbury,OH,53022,001-580-234-5948,mary.young@kaiserhealth.org,GA67072,OH,13-09-2028,25,TRUE,FALSE,25-10-2023
DOC101710,1532421694,HL3286178,Brandon,Williams,Dr. Brandon Williams,Oncology,Johnson Medical Center,569 Carrie Squares Apt. 331,Ruizburgh,CA,51534,(840)630-7505x9990,brandon.williams@kaiserhealth.org,NC18884,FL,01-08-2027,38,TRUE,FALSE,18-11-2025
DOC101711,2732136788,NK5552615,Darrell,Bennett,Dr. Darrell Bennett,Oncology,Brown Medical Center,651 Linda Islands Apt. 086,Jasonfort,CA,38420,001-745-858-3931,darrell.bennett@kaiserhealth.org,GA11459,PA,18-02-2029,28,FALSE,FALSE,27-04-2024
DOC101712,1529508687,JK1235998,Jonathan,Cunningham,Dr. Jonathan Cunningham,Nephrology,Scott Group,68881 Taylor Union,Holderbury,OH,23548,3199703078,jonathan.cunningham@kaiserhealth.org,TX51676,NC,21-08-2030,30,TRUE,FALSE,05-02-2025
DOC101713,2356006255,CM1797519,David,Hanna,Dr. David Hanna,Neurology,Murphy PLC,91277 Garcia Lake,New Anthonyhaven,GA,35377,824-767-6004x2597,david.hanna@kaiserhealth.org,NC42828,MI,10-08-2029,26,TRUE,FALSE,13-04-2022
DOC101714,1734458019,RP2134616,Isaiah,Scott,Dr. Isaiah Scott,Pulmonology,Gardner-Salinas,519 Brown Ports Apt. 140,West Kevinport,CA,41298,001-962-552-1653,isaiah.scott@kaiserhealth.org,NY51922,TX,15-11-2030,32,TRUE,FALSE,12-06-2026
DOC101715,1222470810,DJ8129719,Theresa,Leon,Dr. Theresa Leon,Gastroenterology,"Williams, Lester and Myers",5244 Alexis Ville Apt. 157,Smithstad,NC,73562,512-845-0778,theresa.leon@kaiserhealth.org,IL15709,NC,12-06-2028,21,TRUE,FALSE,11-04-2024
DOC101716,2812681793,AA8058899,Brad,Salinas,Dr. Brad Salinas,Oncology,Moss-Williams,227 Kathryn Manor,Jacksonbury,CA,47441,(760)317-7265,brad.salinas@kaiserhealth.org,NC15478,NC,22-01-2031,12,TRUE,FALSE,25-03-2023
DOC101717,1340508105,NY3586990,David,Booker,Dr. David Booker,Endocrinology,Lee Ltd,70182 James Trail Apt. 002,Michellebury,NY,6148,367-740-7185x331,david.booker@kaiserhealth.org,FL18976,NY,18-03-2029,31,TRUE,FALSE,02-01-2024
DOC101718,2602124676,JE8125983,Heidi,Robinson,Dr. Heidi Robinson,Oncology,Thompson-Pittman,3184 John Heights Apt. 152,Kinghaven,TX,61687,001-216-963-9303x22168,heidi.robinson@kaiserhealth.org,CA69904,IL,05-07-2027,37,TRUE,FALSE,23-04-2022
DOC101719,2959126092,AH3146565,William,Booth,Dr. William Booth,Oncology,Decker Hospital,4125 Gregory Plains Apt. 340,South Baileyland,NY,78212,945-357-6696x2536,william.booth@kaiserhealth.org,OH61215,PA,07-12-2027,36,TRUE,FALSE,16-08-2025
DOC101720,1304995043,SU6416450,David,Taylor,Dr. David Taylor,Gastroenterology,Torres Hospital,417 James Wall Apt. 300,East Kelly,CA,23866,(537)716-6433,david.taylor@kaiserhealth.org,TX83864,PA,24-05-2031,17,TRUE,FALSE,19-03-2022
DOC101721,1230724876,JD2613955,Lisa,Dean,Dr. Lisa Dean,Oncology,Sims-Moore,15292 Walton Branch,Lake Brian,CA,62256,(242)601-1731x01091,lisa.dean@kaiserhealth.org,PA81314,OH,01-03-2029,12,TRUE,FALSE,19-10-2021
DOC101722,1583934083,MJ4278859,Brandon,Rivera,Dr. Brandon Rivera,Gastroenterology,"Mclean, Collins and Peterson",8651 James Ville Suite 372,South Kendra,NC,69877,692.690.2532,brandon.rivera@kaiserhealth.org,NY87268,TX,29-09-2029,5,TRUE,FALSE,13-02-2026
DOC101723,2569325962,QP2236831,Amy,Mcfarland,Dr. Amy Mcfarland,Endocrinology,Mejia-Ortiz,7765 Lewis Knoll Apt. 891,Rodneyland,CA,22283,+1-645-934-7491x1608,amy.mcfarland@kaiserhealth.org,PA40237,IL,23-10-2029,12,TRUE,FALSE,09-07-2022
DOC101724,2578022801,QR1062945,Angela,Thomas,Dr. Angela Thomas,Oncology,Day Hospital,944 Mccormick Shores Suite 848,Kristenfurt,TX,81671,001-344-651-4215x7299,angela.thomas@kaiserhealth.org,OH96578,MI,22-01-2028,23,TRUE,FALSE,20-09-2024
DOC101725,1534143910,GF3186679,Jennifer,Castillo,Dr. Jennifer Castillo,Oncology,Harris PLC,3827 Floyd Shore,Wilsonberg,CA,28230,001-295-854-5259x1372,jennifer.castillo@kaiserhealth.org,OH93850,GA,15-11-2030,21,TRUE,FALSE,24-06-2025
DOC101726,1011040838,JH7826018,Scott,Valencia,Dr. Scott Valencia,Hematology,Brown PLC,039 Jonathan Points Suite 207,Tanyaborough,GA,74316,391-593-8289,scott.valencia@kaiserhealth.org,GA91379,PA,03-04-2031,19,TRUE,FALSE,21-03-2024
DOC101727,2225393922,JE5777277,Alexander,Young,Dr. Alexander Young,Oncology,"Turner, Little and Morris",0681 Davis Corners,Robertmouth,PA,66328,666-621-7627x24381,alexander.young@kaiserhealth.org,GA98401,PA,16-03-2031,8,TRUE,FALSE,30-07-2024
DOC101728,1885211484,PB3638396,Robert,Petersen,Dr. Robert Petersen,Gastroenterology,Miller-Singleton,975 Debra Cliff Suite 463,New Jose,GA,43011,350-512-2219x8848,robert.petersen@kaiserhealth.org,NC76256,IL,31-10-2027,16,TRUE,FALSE,02-08-2022
DOC101729,1475983589,KQ7069392,Teresa,Moyer,Dr. Teresa Moyer,Gastroenterology,"Sanchez, Spencer and Meyer",92220 Jennifer Inlet,Port Vincentchester,PA,78111,606.283.8282x667,teresa.moyer@kaiserhealth.org,FL27144,CA,28-05-2030,14,FALSE,FALSE,26-08-2021
DOC101730,2461679467,WQ8189863,Elizabeth,George,Dr. Elizabeth George,Infectious Disease,"Castillo, Walker and Vazquez",625 Garza Street Apt. 213,Martinborough,NY,7290,825-534-3646,elizabeth.george@kaiserhealth.org,FL85260,PA,22-06-2029,23,TRUE,FALSE,07-01-2022
DOC101731,2921185723,WL0194737,Ronald,Walters,Dr. Ronald Walters,Oncology,Evans-Johnson,8221 Christine Green,Stephaniefort,MI,24165,7557532168,ronald.walters@kaiserhealth.org,OH28040,OH,04-11-2028,17,TRUE,FALSE,02-07-2021
DOC101732,2549977917,TW2200810,Eric,Colon,Dr. Eric Colon,Oncology,"Mitchell, Richardson and Gomez",607 Eduardo Points,Kimberlyshire,NY,26623,001-228-386-6898,eric.colon@kaiserhealth.org,IL33318,NC,18-08-2027,31,TRUE,FALSE,23-11-2024
DOC101733,1625157595,DJ9096710,Cynthia,Peterson,Dr. Cynthia Peterson,Gastroenterology,"White, Cooper and Friedman",52361 Parrish Track,South Mariabury,CA,86039,607.227.4200x502,cynthia.peterson@kaiserhealth.org,CA44756,PA,08-04-2031,37,TRUE,FALSE,04-04-2025
DOC101734,1422749665,YX2948305,Ashley,Forbes,Dr. Ashley Forbes,Oncology,"Browning, Wells and Hoffman",48591 Barton Burg,Michelleburgh,CA,39286,-5164,ashley.forbes@kaiserhealth.org,NY86850,GA,10-07-2027,14,TRUE,FALSE,07-11-2025
DOC101735,1234335367,MX7777342,Michele,Solomon,Dr. Michele Solomon,Infectious Disease,"Ford, Briggs and Malone",6992 Brittany Rue,South Crystal,PA,76826,8165884047,michele.solomon@kaiserhealth.org,NC73190,PA,21-06-2028,8,TRUE,FALSE,04-08-2021
DOC101736,1049791407,RC2806199,Kimberly,Holt,Dr. Kimberly Holt,Oncology,"Collins, Schroeder and Carlson",59284 Tanner Light Suite 741,Rogersmouth,GA,37191,(367)385-6371x64361,kimberly.holt@kaiserhealth.org,IL61685,OH,20-03-2029,31,TRUE,FALSE,25-11-2025
DOC101737,2472171243,MN6830325,Miguel,Cochran,Dr. Miguel Cochran,Oncology,Collins Group,8747 Leonard Route,West Jessica,CA,27242,(551)301-1028,miguel.cochran@kaiserhealth.org,MI58721,TX,01-11-2030,28,TRUE,FALSE,10-10-2023
DOC101738,2673507810,XR2839476,Ashley,Mejia,Dr. Ashley Mejia,Oncology,Jones-Miller,17474 Wanda Spur,Carrollville,OH,77576,623-980-2124x582,ashley.mejia@kaiserhealth.org,NY34040,OH,07-09-2030,10,TRUE,FALSE,27-07-2021
DOC101739,1631962756,YK4390951,William,Johnson,Dr. William Johnson,Nephrology,Williams-White,4364 Mark Fall Suite 702,Weberville,PA,82983,546-366-9207x29722,william.johnson@kaiserhealth.org,OH62546,FL,23-07-2030,6,TRUE,FALSE,11-12-2025
DOC101740,2362105164,BQ8704811,Deborah,Bray,Dr. Deborah Bray,Oncology,"Suarez, Mcmahon and Allen",453 Bautista Well Apt. 829,Lake Jameshaven,PA,94780,869-480-2844x02783,deborah.bray@kaiserhealth.org,FL72445,FL,19-04-2030,31,TRUE,FALSE,18-09-2024
DOC101741,1729598677,RY0554899,Andrea,Velez,Dr. Andrea Velez,Oncology,Williamson-Phillips,9044 Nguyen Key Apt. 792,Shannontown,GA,57031,4829382000,andrea.velez@kaiserhealth.org,NY33874,MI,11-10-2029,29,TRUE,FALSE,26-07-2021
DOC101742,1548270029,HG1326893,Robert,Olson,Dr. Robert Olson,Hematology,"Taylor, Adams and Edwards",09222 David Passage Apt. 690,Port Stephanie,IL,70824,622.432.7234,robert.olson@kaiserhealth.org,OH12583,TX,20-08-2028,9,TRUE,FALSE,06-02-2022
DOC101743,2157712918,JF5195617,Rachel,Ibarra,Dr. Rachel Ibarra,Infectious Disease,Black PLC,8994 Vicki Expressway,Lake Stephanie,CA,17134,(984)366-1999,rachel.ibarra@kaiserhealth.org,PA83134,MI,09-09-2027,15,TRUE,FALSE,26-10-2025
DOC101744,2528587063,AX2282933,Jasmine,Miranda,Dr. Jasmine Miranda,Rheumatology,Gonzalez-Zuniga,37521 Cooper Knolls,Jonathanberg,TX,20729,900.548.9974x4225,jasmine.miranda@kaiserhealth.org,NC67518,NC,19-08-2027,36,TRUE,FALSE,09-05-2023
DOC101745,1596472684,RJ6455072,Travis,Robertson,Dr. Travis Robertson,Gastroenterology,Holland-Warren,3200 Hopkins Village Apt. 077,South Julie,FL,50548,558.759.8771x5733,travis.robertson@kaiserhealth.org,NY11285,NY,10-06-2028,40,FALSE,FALSE,05-10-2025
DOC101746,1880875645,AX5810580,Jason,Cannon,Dr. Jason Cannon,Cardiology,"Levy, Lopez and Ferguson",056 Shelton Mount Suite 192,Crosbyhaven,CA,16203,(707)496-2480,jason.cannon@kaiserhealth.org,NC94115,NC,05-03-2028,31,TRUE,FALSE,22-09-2023
DOC101747,2447619378,TP6364653,Diane,Webster,Dr. Diane Webster,Oncology,Simmons-Berg,2017 Bryce Mission,Daniellemouth,FL,91404,(677)247-3510x6744,diane.webster@kaiserhealth.org,IL68223,GA,02-11-2030,22,TRUE,FALSE,02-09-2025
DOC101748,2337922628,DV1502374,Stacy,Haynes,Dr. Stacy Haynes,Neurology,Burton-Stone,02492 Emily Stream,North Annbury,NC,40169,587-215-5039,stacy.haynes@kaiserhealth.org,GA42096,IL,20-10-2030,25,TRUE,FALSE,13-06-2023
DOC101749,1194050472,PA9796291,William,Chase,Dr. William Chase,Pulmonology,Lee Hospital,13731 Sarah Ports Suite 048,Port Christinafort,CA,92483,(499)573-2292x780,william.chase@kaiserhealth.org,MI73807,GA,01-04-2031,20,FALSE,FALSE,21-05-2026
DOC101750,2609859198,CQ4736653,Megan,Foster,Dr. Megan Foster,Oncology,"Davis, Williams and White",7863 Kayla Plains Apt. 691,Amyfort,GA,5621,769.386.4449x118,megan.foster@kaiserhealth.org,NC79095,PA,04-09-2027,38,TRUE,FALSE,24-05-2022
DOC101751,2895571319,TJ4496163,Matthew,Caldwell,Dr. Matthew Caldwell,Nephrology,Osborne-Thompson,3018 Alicia Dale Suite 842,North David,PA,84472,001-372-675-2152x7231,matthew.caldwell@kaiserhealth.org,TX54426,GA,09-06-2028,21,TRUE,FALSE,09-12-2023
DOC101752,2437212384,SQ7561918,Carlos,Hughes,Dr. Carlos Hughes,Nephrology,Weaver Group,5972 Alexander Creek Suite 605,Lake Sara,CA,52152,001-957-340-9683x4869,carlos.hughes@kaiserhealth.org,GA53530,PA,24-04-2029,36,TRUE,FALSE,18-12-2023
DOC101753,1229000590,LK5173658,Katherine,Morales,Dr. Katherine Morales,Oncology,Mendez PLC,7360 Allen Views,New Reneeland,IL,2185,8075783182,katherine.morales@kaiserhealth.org,CA52273,MI,10-07-2029,9,TRUE,FALSE,16-08-2023
DOC101754,2424627123,VH3065335,Chad,Fernandez,Dr. Chad Fernandez,Oncology,"Mcgee, Clark and White",81933 Eugene Well Suite 454,Jessicaport,PA,37620,627.287.9244x7717,chad.fernandez@kaiserhealth.org,MI71905,PA,25-03-2029,39,TRUE,FALSE,29-10-2024
DOC101755,2282196087,TR5788273,Angela,Cole,Dr. Angela Cole,Hematology,"Reese, Martinez and Smith",37698 James Lane Apt. 825,North Amy,OH,68368,001-779-309-1281x21263,angela.cole@kaiserhealth.org,FL16213,MI,18-01-2029,35,TRUE,FALSE,10-03-2025
DOC101756,1666097978,LL0044507,Timothy,Johnson,Dr. Timothy Johnson,Endocrinology,Jackson-Fletcher,335 Anderson Trail,Kellyfort,MI,88640,(482)284-0125,timothy.johnson@kaiserhealth.org,OH30588,MI,05-09-2027,6,TRUE,FALSE,02-10-2023
DOC101757,1793226527,SF5463059,John,Williams,Dr. John Williams,Pulmonology,Fernandez PLC,47966 Buck Shore,Palmertown,NY,25764,972-794-0993,john.williams@kaiserhealth.org,PA65752,GA,02-11-2027,12,TRUE,FALSE,23-04-2023
DOC101758,2539872458,CY9870884,Tommy,Tanner,Dr. Tommy Tanner,Oncology,"Nichols, Lang and Moreno",196 Elliott Walks Apt. 845,New Erichaven,CA,95100,896-653-8519x405,tommy.tanner@kaiserhealth.org,PA51343,FL,13-09-2030,40,TRUE,FALSE,12-06-2024
DOC101759,2365972683,VM0705130,Cynthia,Gentry,Dr. Cynthia Gentry,Oncology,Benson Medical Center,75287 Martin Way,Thomasmouth,MI,6702,(425)793-1227,cynthia.gentry@kaiserhealth.org,OH68777,TX,21-08-2028,9,TRUE,FALSE,03-12-2023
DOC101760,1568387027,SL3798214,Erica,Hudson,Dr. Erica Hudson,Oncology,Noble-Garrett,079 Gardner Isle,Kimberlyfort,TX,58213,(239)967-7839,erica.hudson@kaiserhealth.org,IL21071,FL,08-11-2028,35,TRUE,FALSE,07-03-2022
DOC101761,1063908583,BP8483681,Richard,Stephens,Dr. Richard Stephens,Oncology,Simmons-Sullivan,409 Stephen Mountain Apt. 291,Priceside,GA,2469,361.745.4402,richard.stephens@kaiserhealth.org,TX36076,NC,13-02-2029,30,TRUE,FALSE,29-04-2024
DOC101762,2067755957,HL4105772,Andrew,Poole,Dr. Andrew Poole,Oncology,"Mills, Castro and Jones",228 Mary Station Suite 022,West Raven,CA,11249,+1-874-286-3693x80584,andrew.poole@kaiserhealth.org,IL15124,TX,07-07-2029,26,TRUE,FALSE,18-07-2021
DOC101763,1085587235,RS4572080,Donna,Bauer,Dr. Donna Bauer,Oncology,Perez-Lambert,5931 Martin Ways,North Amberview,IL,43309,(931)747-9612x6508,donna.bauer@kaiserhealth.org,NY12151,IL,02-12-2028,10,TRUE,FALSE,17-10-2025
DOC101764,2493166081,PX1155661,Lisa,Lee,Dr. Lisa Lee,Neurology,Garza-Estrada,6809 Rivera Cove,Mitchellport,CA,92932,932.217.7854x5747,lisa.lee@kaiserhealth.org,CA46109,GA,08-03-2029,27,TRUE,FALSE,31-10-2021
DOC101765,1458408922,WR0699064,Abigail,Little,Dr. Abigail Little,Nephrology,Rojas-Arnold,8564 Sarah Walk,Mccarthyport,IL,11288,756-852-7701,abigail.little@kaiserhealth.org,MI41718,PA,08-03-2028,32,TRUE,FALSE,22-10-2024
DOC101766,1363836472,FK5581708,Richard,Avila,Dr. Richard Avila,Neurology,"Medina, Fernandez and Short",9200 Scott Freeway,South Jenniferview,FL,93990,(506)564-9323x75583,richard.avila@kaiserhealth.org,PA18470,IL,17-06-2028,16,TRUE,FALSE,02-04-2022
DOC101767,2639000453,UY8048867,Joseph,Wright,Dr. Joseph Wright,Oncology,Howard Hospital,282 Shelley Valley Suite 665,West Vincent,PA,59281,001-510-490-0281x000,joseph.wright@kaiserhealth.org,NY49530,CA,04-09-2030,29,TRUE,FALSE,19-01-2025
DOC101768,2099873170,US1668813,Raymond,Sweeney,Dr. Raymond Sweeney,Oncology,Castro-Romero,4991 Dudley Divide Suite 765,East Michelleport,FL,21709,(701)422-9153x537,raymond.sweeney@kaiserhealth.org,NC48542,OH,17-07-2029,11,TRUE,FALSE,11-02-2022
DOC101769,1501645466,EM7312536,Susan,Marshall,Dr. Susan Marshall,Cardiology,Mcgee-Odonnell,42933 Daniel Skyway Apt. 701,Murrayport,TX,40937,(908)534-8649x1750,susan.marshall@kaiserhealth.org,GA62747,MI,25-11-2027,37,TRUE,FALSE,14-08-2022
DOC101770,1295794745,BT0989717,Susan,Walker,Dr. Susan Walker,Oncology,Nash-Perez,2174 Danielle Villages Apt. 751,Danielview,FL,74049,001-866-289-8239x7327,susan.walker@kaiserhealth.org,NY54151,GA,04-03-2028,11,FALSE,FALSE,19-12-2025
DOC101771,1426144716,LB4415264,Kelly,Weber,Dr. Kelly Weber,Pulmonology,Lewis-Ward,012 Diane Skyway Apt. 499,Davidborough,PA,44656,001-953-201-9654,kelly.weber@kaiserhealth.org,NC92951,TX,05-12-2028,31,TRUE,FALSE,17-12-2023
DOC101772,2541913780,JV8762093,Tara,Ward,Dr. Tara Ward,Gastroenterology,"Matthews, Garcia and Edwards",20388 Smith Mission,East Marychester,FL,3407,721-421-0046x8797,tara.ward@kaiserhealth.org,GA42313,MI,03-11-2027,30,FALSE,FALSE,02-11-2021
DOC101773,1427607414,PJ4026135,Rachael,Fox,Dr. Rachael Fox,Oncology,"Reynolds, Evans and Reed",686 Ian River Apt. 544,South Christopherstad,IL,50669,939.429.3690x7064,rachael.fox@kaiserhealth.org,TX52670,PA,15-07-2030,26,TRUE,FALSE,16-07-2023
DOC101774,1262138415,MC0954252,Matthew,Warren,Dr. Matthew Warren,Hematology,"Lopez, Hoffman and Whitehead",75204 Webb Canyon Suite 830,Myersmouth,PA,33093,(555)438-2743,matthew.warren@kaiserhealth.org,CA58207,OH,17-06-2030,39,TRUE,FALSE,07-11-2024
DOC101775,1848207271,EN3340293,Kathryn,Martin,Dr. Kathryn Martin,Oncology,Rogers Group,8373 Paula Fort,North Jordanchester,NC,34135,(275)503-8095x41852,kathryn.martin@kaiserhealth.org,NY42536,TX,25-12-2029,31,TRUE,FALSE,14-09-2025
DOC101776,2332627767,KP9588194,Daniel,Williams,Dr. Daniel Williams,Infectious Disease,Holt Medical Center,3305 Brandy Center Apt. 409,Terryton,NC,96060,476.984.8655x84225,daniel.williams@kaiserhealth.org,GA93907,GA,14-05-2029,23,TRUE,FALSE,24-10-2024
DOC101777,1944993136,RM7266849,Alexandra,Mcdonald,Dr. Alexandra Mcdonald,Oncology,Steele-Skinner,2927 Peterson Corners Apt. 252,Summersport,PA,80426,322-621-6609x523,alexandra.mcdonald@kaiserhealth.org,FL62997,OH,01-02-2030,33,TRUE,FALSE,25-02-2026
DOC101778,1203161317,QV0534038,Shannon,Barker,Dr. Shannon Barker,Gastroenterology,Francis Ltd,577 Dean Crest,West Brent,FL,77779,786.736.2317,shannon.barker@kaiserhealth.org,FL36175,NY,13-05-2028,25,TRUE,FALSE,08-05-2023
DOC101779,1801664802,HP2801938,Jessica,Gonzalez,Dr. Jessica Gonzalez,Oncology,Durham-Mcgrath,06585 Shawn Unions Suite 546,West Ericaside,MI,75209,530.837.8581x4429,jessica.gonzalez@kaiserhealth.org,PA35421,NY,04-10-2029,12,TRUE,FALSE,21-06-2025
DOC101780,1978157341,LU1066086,Robert,Hanson,Dr. Robert Hanson,Endocrinology,Edwards-Stewart,55510 Galvan Valley,New Adrianafurt,CA,14185,958-489-0171,robert.hanson@kaiserhealth.org,OH56296,CA,06-01-2030,23,TRUE,FALSE,17-05-2025
DOC101781,1622478922,LD8261350,Rebecca,Colon,Dr. Rebecca Colon,Infectious Disease,"Lopez, Perry and Lewis",6242 Peter Landing,Port Colinfort,TX,55218,+1-605-943-5268x219,rebecca.colon@kaiserhealth.org,NY17909,NC,07-11-2027,23,TRUE,FALSE,12-06-2026
DOC101782,2799706298,CB9975268,Jessica,Schwartz,Dr. Jessica Schwartz,Infectious Disease,"Wright, Crawford and Garcia",25759 David Falls Apt. 034,West Robertview,OH,27285,372-810-4631,jessica.schwartz@kaiserhealth.org,PA16503,NC,26-09-2030,18,TRUE,FALSE,13-05-2025
DOC101783,1682140737,GB8714390,Monica,Pearson,Dr. Monica Pearson,Neurology,"Medina, Nichols and Rosales",54459 Daniel Coves Apt. 125,Racheltown,MI,76177,001-673-241-3505,monica.pearson@kaiserhealth.org,CA89006,TX,29-05-2029,6,FALSE,FALSE,30-12-2024
DOC101784,2626070247,KS5798889,Jonathan,Dyer,Dr. Jonathan Dyer,Endocrinology,Santos Ltd,294 Robert Spurs Apt. 314,Rebeccabury,NY,99288,+1-648-707-2078x458,jonathan.dyer@kaiserhealth.org,FL32051,GA,10-10-2029,19,TRUE,FALSE,22-01-2024
DOC101785,2229322972,LJ0149384,Brian,Anderson,Dr. Brian Anderson,Hematology,Cortez-Krause,18066 Martinez Fall,Garzaport,PA,33850,551-290-6774x210,brian.anderson@kaiserhealth.org,IL40765,NY,07-04-2029,37,TRUE,FALSE,09-04-2023
DOC101786,2594780079,FJ6366983,Jennifer,Phillips,Dr. Jennifer Phillips,Hematology,"Burns, Smith and Santiago",57542 Steve Garden Suite 349,Martinezport,PA,68864,(989)683-2253x50227,jennifer.phillips@kaiserhealth.org,PA93692,PA,07-04-2030,6,TRUE,FALSE,09-11-2024
DOC101787,2838750077,BV9031721,Danielle,Smith,Dr. Danielle Smith,Cardiology,Holmes Group,70587 Chandler Dam,East Kristina,FL,89996,+1-920-504-0234x2033,danielle.smith@kaiserhealth.org,PA87012,NC,06-11-2029,5,TRUE,FALSE,23-01-2024
DOC101788,1315696401,BC4601933,Nathan,Tate,Dr. Nathan Tate,Rheumatology,Howard Medical Center,15638 Richard Mall,Danielleborough,CA,53860,686-694-9199x78513,nathan.tate@kaiserhealth.org,CA66987,TX,26-11-2030,16,TRUE,FALSE,05-03-2024
DOC101789,2093164266,HH1614082,Jessica,Wright,Dr. Jessica Wright,Neurology,Carlson Group,75942 Christopher Rue Suite 166,Hallport,NY,24719,909.211.5416x82497,jessica.wright@kaiserhealth.org,CA18363,GA,17-09-2030,10,TRUE,FALSE,10-07-2024
DOC101790,1994574051,VX9508190,Erica,Green,Dr. Erica Green,Oncology,"Wilson, Glass and Frederick",65476 Davis Falls Suite 749,South Michaelbury,CA,46170,538-534-5629,erica.green@kaiserhealth.org,OH67799,FL,12-10-2028,27,TRUE,FALSE,05-04-2024
DOC101791,2359517635,FJ1302286,Robert,Rivera,Dr. Robert Rivera,Hematology,Schwartz-Hernandez,94760 Bradley Mission,Hooperstad,NY,88318,001-961-824-9833x44146,robert.rivera@kaiserhealth.org,CA62016,OH,20-12-2029,25,TRUE,FALSE,27-03-2023
DOC101792,1249235777,KC4905717,William,Hernandez,Dr. William Hernandez,Rheumatology,"Martin, Gilbert and Aguirre",3529 April Fork,Port Jessicafurt,FL,90731,+1-986-374-4786x87320,william.hernandez@kaiserhealth.org,TX26843,GA,04-10-2029,36,TRUE,FALSE,26-03-2022
DOC101793,2261587898,VY1683171,Theresa,Powell,Dr. Theresa Powell,Rheumatology,King-Wilson,9718 Parks Station,West Jeremyshire,NY,73390,+1-774-305-4191x99949,theresa.powell@kaiserhealth.org,NY18741,IL,05-02-2031,15,TRUE,FALSE,14-07-2022
DOC101794,1248454673,CX3717419,Rose,Roberts,Dr. Rose Roberts,Oncology,Miller-Anderson,0451 Mary Pine Suite 893,Johnsonville,CA,6983,001-435-674-3189x1004,rose.roberts@kaiserhealth.org,OH88264,PA,16-03-2029,24,FALSE,FALSE,21-10-2021
DOC101795,2085703401,WC7617061,Mary,Martinez,Dr. Mary Martinez,Oncology,Weaver Hospital,997 Richard Well Apt. 150,North Angelachester,CA,58481,7426957903,mary.martinez@kaiserhealth.org,NY23569,TX,07-05-2030,33,TRUE,FALSE,20-11-2021
DOC101796,1181720357,UN5640019,Maria,Hughes,Dr. Maria Hughes,Cardiology,Reese PLC,59848 Ross Road,New Jenniferchester,PA,37539,001-584-912-1234x96059,maria.hughes@kaiserhealth.org,IL27023,OH,04-09-2027,8,TRUE,FALSE,29-10-2024
DOC101797,2824116434,YF4114754,Dustin,Thomas,Dr. Dustin Thomas,Infectious Disease,Taylor-Nelson,1138 Brown Islands,Garciachester,CA,21695,+1-684-875-4870x096,dustin.thomas@kaiserhealth.org,TX46012,NC,31-12-2027,14,TRUE,FALSE,07-10-2023
DOC101798,1642116846,BH8951592,Nicholas,Bishop,Dr. Nicholas Bishop,Oncology,"Sanchez, Ballard and Hunt",0166 Spencer Trace Suite 778,Jerryberg,CA,40728,+1-575-439-3036x199,nicholas.bishop@kaiserhealth.org,OH61237,PA,07-02-2029,14,TRUE,FALSE,05-09-2021
DOC101799,2464533164,UL0605411,John,Weaver,Dr. John Weaver,Neurology,"Singh, Joyce and Chen",423 Nichols Mission Apt. 371,Joneschester,CA,42698,-7673,john.weaver@kaiserhealth.org,NY39329,IL,06-12-2028,32,TRUE,FALSE,25-01-2024
DOC101800,1107890786,UX5760188,Mark,Stewart,Dr. Mark Stewart,Oncology,Walker-Cruz,3813 Laura Valleys,East Jason,CA,8118,921-503-7998x2048,mark.stewart@kaiserhealth.org,IL23956,PA,13-08-2029,22,TRUE,FALSE,19-11-2021
DOC101801,2473343597,HP9701685,Rose,Davis,Dr. Rose Davis,Oncology,Harris Group,775 Christopher Rapid,New Marissa,PA,81898,(692)701-3370,rose.davis@kaiserhealth.org,FL20027,GA,03-04-2031,25,TRUE,FALSE,12-07-2025
DOC101802,1937011859,NT9740952,Nicole,Reeves,Dr. Nicole Reeves,Oncology,"Tran, Morris and Bradshaw",491 Tina Rapids Apt. 823,Rileyport,CA,82186,282.268.3138,nicole.reeves@kaiserhealth.org,PA96140,PA,14-07-2030,7,TRUE,FALSE,08-05-2023
DOC101803,2928184726,NS0639924,Sheila,Hart,Dr. Sheila Hart,Cardiology,Hardin Ltd,361 Ball Circle Suite 761,Nicolechester,OH,11934,+1-458-418-1106x99429,sheila.hart@kaiserhealth.org,NY21846,MI,15-06-2031,27,TRUE,FALSE,03-07-2023
DOC101804,1627890880,NS3112179,Bryan,Oliver,Dr. Bryan Oliver,Rheumatology,"Wagner, Joseph and Harrell",201 Wendy Points,North Timothybury,MI,19889,001-227-547-8301x9441,bryan.oliver@kaiserhealth.org,TX82667,TX,19-10-2028,15,TRUE,FALSE,15-10-2023
DOC101805,1256772503,SM6162714,John,Morgan,Dr. John Morgan,Cardiology,Carter-Adams,78584 Goodman Cape Apt. 392,North Brian,FL,9119,(571)691-0439x792,john.morgan@kaiserhealth.org,IL32867,GA,29-04-2031,36,TRUE,FALSE,07-04-2022
DOC101806,1573742142,AV4207937,Anthony,Burgess,Dr. Anthony Burgess,Pulmonology,Bird Hospital,0596 Daniel Lane,South Mary,NY,38961,918-477-6896x1768,anthony.burgess@kaiserhealth.org,PA95129,NC,21-11-2029,34,TRUE,FALSE,15-01-2025
DOC101807,2250592530,UM5877993,David,Melton,Dr. David Melton,Infectious Disease,Jackson-Willis,810 Haley Inlet Apt. 008,West Samantha,CA,83792,(430)765-1176,david.melton@kaiserhealth.org,TX74036,FL,23-04-2031,34,TRUE,FALSE,04-07-2022
DOC101808,2238161292,CH5111330,Luis,Hernandez,Dr. Luis Hernandez,Cardiology,"Palmer, Galloway and Collins",54690 Cameron Parkways Suite 951,Goodmantown,CA,34482,(904)773-0878,luis.hernandez@kaiserhealth.org,GA53014,FL,12-06-2031,28,FALSE,FALSE,29-07-2022
DOC101809,1246948412,GE2232087,Paul,Martin,Dr. Paul Martin,Neurology,"Boyd, King and Wilson",358 Michelle Springs,North Jasonfort,CA,2476,2238358235,paul.martin@kaiserhealth.org,PA72195,CA,27-03-2028,24,TRUE,FALSE,24-06-2025
DOC101810,1370858783,RV2131682,Kyle,Miller,Dr. Kyle Miller,Endocrinology,Kennedy-Brown,86041 Garcia Fork,Marybury,OH,93992,591-589-2455x7464,kyle.miller@kaiserhealth.org,CA77615,CA,23-06-2028,18,TRUE,FALSE,22-12-2021
DOC101811,2193178449,TT3803747,Joseph,Smith,Dr. Joseph Smith,Oncology,Estrada Ltd,181 Bates Keys Apt. 506,New Edwin,NC,70674,+1-309-494-9194x37333,joseph.smith@kaiserhealth.org,NY22545,FL,17-12-2030,18,TRUE,FALSE,27-03-2023
DOC101812,2946245540,QR0053558,Heidi,James,Dr. Heidi James,Oncology,Rogers-Parsons,022 Danielle Brook Suite 384,Mckayshire,TX,91726,(779)351-3246,heidi.james@kaiserhealth.org,FL44576,NC,26-10-2029,11,TRUE,FALSE,06-02-2023
DOC101813,1829385028,JR7982587,Felicia,Johns,Dr. Felicia Johns,Rheumatology,"Garcia, Graham and Soto",40798 Joshua Avenue,Underwoodland,CA,90606,+1-860-510-8317x3499,felicia.johns@kaiserhealth.org,GA19194,PA,29-03-2028,32,TRUE,FALSE,22-04-2022
DOC101814,1533070666,XR0633119,Micheal,Walker,Dr. Micheal Walker,Cardiology,Atkinson Group,17528 Garcia Ferry Apt. 400,East Lawrenceborough,CA,65252,001-958-618-3500x228,micheal.walker@kaiserhealth.org,NY23677,MI,20-07-2027,26,TRUE,FALSE,03-01-2026
DOC101815,1093731340,HR7917037,Brittany,Watson,Dr. Brittany Watson,Oncology,"Freeman, Warner and Sharp",51802 Collins Creek,Brendaside,FL,93444,541.463.4477x92796,brittany.watson@kaiserhealth.org,CA64285,NY,09-07-2027,39,TRUE,FALSE,08-06-2024
DOC101816,1045820721,NF4742468,Miguel,Miller,Dr. Miguel Miller,Oncology,Yang-Marshall,3304 John Groves Apt. 598,Lake Paul,GA,62163,243-237-3140x2903,miguel.miller@kaiserhealth.org,FL29324,PA,24-10-2029,25,TRUE,FALSE,26-05-2022
DOC101817,2529905367,VW1207209,Krystal,Hogan,Dr. Krystal Hogan,Rheumatology,Lawson Medical Center,407 Brooks Ports,Medinachester,GA,22549,763-548-4430,krystal.hogan@kaiserhealth.org,NC96695,MI,10-10-2028,6,TRUE,FALSE,18-09-2023
DOC101818,2508199684,JL6578174,Sarah,Walters,Dr. Sarah Walters,Pulmonology,Compton-Stafford,238 Allison Place,South Christophermouth,TX,86083,995-388-0732,sarah.walters@kaiserhealth.org,CA51234,IL,20-10-2028,8,FALSE,FALSE,25-09-2024
DOC101819,2155674092,BD6759930,Jeffrey,Cooper,Dr. Jeffrey Cooper,Oncology,Ferguson Group,87203 James Fork Apt. 270,Chelseabury,NY,18930,240.426.5585x9245,jeffrey.cooper@kaiserhealth.org,FL43750,NY,01-07-2028,24,TRUE,FALSE,09-08-2023
DOC101820,2806709144,PM4840000,David,Romero,Dr. David Romero,Pulmonology,"Gomez, Ramirez and Herrera",1438 Thomas Oval,Rebeccaton,CA,77347,001-644-271-8132,david.romero@kaiserhealth.org,CA48389,OH,23-03-2029,21,TRUE,FALSE,08-10-2022
DOC101821,2976834875,FM6048992,Nicole,Bowen,Dr. Nicole Bowen,Pulmonology,Davis-Robinson,3370 Michelle Islands Suite 563,Crystalville,CA,35253,457-471-8074,nicole.bowen@kaiserhealth.org,OH27635,PA,10-09-2030,33,TRUE,FALSE,05-02-2023
DOC101822,1380795118,DF1652508,Christine,Patterson,Dr. Christine Patterson,Cardiology,Taylor-Walters,419 William Ville,Port Tiffany,PA,36952,574-956-5992x50763,christine.patterson@kaiserhealth.org,MI53240,MI,13-01-2031,6,TRUE,FALSE,16-06-2023
DOC101823,1507174164,RR6310323,Robert,Bradford,Dr. Robert Bradford,Cardiology,Brooks and Sons,21463 Victor Run Apt. 958,Port Andrew,MI,23007,001-986-632-3102x65574,robert.bradford@kaiserhealth.org,GA62691,GA,26-05-2030,8,TRUE,FALSE,21-12-2023
DOC101824,2616844469,PK5892441,Carrie,Foster,Dr. Carrie Foster,Oncology,Perez-Dougherty,0834 Gary Village,Ballardtown,FL,81460,593.749.6479,carrie.foster@kaiserhealth.org,TX76648,NY,05-06-2028,10,TRUE,FALSE,08-05-2024
DOC101825,1724479297,YL9144894,Miranda,Martin,Dr. Miranda Martin,Oncology,Harmon Hospital,626 Bruce Pine,South Jessica,CA,8563,536-419-1667,miranda.martin@kaiserhealth.org,MI96579,IL,12-11-2030,29,TRUE,FALSE,15-09-2022
DOC101826,2639248878,AW7376764,David,Doyle,Dr. David Doyle,Oncology,Banks-Sloan,414 Tucker Street Apt. 045,East Terri,CA,58490,001-869-279-1627x6243,david.doyle@kaiserhealth.org,FL69344,NC,13-09-2030,7,TRUE,FALSE,26-11-2024
DOC101827,2251918716,ET9747676,Jeffrey,Johnson,Dr. Jeffrey Johnson,Oncology,Lawrence-Gould,38917 Fischer Shores,Michellebury,OH,82042,(811)987-8162,jeffrey.johnson@kaiserhealth.org,CA90034,NY,11-05-2029,12,TRUE,FALSE,14-05-2023
DOC101828,2264259931,QP9708567,Mark,Chambers,Dr. Mark Chambers,Rheumatology,Gomez Ltd,44685 Benjamin Hill Suite 947,New Jim,MI,85363,(816)562-9087x9296,mark.chambers@kaiserhealth.org,NY13428,PA,01-04-2030,32,TRUE,FALSE,15-02-2025
DOC101829,1967044777,DJ0577025,Jessica,Burns,Dr. Jessica Burns,Oncology,Hall-Brooks,2736 Andrew Unions,Wardtown,NY,34164,2843138389,jessica.burns@kaiserhealth.org,PA58303,IL,12-10-2027,21,TRUE,FALSE,27-05-2025
DOC101830,1998575256,WG7448455,Logan,Hernandez,Dr. Logan Hernandez,Rheumatology,"Brewer, Smith and Duke",077 Martinez Path Apt. 561,Simmonston,GA,22926,-3705,logan.hernandez@kaiserhealth.org,OH98226,OH,03-05-2029,18,TRUE,FALSE,16-03-2022
DOC101831,2420509530,XQ2772827,Teresa,Gutierrez,Dr. Teresa Gutierrez,Oncology,Kennedy Hospital,6265 Olsen Hills Apt. 883,Port Ashley,MI,26415,+1-784-909-9126x91764,teresa.gutierrez@kaiserhealth.org,PA98113,NC,21-05-2029,40,TRUE,FALSE,07-01-2024
DOC101832,2266036698,AW2764482,Gary,Clark,Dr. Gary Clark,Nephrology,Bradley-Friedman,705 Mcdonald Causeway,South Joseph,IL,51410,001-352-896-7947x189,gary.clark@kaiserhealth.org,FL57232,CA,28-03-2029,8,FALSE,FALSE,03-02-2026
DOC101833,2165377784,EJ7164919,Bradley,Hall,Dr. Bradley Hall,Cardiology,"Wilson, Blackburn and Johnson",9776 Pugh Cape,East Ethantown,OH,85481,764.723.8223,bradley.hall@kaiserhealth.org,FL99175,OH,06-04-2028,26,TRUE,FALSE,11-09-2022
DOC101834,2259250169,CM6978079,Anthony,Collins,Dr. Anthony Collins,Gastroenterology,Gay Hospital,12025 Cooke Rue Apt. 941,East Ashleyfurt,TX,44187,552-855-1765x698,anthony.collins@kaiserhealth.org,FL17008,GA,13-10-2028,7,TRUE,FALSE,31-03-2024
DOC101835,1334902374,HF6924941,Anthony,Greene,Dr. Anthony Greene,Oncology,Russell PLC,7203 Justin Flat Apt. 614,Port Gregory,CA,66089,(389)494-7099x069,anthony.greene@kaiserhealth.org,NY59720,MI,11-06-2028,27,FALSE,FALSE,06-07-2025
DOC101836,1129464031,DT2879146,Charles,Scott,Dr. Charles Scott,Rheumatology,"Brown, Davis and Garcia",6890 Mckinney Pines Suite 858,East Carolberg,CA,84970,779.505.3875x189,charles.scott@kaiserhealth.org,PA22568,NY,08-08-2030,14,TRUE,FALSE,21-08-2023
DOC101837,1390596669,JE3943837,Susan,Fritz,Dr. Susan Fritz,Rheumatology,"Hayes, Crane and Hall",733 Michelle Glen Apt. 432,Danielport,IL,83819,810-442-3200x8658,susan.fritz@kaiserhealth.org,TX79455,NC,16-06-2030,24,TRUE,FALSE,10-02-2023
DOC101838,2734850302,QR2179316,Sheila,Green,Dr. Sheila Green,Oncology,Warren-Gilbert,11474 Harrison Walks Suite 325,Lake Courtneyville,PA,44196,(617)931-2432x19792,sheila.green@kaiserhealth.org,CA53254,PA,10-12-2030,17,TRUE,FALSE,19-11-2024
DOC101839,2992448372,NT7793889,Vicki,Ford,Dr. Vicki Ford,Pulmonology,Perez Ltd,005 Meyer Groves,Port Shanefort,MI,28068,206-397-5413x263,vicki.ford@kaiserhealth.org,NY32474,NC,30-11-2030,32,TRUE,FALSE,19-03-2024
DOC101840,2747869104,AQ6296965,Sarah,Bartlett,Dr. Sarah Bartlett,Endocrinology,"Arroyo, Molina and Anderson",92213 Natalie Burgs,Elizabethton,IL,28888,+1-986-507-2943x0628,sarah.bartlett@kaiserhealth.org,NY51516,GA,11-10-2030,19,TRUE,FALSE,30-10-2023
DOC101841,1204041071,UC2943370,Matthew,Taylor,Dr. Matthew Taylor,Oncology,Mckenzie-Mendez,558 Porter Stravenue,North Nicolas,OH,5692,+1-427-286-3487x6561,matthew.taylor@kaiserhealth.org,PA67383,NC,21-06-2031,11,TRUE,FALSE,19-12-2024
DOC101842,2355019353,CX1015845,Catherine,English,Dr. Catherine English,Oncology,Mueller-Moore,09531 Gates Isle,Lambfort,GA,94493,-4340,catherine.english@kaiserhealth.org,FL22009,FL,08-03-2030,35,TRUE,FALSE,21-01-2026
DOC101843,1174931756,AR3021737,Gail,Stone,Dr. Gail Stone,Oncology,Nelson and Sons,247 Flores Village Suite 450,Marcusside,FL,68351,698-606-9043x98788,gail.stone@kaiserhealth.org,MI73055,CA,05-10-2030,10,TRUE,FALSE,16-11-2023
DOC101844,1149262189,FF4006138,Megan,Foster,Dr. Megan Foster,Infectious Disease,Kramer PLC,594 Michael Row,North Theresa,PA,69494,001-290-320-7773,megan.foster@kaiserhealth.org,IL87799,OH,24-11-2028,30,TRUE,FALSE,14-06-2023
DOC101845,2143580471,CT0045015,Andrew,Booker,Dr. Andrew Booker,Oncology,Clark Group,0529 Lane Knoll Apt. 841,Port Heather,NY,77563,+1-213-625-3325x8884,andrew.booker@kaiserhealth.org,NY84996,PA,20-09-2030,31,TRUE,FALSE,02-03-2022
DOC101846,1769347796,PB5485625,Roberto,Tucker,Dr. Roberto Tucker,Hematology,Taylor and Sons,54448 Smith Springs,Katherineland,CA,2899,+1-216-781-0713x77973,roberto.tucker@kaiserhealth.org,CA45830,TX,30-06-2031,16,TRUE,FALSE,22-04-2022
DOC101847,2069486175,JD8277114,Janice,Walters,Dr. Janice Walters,Gastroenterology,Smith-Lee,04032 Smith Hollow Apt. 121,Peterschester,CA,93261,+1-234-636-1455x0129,janice.walters@kaiserhealth.org,NY60158,CA,05-07-2028,28,FALSE,FALSE,14-03-2022
DOC101848,1197557082,NR8650444,Rhonda,Rice,Dr. Rhonda Rice,Cardiology,Herrera-Coleman,5646 Patrick Ford Apt. 094,South Williamstad,IL,25482,699-890-8701,rhonda.rice@kaiserhealth.org,IL28009,MI,23-12-2027,21,TRUE,FALSE,16-11-2025
DOC101849,2708805015,DH7862684,Terrence,Richmond,Dr. Terrence Richmond,Oncology,"Thornton, Alvarez and Underwood",6783 Kevin Spurs,Ramirezmouth,GA,4277,582.432.4396x96477,terrence.richmond@kaiserhealth.org,CA48445,TX,22-07-2028,21,TRUE,FALSE,05-09-2025
DOC101850,1420768170,BP8143659,Eric,Hancock,Dr. Eric Hancock,Oncology,"Reeves, Martin and Martin",32406 Zachary Spur,Richardstad,TX,52427,001-727-445-0569,eric.hancock@kaiserhealth.org,FL88114,GA,13-02-2029,30,TRUE,FALSE,16-03-2022
DOC101851,1054171500,RP0175180,Rebecca,Dyer,Dr. Rebecca Dyer,Oncology,"Aguilar, Gonzalez and Levy",58025 Jackson Rapid,Nelsonchester,GA,6730,840-342-4142x6562,rebecca.dyer@kaiserhealth.org,GA82561,IL,14-03-2031,16,TRUE,FALSE,08-11-2024
DOC101852,2576186770,PP7219228,Brian,Powell,Dr. Brian Powell,Neurology,Johnson Ltd,2476 Bonilla Branch,Kimberlyborough,IL,9908,897.583.7476,brian.powell@kaiserhealth.org,MI25377,IL,04-08-2029,18,TRUE,FALSE,06-07-2025
DOC101853,1152725978,HG6740891,Jessica,Bartlett,Dr. Jessica Bartlett,Endocrinology,Torres Ltd,2784 Gregory Plain,Bowmanville,CA,18015,001-682-361-2499x87799,jessica.bartlett@kaiserhealth.org,PA87726,MI,22-12-2029,22,TRUE,FALSE,23-02-2024
DOC101854,2698801225,NE0836108,Heather,Johnson,Dr. Heather Johnson,Oncology,"Arnold, Thompson and Ellis",04086 Whitaker Field Apt. 586,Abigailtown,CA,50102,(847)716-5693,heather.johnson@kaiserhealth.org,TX56881,GA,17-10-2027,7,TRUE,FALSE,17-01-2023
DOC101855,2206370355,VM9151676,Anthony,Baker,Dr. Anthony Baker,Cardiology,Moody-Shaw,647 Smith Manor Suite 202,East Omar,OH,64933,7658381378,anthony.baker@kaiserhealth.org,OH29880,MI,06-06-2030,30,TRUE,FALSE,31-08-2022
DOC101856,2863602536,SR3209225,Sharon,Murphy,Dr. Sharon Murphy,Pulmonology,Diaz Medical Center,045 Robinson Plaza,Marystad,PA,18582,705-200-4510x6660,sharon.murphy@kaiserhealth.org,CA82034,CA,15-12-2029,29,TRUE,FALSE,06-03-2024
DOC101857,1978738718,GW4100066,Ashley,Davidson,Dr. Ashley Davidson,Oncology,Riley Ltd,8832 Stacey Views,Brownville,NC,14566,(886)760-2892x81498,ashley.davidson@kaiserhealth.org,IL77538,IL,11-04-2031,20,TRUE,FALSE,10-03-2025
DOC101858,1004603560,YT9706493,Michelle,Lawrence,Dr. Michelle Lawrence,Hematology,Serrano Group,4836 Joy Cliff,Johnbury,PA,29672,(464)849-3474x3034,michelle.lawrence@kaiserhealth.org,MI10696,IL,23-06-2029,23,TRUE,FALSE,24-02-2026
DOC101859,1583047027,WS9027645,Julie,Adams,Dr. Julie Adams,Cardiology,Solis-Hamilton,55681 Mora Ranch,Parkerton,FL,49005,387.666.0178x296,julie.adams@kaiserhealth.org,CA99866,CA,06-09-2030,25,FALSE,FALSE,02-07-2025
DOC101860,1198575473,TS0842740,Jeremy,Chavez,Dr. Jeremy Chavez,Oncology,"Ball, Hernandez and George",3019 Weber Ways,Randallstad,TX,20489,674-556-5898,jeremy.chavez@kaiserhealth.org,NC31575,NC,29-11-2030,25,TRUE,FALSE,14-03-2026
DOC101861,2255320528,MC5501352,Rodney,Phillips,Dr. Rodney Phillips,Pulmonology,Kirby-Barker,684 Marcia Landing,Macdonaldstad,GA,46017,001-373-781-5679x9728,rodney.phillips@kaiserhealth.org,NY22041,GA,14-06-2031,40,TRUE,FALSE,07-02-2025
DOC101862,2051391841,SA5141200,Christopher,Banks,Dr. Christopher Banks,Hematology,Zhang Ltd,76391 Dawson Trail,Kimberlyfort,CA,27520,001-397-968-7659x64718,christopher.banks@kaiserhealth.org,CA46024,PA,04-01-2029,9,TRUE,FALSE,05-06-2023
DOC101863,1327692689,UJ7387930,Joseph,Carpenter,Dr. Joseph Carpenter,Oncology,Duke PLC,511 Stewart Forge Suite 406,East Davidshire,TX,13778,(426)496-9672x7833,joseph.carpenter@kaiserhealth.org,PA33352,FL,09-02-2029,8,TRUE,FALSE,07-04-2023
DOC101864,1563607124,DG7394912,Theresa,Gonzalez,Dr. Theresa Gonzalez,Rheumatology,"Gutierrez, Black and Torres",812 Bradley Mountains Suite 267,West Tammyshire,NC,11810,+1-347-801-2983x9454,theresa.gonzalez@kaiserhealth.org,NY84382,FL,01-09-2028,32,TRUE,FALSE,13-10-2024
DOC101865,2364365314,LY9456815,Anthony,Jennings,Dr. Anthony Jennings,Oncology,Williams-Reynolds,2853 Anthony Islands Suite 786,Christineberg,NC,20360,(300)665-9774,anthony.jennings@kaiserhealth.org,MI51892,NY,26-08-2028,23,TRUE,FALSE,25-08-2022
DOC101866,1187989763,HX0230423,Danielle,Miller,Dr. Danielle Miller,Neurology,"Shepard, Clark and Mitchell",68721 Johnson Village,Butlerfort,CA,84651,8819796211,danielle.miller@kaiserhealth.org,NC78832,FL,16-12-2027,11,TRUE,FALSE,29-09-2022
DOC101867,2025092704,AA4386668,Joe,Baker,Dr. Joe Baker,Oncology,"Cooper, Perez and Khan",980 Richard Mall Suite 813,Lindseyburgh,CA,22401,001-820-586-1021x30509,joe.baker@kaiserhealth.org,CA75489,TX,21-01-2030,29,TRUE,FALSE,17-05-2026
DOC101868,1757896636,SA5373808,Jorge,Pierce,Dr. Jorge Pierce,Gastroenterology,Moreno-Jones,0824 Turner Streets Suite 943,Larryville,CA,88401,556.466.1962x132,jorge.pierce@kaiserhealth.org,FL34891,CA,18-02-2030,34,TRUE,FALSE,02-09-2024
DOC101869,1477075186,ED0986367,Alejandro,Stark,Dr. Alejandro Stark,Gastroenterology,"Webb, Cruz and Williams",16580 Hernandez Skyway,Gregorymouth,TX,86849,219-638-8309,alejandro.stark@kaiserhealth.org,NC95054,NY,12-12-2028,32,TRUE,FALSE,02-11-2025
DOC101870,2006688127,UB4252846,Christopher,Ortega,Dr. Christopher Ortega,Rheumatology,Monroe-Burke,304 Kimberly Bypass,New Michaelton,NC,46350,(873)911-8765,christopher.ortega@kaiserhealth.org,CA65350,NC,03-06-2031,9,TRUE,FALSE,27-01-2023
DOC101871,1241997970,GD0808348,Jacob,Rodriguez,Dr. Jacob Rodriguez,Oncology,"Price, Rogers and Johnson",410 Sheila Port,Lindashire,MI,79726,+1-322-724-9244x4066,jacob.rodriguez@kaiserhealth.org,NC55317,IL,08-12-2029,21,FALSE,FALSE,31-12-2022
DOC101872,2890483346,LT6726021,Heather,Taylor,Dr. Heather Taylor,Neurology,"Henry, Cruz and Leonard",83825 Barker Crest Suite 321,Lake Timothyview,NY,46382,(205)918-2080x8617,heather.taylor@kaiserhealth.org,NC13873,OH,27-05-2031,32,TRUE,FALSE,09-06-2022
DOC101873,2405997430,SR8037825,James,Walker,Dr. James Walker,Neurology,"Higgins, Ramos and Gonzalez",05703 Cox Trafficway Suite 925,Johnsonburgh,GA,63347,+1-492-390-4699x8117,james.walker@kaiserhealth.org,NY26609,OH,04-04-2030,38,TRUE,FALSE,08-06-2023
DOC101874,1415578137,GY1421756,Timothy,White,Dr. Timothy White,Endocrinology,Ramsey-Reyes,7270 Dustin Highway,North Kristichester,IL,21737,308-630-8320,timothy.white@kaiserhealth.org,GA87883,MI,07-07-2030,22,FALSE,FALSE,03-06-2023
DOC101875,2331782730,MW9766208,Dana,Hood,Dr. Dana Hood,Pulmonology,Herrera Hospital,3118 Jerry Orchard,North Jerry,CA,61141,(398)587-2877,dana.hood@kaiserhealth.org,GA78269,IL,21-05-2031,30,TRUE,FALSE,03-11-2021
DOC101876,1157746621,VV7856525,Kevin,Castaneda,Dr. Kevin Castaneda,Oncology,"Harrison, Ross and Mosley",77964 Jennifer Wells,Mclaughlinmouth,IL,69952,(525)339-9138x541,kevin.castaneda@kaiserhealth.org,TX44480,PA,28-02-2031,40,TRUE,FALSE,30-05-2025
DOC101877,2729299072,EY6794060,Courtney,Green,Dr. Courtney Green,Oncology,"Chambers, Rogers and Hale",4233 Scott Extensions Suite 885,Robintown,PA,69381,792.817.1087x48531,courtney.green@kaiserhealth.org,IL23659,FL,19-09-2028,38,TRUE,FALSE,14-11-2024
DOC101878,1868833923,TX9862254,Helen,Hansen,Dr. Helen Hansen,Infectious Disease,Becker-Holloway,7775 Sonya Trace Apt. 768,West James,NC,36594,681.610.1621x9897,helen.hansen@kaiserhealth.org,OH34473,MI,15-04-2029,31,TRUE,FALSE,07-06-2026
DOC101879,1035657480,TK3714926,Kayla,Harris,Dr. Kayla Harris,Oncology,Castro-Davis,164 Jennifer Brook Suite 044,Darrenfurt,GA,38328,001-323-906-6190,kayla.harris@kaiserhealth.org,FL92168,PA,10-04-2030,5,TRUE,FALSE,22-10-2023
DOC101880,1012664609,PC4909100,Kimberly,Rubio,Dr. Kimberly Rubio,Nephrology,Martin-Flores,7193 Patrick Run Suite 739,Port Allisonstad,NY,25748,589-383-2435x95133,kimberly.rubio@kaiserhealth.org,OH61410,PA,04-05-2031,25,TRUE,FALSE,20-12-2024
DOC101881,2300178462,WR4205225,Julia,Watson,Dr. Julia Watson,Oncology,Gonzalez-Sanchez,9355 Robert Parks Apt. 777,Port Brian,MI,30645,001-371-888-8427,julia.watson@kaiserhealth.org,NC69998,FL,30-07-2030,8,TRUE,FALSE,10-02-2025
DOC101882,1216656910,QB8611713,Leslie,Campbell,Dr. Leslie Campbell,Pulmonology,Howard-Robinson,403 Tucker Rapid,Evansstad,CA,91430,440-566-8994x253,leslie.campbell@kaiserhealth.org,TX56871,CA,08-03-2029,6,TRUE,FALSE,11-06-2026
DOC101883,1276434946,LE6505347,Jesse,Oneill,Dr. Jesse Oneill,Hematology,"Johnson, Garcia and Barnett",13983 Samantha Camp Apt. 565,Mercadoburgh,IL,87742,386.316.0186,jesse.oneill@kaiserhealth.org,NY20707,OH,04-04-2031,5,TRUE,FALSE,27-07-2023
DOC101884,2953887559,WT7592041,Sherri,Tate,Dr. Sherri Tate,Rheumatology,Byrd-Cherry,580 Mcgee Club Suite 047,Allenton,CA,31375,588-449-7416,sherri.tate@kaiserhealth.org,TX79391,TX,13-03-2028,19,TRUE,FALSE,21-12-2025
DOC101885,1643032977,YJ4433294,Lawrence,Russell,Dr. Lawrence Russell,Rheumatology,Underwood and Sons,0235 Monica Stream Apt. 792,North Melissaburgh,GA,70568,001-313-205-1027,lawrence.russell@kaiserhealth.org,NC66175,GA,28-12-2028,23,TRUE,FALSE,04-12-2025
DOC101886,1477246497,ES3419067,Christopher,Stevens,Dr. Christopher Stevens,Oncology,"Andrews, Contreras and Erickson",33094 Ray Station Suite 688,Jessicaborough,CA,34724,+1-564-558-2954x6373,christopher.stevens@kaiserhealth.org,CA88176,MI,25-06-2031,33,TRUE,FALSE,30-07-2021
DOC101887,2298299316,WJ2128265,Bobby,Chandler,Dr. Bobby Chandler,Gastroenterology,Bryant-James,34253 Tina Crossroad Apt. 940,North Christophershire,PA,45584,(607)881-8741,bobby.chandler@kaiserhealth.org,MI71582,CA,22-12-2028,16,TRUE,FALSE,12-01-2025
DOC101888,1055799915,SJ3456512,Margaret,Curtis,Dr. Margaret Curtis,Oncology,Williams-Johnson,373 Padilla Common Suite 353,Michaelview,IL,56601,001-622-228-4766x0097,margaret.curtis@kaiserhealth.org,FL44765,IL,11-12-2029,8,TRUE,FALSE,09-04-2022
DOC101889,2080631395,VW4357845,Deborah,James,Dr. Deborah James,Nephrology,"Perez, Peters and Wood",85940 Lance Pass Suite 560,Paulstad,CA,36000,+1-649-256-9775x56123,deborah.james@kaiserhealth.org,GA37429,NY,09-09-2027,14,TRUE,FALSE,11-03-2022
DOC101890,1112642181,LJ4788937,Kari,Murphy,Dr. Kari Murphy,Hematology,Salazar Hospital,150 Jordan Ramp,Georgeville,CA,19872,001-417-622-0943x4220,kari.murphy@kaiserhealth.org,GA17633,PA,05-03-2031,6,TRUE,FALSE,19-03-2022
DOC101891,2062632762,JY3265720,Emily,Kelley,Dr. Emily Kelley,Hematology,Ford-Luna,41372 Benjamin Squares Suite 357,Lake Jasonland,MI,66186,774.597.8953x525,emily.kelley@kaiserhealth.org,NC16891,IL,08-12-2030,36,TRUE,FALSE,15-03-2024
DOC101892,1798775239,UV6369184,Mario,Doyle,Dr. Mario Doyle,Rheumatology,"Peterson, Edwards and Garcia",60438 Martinez Heights Apt. 088,Angelafurt,IL,96264,8645144250,mario.doyle@kaiserhealth.org,IL24107,MI,20-07-2028,39,TRUE,FALSE,20-09-2025
DOC101893,2792826290,DP5159952,Martin,Tucker,Dr. Martin Tucker,Hematology,"Williams, Nguyen and Kelly",806 Ashley Pike,Martinstad,IL,1385,+1-252-796-5370x4768,martin.tucker@kaiserhealth.org,GA81223,GA,26-02-2031,11,TRUE,FALSE,12-11-2024
DOC101894,2333179313,WK7561961,Amy,Browning,Dr. Amy Browning,Hematology,Kelly PLC,4027 Cox Roads,Rhodesville,OH,36667,(895)503-3693,amy.browning@kaiserhealth.org,PA92634,CA,07-10-2028,14,TRUE,FALSE,18-10-2021
DOC101895,1002786499,MS7005125,Eric,Garcia,Dr. Eric Garcia,Neurology,Adams Hospital,460 Ward Inlet,North Christine,NC,54346,(234)691-6605x57739,eric.garcia@kaiserhealth.org,CA95152,OH,08-01-2029,17,TRUE,FALSE,10-05-2024
DOC101896,1537693287,WU2746226,Dana,Lee,Dr. Dana Lee,Gastroenterology,Trujillo and Sons,312 Jennifer Point,North Evelynton,MI,28930,-1291,dana.lee@kaiserhealth.org,GA51583,FL,04-11-2029,10,TRUE,FALSE,07-05-2025
DOC101897,2243872075,QV3144494,Sally,Steele,Dr. Sally Steele,Oncology,Atkins-Pugh,31650 Jeffrey Place Apt. 272,Catherineton,CA,14667,605-943-9346x989,sally.steele@kaiserhealth.org,MI59231,IL,15-04-2030,25,FALSE,FALSE,31-07-2023
DOC101898,2243840927,QX1573685,Zachary,Campbell,Dr. Zachary Campbell,Oncology,"Stewart, Lewis and Freeman",801 Townsend Shores Suite 849,Hernandeztown,GA,5124,823.802.0192,zachary.campbell@kaiserhealth.org,CA52007,NY,03-10-2027,39,TRUE,FALSE,08-06-2022
DOC101899,1103186720,RM9144566,Travis,Romero,Dr. Travis Romero,Cardiology,Norris-Cox,1817 Walls Course,Erikchester,MI,18661,243-467-7041x1080,travis.romero@kaiserhealth.org,OH62746,GA,27-03-2030,29,TRUE,FALSE,02-11-2024
DOC101900,1504340102,NW5576475,Patricia,Williamson,Dr. Patricia Williamson,Oncology,Ho Ltd,8956 Taylor Drive Suite 531,Freemanshire,OH,9699,5535725656,patricia.williamson@kaiserhealth.org,PA70028,FL,10-08-2029,13,TRUE,FALSE,06-03-2023
DOC101901,2741050685,VA2330946,Stephanie,Lee,Dr. Stephanie Lee,Oncology,Payne-Franklin,00242 Robin Cliffs,South Steven,CA,4181,(462)659-5787x4411,stephanie.lee@kaiserhealth.org,IL73600,CA,17-08-2029,31,TRUE,FALSE,08-12-2023
DOC101902,2537305342,TV0781629,Greg,Webb,Dr. Greg Webb,Oncology,"Thompson, Mccormick and King",94047 James Neck,South Chadchester,CA,69307,698-399-1263x8279,greg.webb@kaiserhealth.org,MI95110,OH,19-10-2028,12,TRUE,FALSE,22-06-2024
DOC101903,1710661690,HP7059041,Deanna,Clarke,Dr. Deanna Clarke,Cardiology,Garza and Sons,09870 Melissa Passage,Lake Joshua,CA,22774,001-585-627-0497,deanna.clarke@kaiserhealth.org,MI93857,GA,18-10-2028,33,TRUE,FALSE,05-02-2024
DOC101904,1199467099,NX0874961,Sherry,Price,Dr. Sherry Price,Oncology,Shaffer Hospital,7496 Bradley Gateway Apt. 101,Davidburgh,TX,94778,481-559-5881,sherry.price@kaiserhealth.org,MI77013,FL,22-04-2029,6,TRUE,FALSE,07-04-2026
DOC101905,2884779888,EJ3759686,Alison,Cruz,Dr. Alison Cruz,Oncology,"Sandoval, Werner and Hall",1139 Page Extensions,Jennifershire,OH,89938,457-603-1768x1013,alison.cruz@kaiserhealth.org,TX68588,IL,29-06-2029,37,TRUE,FALSE,14-12-2021
DOC101906,1009715475,UM0133672,Melissa,Lopez,Dr. Melissa Lopez,Oncology,"Garcia, Miller and White",5745 Frey Trace,Michelleville,NY,58381,001-333-701-6548x76578,melissa.lopez@kaiserhealth.org,PA60050,GA,18-08-2030,38,FALSE,FALSE,15-04-2026
DOC101907,2082824649,WD3716509,Charles,Myers,Dr. Charles Myers,Pulmonology,Rogers-Chambers,2864 Charles Forge,Brownville,TX,63437,547-322-2945,charles.myers@kaiserhealth.org,FL96594,NY,23-11-2029,28,FALSE,FALSE,10-12-2024
DOC101908,2378131915,DS1369004,Jasmin,Stewart,Dr. Jasmin Stewart,Hematology,Campbell-Roberts,054 Anthony Islands,New Jill,MI,2277,+1-894-720-7961x99097,jasmin.stewart@kaiserhealth.org,CA49828,OH,21-08-2030,24,TRUE,FALSE,25-05-2026
DOC101909,2058151939,JE7891192,Heather,Perez,Dr. Heather Perez,Infectious Disease,Hawkins Group,878 Matthew Green,South Melanieland,CA,56023,467-209-8667x88516,heather.perez@kaiserhealth.org,MI17123,CA,08-05-2028,37,TRUE,FALSE,25-03-2026
DOC101910,2068144166,ND1772942,Victoria,Gallegos,Dr. Victoria Gallegos,Oncology,Pena Hospital,401 Gould Heights Apt. 506,Christopherside,OH,72998,+1-311-667-8734x8085,victoria.gallegos@kaiserhealth.org,GA16573,NC,10-02-2030,6,TRUE,FALSE,05-12-2024
DOC101911,2824049779,YL7240030,Michelle,Chavez,Dr. Michelle Chavez,Neurology,Hopkins-Dominguez,540 James Tunnel Apt. 426,New Destiny,NY,88452,(899)657-1395x7001,michelle.chavez@kaiserhealth.org,PA18454,NC,22-12-2028,31,TRUE,FALSE,20-01-2022
DOC101912,2989622494,WQ6419495,Connie,Jackson,Dr. Connie Jackson,Oncology,Wilkerson-Mcmahon,87893 James Crescent,Jessicafurt,FL,7229,709-562-6292x259,connie.jackson@kaiserhealth.org,TX57565,NY,17-05-2029,7,TRUE,FALSE,12-02-2025
DOC101913,1633492277,YR0859426,Gary,Mathews,Dr. Gary Mathews,Oncology,"Cunningham, Gates and Gonzalez",72066 Richardson Harbor Apt. 597,North John,TX,42922,+1-637-345-0883x06829,gary.mathews@kaiserhealth.org,FL90871,PA,18-02-2031,28,TRUE,FALSE,03-04-2025
DOC101914,2482138011,LW5769415,Sandra,Williams,Dr. Sandra Williams,Oncology,"Norris, Freeman and Silva",9191 Velez Ways,South Heather,FL,69055,001-900-947-2028x88239,sandra.williams@kaiserhealth.org,MI81521,PA,05-07-2027,28,TRUE,FALSE,09-04-2026
DOC101915,1237508397,HD7525232,Shelly,Alexander,Dr. Shelly Alexander,Oncology,Hensley Hospital,424 Wright Cape,New Ashley,FL,19202,403-767-4009,shelly.alexander@kaiserhealth.org,IL28972,NY,30-12-2030,18,TRUE,FALSE,26-09-2023
DOC101916,2965628073,HM0064558,Dylan,Johnson,Dr. Dylan Johnson,Oncology,"Robertson, Rodriguez and Huffman",034 Anthony Motorway,West Mackenzieside,IL,84673,705.845.0827,dylan.johnson@kaiserhealth.org,NC32372,MI,13-09-2029,23,TRUE,FALSE,18-08-2024
DOC101917,1862558729,GQ0625873,Yvette,Davis,Dr. Yvette Davis,Infectious Disease,Ramirez-Arnold,7482 James Turnpike Suite 425,West Rickmouth,CA,12768,001-374-426-5884x066,yvette.davis@kaiserhealth.org,NC17928,PA,23-08-2028,27,TRUE,FALSE,05-06-2024
DOC101918,1623167501,CM3270341,Anthony,Jones,Dr. Anthony Jones,Pulmonology,"Johnson, Garcia and Mcbride",181 Hannah Center Suite 621,New Sharonfurt,GA,80509,+1-826-521-6847x2020,anthony.jones@kaiserhealth.org,GA54232,OH,16-10-2027,39,TRUE,FALSE,24-02-2024
DOC101919,2371379987,AS0538289,Carlos,Johnson,Dr. Carlos Johnson,Gastroenterology,"Anderson, Scott and White",405 Garrison Squares Suite 429,Mcgeefort,NY,23161,001-647-627-3188x97060,carlos.johnson@kaiserhealth.org,TX29665,FL,24-02-2029,29,TRUE,FALSE,14-09-2022
DOC101920,2753764451,FW5622208,Andre,Ramos,Dr. Andre Ramos,Neurology,Dennis-Alvarez,673 Hale Walk,West Duaneland,IL,13511,207-981-3664x929,andre.ramos@kaiserhealth.org,OH43605,IL,28-09-2027,13,TRUE,FALSE,15-02-2023
DOC101921,2138071860,PU9399451,Zachary,Walker,Dr. Zachary Walker,Oncology,"Carter, Ford and Jefferson",424 Brown Shores,Elizabethshire,CA,18025,(625)771-6400,zachary.walker@kaiserhealth.org,NC36172,NC,29-12-2030,14,TRUE,FALSE,18-11-2022
DOC101922,1629860427,SM7103630,Joseph,Adams,Dr. Joseph Adams,Oncology,"Campbell, Wall and Warner",4663 Miller Parkway Apt. 120,Clarkstad,OH,65261,(899)679-4975x675,joseph.adams@kaiserhealth.org,MI53654,OH,08-02-2029,16,TRUE,FALSE,31-01-2025
DOC101923,1969412352,TS8990888,Tyler,Sanders,Dr. Tyler Sanders,Infectious Disease,Brock-Brandt,48169 Blankenship Forest,West Kimberly,CA,21656,364-653-2442,tyler.sanders@kaiserhealth.org,NC18990,NY,11-03-2029,5,TRUE,FALSE,21-04-2022
DOC101924,2923603680,SW5884443,Alexander,Campbell,Dr. Alexander Campbell,Hematology,"Lee, Blackburn and Williams",8198 Roberto Club,Richardton,TX,42795,+1-218-737-6539x790,alexander.campbell@kaiserhealth.org,NY36005,TX,12-06-2029,32,TRUE,FALSE,29-01-2026
DOC101925,2763831918,BK3843097,Jay,Scott,Dr. Jay Scott,Oncology,Daniels Group,95035 Leach Landing Apt. 364,East Jessicaport,CA,23472,001-720-785-9503x1215,jay.scott@kaiserhealth.org,PA59256,NC,09-12-2029,21,TRUE,FALSE,17-08-2024
DOC101926,1801874729,CY3112659,Ashley,Thompson,Dr. Ashley Thompson,Hematology,Jones-Neal,6553 Patrick Crest,North Debbietown,IL,27321,(880)332-5383,ashley.thompson@kaiserhealth.org,OH10966,FL,23-03-2031,8,TRUE,FALSE,08-12-2023
DOC101927,1121781704,FY3275888,Joseph,Serrano,Dr. Joseph Serrano,Cardiology,"Dean, Harrison and Moore",651 Flowers Plains,Port Bryanport,NY,54033,-2469,joseph.serrano@kaiserhealth.org,NC51610,MI,06-01-2028,15,TRUE,FALSE,06-09-2024
DOC101928,1041652726,CT9109531,Jason,Wall,Dr. Jason Wall,Oncology,Bell-Hancock,9967 Christopher Shores Apt. 213,Lake Priscillaburgh,CA,41173,846.466.2913,jason.wall@kaiserhealth.org,NY70251,MI,30-10-2027,16,TRUE,FALSE,04-05-2024
DOC101929,1362238013,XQ0209819,Jeremy,Hill,Dr. Jeremy Hill,Pulmonology,Smith-Cruz,6120 Higgins Plaza,Caitlinport,CA,34289,553.593.6007x481,jeremy.hill@kaiserhealth.org,NY46339,OH,24-01-2029,29,TRUE,FALSE,01-07-2023
DOC101930,1607727204,MB9806353,Jason,Benson,Dr. Jason Benson,Neurology,Kerr-Hill,1800 Alvarado Lights Suite 825,Josebury,FL,66858,(586)212-3587x90507,jason.benson@kaiserhealth.org,PA13568,NY,26-06-2030,30,TRUE,FALSE,08-01-2022
DOC101931,2251049461,RH0515133,Timothy,Anderson,Dr. Timothy Anderson,Oncology,Sosa-Chambers,3666 Lee Forest Suite 286,East Amy,CA,60648,547-601-1214x35939,timothy.anderson@kaiserhealth.org,MI61879,GA,07-03-2028,17,TRUE,FALSE,12-04-2025
DOC101932,1407413596,PL3390363,Valerie,Hunt,Dr. Valerie Hunt,Gastroenterology,"Barton, Bartlett and Patel",6596 Kelly Extensions,Campbellmouth,PA,61421,4644813357,valerie.hunt@kaiserhealth.org,GA46431,FL,20-08-2028,19,TRUE,FALSE,29-11-2023
DOC101933,2800084162,XN7501468,Sarah,Hall,Dr. Sarah Hall,Oncology,Hampton-Sullivan,93939 Johnson Squares Apt. 638,East Christine,NY,79087,(794)878-7454,sarah.hall@kaiserhealth.org,IL61292,PA,18-07-2030,5,FALSE,FALSE,15-08-2021
DOC101934,1394558464,WF0181902,Michelle,Beck,Dr. Michelle Beck,Neurology,"Reid, Glass and Jenkins",9279 Howe Crescent Apt. 964,Tashaport,TX,68617,(677)319-5911,michelle.beck@kaiserhealth.org,CA22441,OH,08-01-2031,27,TRUE,FALSE,06-06-2023
DOC101935,1609175075,DU2677504,Reginald,Collins,Dr. Reginald Collins,Infectious Disease,Ruiz-Lane,844 Jessica Crescent,Sergiotown,NY,73454,(431)696-1725,reginald.collins@kaiserhealth.org,OH94869,TX,03-06-2030,14,TRUE,FALSE,23-09-2023
DOC101936,2396568872,AE0487103,Rose,Jackson,Dr. Rose Jackson,Infectious Disease,Dudley-Fowler,5591 Sara Way,Darrellville,PA,83861,+1-274-647-5636x51837,rose.jackson@kaiserhealth.org,FL47264,GA,12-06-2029,29,TRUE,FALSE,08-11-2021
DOC101937,1442719745,GC4595508,Jenna,Lee,Dr. Jenna Lee,Oncology,Gallagher-Rios,0682 Jessica Dam,East Tiffanystad,CA,67922,439-679-5196,jenna.lee@kaiserhealth.org,TX92330,MI,01-02-2029,6,FALSE,FALSE,08-10-2022
DOC101938,2473564272,UJ3610909,Joseph,Diaz,Dr. Joseph Diaz,Gastroenterology,"Knight, Thompson and Hoover",199 Rowe Knolls Apt. 292,Olsonton,TX,24361,(798)645-8554x220,joseph.diaz@kaiserhealth.org,IL52388,CA,05-08-2030,38,TRUE,FALSE,06-10-2025
DOC101939,2470236074,DR0602252,Jessica,Hayes,Dr. Jessica Hayes,Rheumatology,Larsen PLC,98967 John Lakes,South Anthony,CA,83322,(532)430-0171x95576,jessica.hayes@kaiserhealth.org,FL96604,NY,10-01-2030,17,TRUE,FALSE,04-09-2024
DOC101940,1762280954,CR5401637,Debra,Wilson,Dr. Debra Wilson,Nephrology,Martinez-Hutchinson,748 Harris Haven Suite 030,South Phillip,CA,68201,(302)868-7175x84053,debra.wilson@kaiserhealth.org,PA82006,IL,27-11-2028,40,TRUE,FALSE,20-02-2026
DOC101941,1739339691,AT2965612,Mark,Lopez,Dr. Mark Lopez,Oncology,"Fowler, Myers and Martinez",4600 Natalie Course,Port Nathanielside,OH,73508,(687)903-5171,mark.lopez@kaiserhealth.org,IL60654,IL,04-08-2028,31,TRUE,FALSE,17-05-2024
DOC101942,2647856250,TJ5014399,Alexis,Maynard,Dr. Alexis Maynard,Nephrology,Munoz Medical Center,4071 Erin Forks Suite 611,Meganmouth,TX,82545,524-202-7820x15811,alexis.maynard@kaiserhealth.org,PA71408,CA,19-04-2031,15,TRUE,FALSE,12-11-2025
DOC101943,1028551438,XE5520328,Terri,Shannon,Dr. Terri Shannon,Oncology,"Bell, Rodriguez and Tate",152 Nicole Way Apt. 450,Johnsonfort,PA,10326,001-737-266-7080x6060,terri.shannon@kaiserhealth.org,MI25443,NC,10-07-2030,12,TRUE,FALSE,24-01-2025
DOC101944,1528390530,PR3083038,Keith,Kelly,Dr. Keith Kelly,Gastroenterology,Fernandez and Sons,14407 Joshua Path Apt. 531,Leeberg,IL,38613,(315)452-2411x34148,keith.kelly@kaiserhealth.org,CA23710,OH,05-04-2029,35,TRUE,FALSE,02-03-2026
DOC101945,2921910507,DU7095744,Ashley,Marks,Dr. Ashley Marks,Rheumatology,Wood-Dominguez,273 Melissa Stream Suite 885,Johnsonchester,IL,80558,956-884-7093x195,ashley.marks@kaiserhealth.org,CA67212,MI,25-11-2028,12,TRUE,FALSE,21-04-2026
DOC101946,1876738431,YW5567695,Dale,Sheppard,Dr. Dale Sheppard,Oncology,Wheeler Hospital,949 Adam Run Suite 578,Johnton,GA,96859,(230)477-1465,dale.sheppard@kaiserhealth.org,MI31430,MI,10-11-2029,29,TRUE,FALSE,30-01-2025
DOC101947,2327324370,GX9190566,Alexander,Jones,Dr. Alexander Jones,Oncology,Romero Group,108 Kristen Plains Apt. 378,North Danielport,CA,60668,7848444532,alexander.jones@kaiserhealth.org,IL18243,FL,29-06-2029,24,TRUE,FALSE,19-08-2022
DOC101948,2683298768,CW6051917,Christopher,Wilcox,Dr. Christopher Wilcox,Oncology,"Brown, Frazier and Rivera",94526 Villanueva Pine,North Richard,TX,47254,946-820-0088,christopher.wilcox@kaiserhealth.org,IL34390,FL,06-10-2028,32,TRUE,FALSE,27-05-2022
DOC101949,2437380131,SJ3413571,Kyle,Ellis,Dr. Kyle Ellis,Oncology,Martin-White,6931 Elliott Knoll Suite 881,Lake Sarahborough,NC,19260,361.299.0377x731,kyle.ellis@kaiserhealth.org,TX64270,NY,13-11-2030,9,TRUE,FALSE,10-12-2022
DOC101950,2762073478,RH5414556,Lisa,Flores,Dr. Lisa Flores,Pulmonology,Patton Ltd,335 Wilson Key Apt. 494,Lake Andrewview,CA,57069,323.297.9881x1882,lisa.flores@kaiserhealth.org,FL18416,NY,13-05-2029,30,TRUE,FALSE,15-09-2024
DOC101951,2926637008,WS9438301,Melissa,Hines,Dr. Melissa Hines,Pulmonology,Nguyen PLC,8704 Miguel Square Suite 769,Mendozabury,NC,17668,(949)466-0702x873,melissa.hines@kaiserhealth.org,PA72117,NC,21-05-2028,11,TRUE,FALSE,04-03-2026
DOC101952,2088041890,XE4462882,Anthony,Bryant,Dr. Anthony Bryant,Infectious Disease,Wilson Ltd,96682 Perez Extension Apt. 426,Joannaport,NY,38589,(306)588-9589x9321,anthony.bryant@kaiserhealth.org,GA36899,IL,19-04-2028,29,TRUE,FALSE,06-10-2021
DOC101953,2363149318,CG7229380,Samantha,Evans,Dr. Samantha Evans,Oncology,Mendoza Hospital,8564 Adkins Haven,Robertview,PA,3750,001-244-516-3166x41700,samantha.evans@kaiserhealth.org,CA95188,FL,05-06-2028,5,TRUE,FALSE,29-03-2025
DOC101954,1491164764,UF7386813,Brenda,Scott,Dr. Brenda Scott,Neurology,Baker-Martinez,066 Nicholas Spring,Lake Mariemouth,GA,55391,001-202-989-1708,brenda.scott@kaiserhealth.org,TX31150,GA,10-12-2030,40,TRUE,FALSE,10-09-2022
DOC101955,1553925883,BF1367160,Joshua,Tapia,Dr. Joshua Tapia,Neurology,Rivera-Smith,2269 Hampton Lock Suite 349,Pamelahaven,FL,91782,(801)750-0858x54914,joshua.tapia@kaiserhealth.org,NC50751,NY,13-10-2027,35,TRUE,FALSE,17-03-2025
DOC101956,2602874907,FP4881050,Peggy,French,Dr. Peggy French,Neurology,"Jackson, Rodriguez and Alexander",61718 Ruiz Shores Suite 837,North Whitney,MI,57783,885-547-1332x581,peggy.french@kaiserhealth.org,NY64715,GA,29-07-2028,39,TRUE,FALSE,18-03-2026
DOC101957,1793985930,TE2781469,Nicole,Perez,Dr. Nicole Perez,Rheumatology,Torres and Sons,56915 Stephanie Row Apt. 058,New Victorfurt,FL,22165,304-866-1010x6195,nicole.perez@kaiserhealth.org,MI51510,FL,20-11-2027,31,TRUE,FALSE,30-12-2025
DOC101958,1320724861,XC5623067,Cheryl,Baldwin,Dr. Cheryl Baldwin,Gastroenterology,"Horton, Jordan and Lee",1450 Angela Points Suite 850,Port Steven,CA,99104,001-336-412-5142x618,cheryl.baldwin@kaiserhealth.org,NY99020,MI,26-10-2028,22,TRUE,FALSE,12-01-2022
DOC101959,1141280447,DF0836248,Mark,Klein,Dr. Mark Klein,Hematology,Moore Ltd,87300 Williams Freeway,Port Sarah,IL,66774,001-879-657-3775,mark.klein@kaiserhealth.org,NC53217,OH,26-03-2030,16,TRUE,FALSE,15-05-2022
DOC101960,2886173277,PA6395136,Andrew,Garza,Dr. Andrew Garza,Gastroenterology,Wood-Johnson,9403 Cruz Prairie,Heatherborough,CA,31517,7986455225,andrew.garza@kaiserhealth.org,MI16453,OH,07-03-2031,28,TRUE,FALSE,02-09-2023
DOC101961,2169843663,XH7561845,Lisa,Jackson,Dr. Lisa Jackson,Neurology,Bolton-Weeks,36325 Rice Meadows Apt. 333,North Michael,PA,13547,+1-431-311-3723x6790,lisa.jackson@kaiserhealth.org,GA69360,GA,24-05-2028,36,TRUE,FALSE,23-08-2024
DOC101962,2929458361,TX8374489,Jessica,Thompson,Dr. Jessica Thompson,Endocrinology,Jones Medical Center,89098 Elaine Causeway,Richardsborough,FL,29198,809.213.8919,jessica.thompson@kaiserhealth.org,MI59457,CA,08-03-2028,23,TRUE,FALSE,24-08-2021
DOC101963,2502567021,RS2959881,Michele,Carson,Dr. Michele Carson,Infectious Disease,"Hernandez, Elliott and Sandoval",143 Kathy Row,Whiteside,NY,33025,(288)905-8877x968,michele.carson@kaiserhealth.org,CA40690,GA,25-03-2029,31,TRUE,FALSE,24-03-2026
DOC101964,1940380437,JC2698086,Troy,Williams,Dr. Troy Williams,Oncology,Campbell-Green,59864 Johnson Stream,Lake Kendra,PA,4338,(290)375-4224,troy.williams@kaiserhealth.org,NY11989,NC,10-10-2028,31,TRUE,FALSE,09-06-2025
DOC101965,1997078393,XC3294027,Paul,Ray,Dr. Paul Ray,Oncology,Summers and Sons,9658 Butler Pine,West Brianbury,MI,36044,-4668,paul.ray@kaiserhealth.org,IL33804,PA,10-05-2031,7,TRUE,FALSE,14-01-2025
DOC101966,2575557486,GW2810705,James,Green,Dr. James Green,Infectious Disease,"Wallace, Hunter and Jones",9661 Torres Manors Suite 584,New Heatherstad,CA,62182,407-406-1140,james.green@kaiserhealth.org,PA51228,GA,19-04-2030,18,TRUE,FALSE,26-04-2023
DOC101967,2109600661,PX1531766,Margaret,Morgan,Dr. Margaret Morgan,Oncology,"Butler, Bennett and Bell",2295 Caitlin Hollow Suite 360,Amandaport,TX,70469,+1-861-581-7457x57682,margaret.morgan@kaiserhealth.org,IL48256,PA,18-11-2030,29,TRUE,FALSE,08-03-2025
DOC101968,1814336975,QL5460683,Carmen,Shelton,Dr. Carmen Shelton,Pulmonology,"Johnson, Hunter and Hopkins",036 Burch Squares,South Taylorchester,TX,57856,333-540-9705x550,carmen.shelton@kaiserhealth.org,OH12804,PA,16-05-2028,17,TRUE,FALSE,24-02-2023
DOC101969,1499696608,YX1875880,Lisa,Blackburn,Dr. Lisa Blackburn,Pulmonology,Lin-Kidd,2749 Dominguez Court,Jimmyview,CA,3154,001-326-210-1585x26323,lisa.blackburn@kaiserhealth.org,IL93810,CA,22-05-2029,17,TRUE,FALSE,02-12-2025
DOC101970,1487451261,UH7902293,Melanie,Sims,Dr. Melanie Sims,Oncology,Harrison-Robertson,2054 Andrew Square Apt. 186,Goldenburgh,CA,62092,(663)940-1881,melanie.sims@kaiserhealth.org,IL48575,FL,11-12-2030,9,TRUE,FALSE,27-03-2025
DOC101971,1345579990,BR2566872,Jennifer,Rodriguez,Dr. Jennifer Rodriguez,Neurology,Underwood Ltd,1513 Brittany Pine,Lake Amanda,CA,18877,863.543.9463x571,jennifer.rodriguez@kaiserhealth.org,OH93969,FL,04-11-2028,31,TRUE,FALSE,17-11-2023
DOC101972,1715104136,RQ7679593,Thomas,Hall,Dr. Thomas Hall,Oncology,Mitchell-Murray,727 Bentley Summit Suite 931,South Charlesbury,TX,25425,(978)912-1554x23739,thomas.hall@kaiserhealth.org,IL88836,OH,27-04-2030,35,TRUE,FALSE,31-08-2021
DOC101973,1967557912,AV4540289,Joseph,Garcia,Dr. Joseph Garcia,Pulmonology,"Rogers, Yu and Ferguson",36432 Micheal Terrace Apt. 632,Hayesmouth,IL,34584,001-784-900-4210x9979,joseph.garcia@kaiserhealth.org,FL83376,NC,24-03-2029,13,TRUE,FALSE,14-07-2021
DOC101974,2694136674,TS6899690,Cesar,Duncan,Dr. Cesar Duncan,Gastroenterology,"Butler, Keller and Myers",399 Trevor Plain Apt. 607,Lake Melissafort,GA,96967,+1-589-820-7983x38101,cesar.duncan@kaiserhealth.org,NC65558,FL,27-03-2031,10,FALSE,FALSE,08-08-2022
DOC101975,2183590949,BX4447427,Juan,Hunter,Dr. Juan Hunter,Oncology,Miller Hospital,646 Mitchell Glen,Robertborough,GA,95839,001-222-750-5467x8848,juan.hunter@kaiserhealth.org,TX57487,IL,15-12-2029,22,TRUE,FALSE,24-04-2024
DOC101976,1786109547,WF8740751,Jose,Mitchell,Dr. Jose Mitchell,Nephrology,Johnson PLC,43714 Melissa Haven,Lake Wesley,FL,67838,6132724928,jose.mitchell@kaiserhealth.org,MI26240,IL,28-10-2030,29,TRUE,FALSE,11-05-2026
DOC101977,1782803568,VV1085877,Richard,Carrillo,Dr. Richard Carrillo,Hematology,Vasquez-Rice,75122 Todd Corner Suite 980,Patrickburgh,CA,24604,(947)203-2133,richard.carrillo@kaiserhealth.org,GA56953,CA,01-10-2027,11,TRUE,FALSE,18-10-2024
DOC101978,1925679746,HC7718626,Amanda,Smith,Dr. Amanda Smith,Infectious Disease,"Ortiz, Duke and Hernandez",555 Scott Radial,East Kimberly,GA,1466,2828244913,amanda.smith@kaiserhealth.org,NC63891,NY,31-01-2031,30,FALSE,FALSE,09-05-2022
DOC101979,1863813032,PE4986409,Aaron,Watson,Dr. Aaron Watson,Oncology,"Pacheco, Brown and Martinez",4064 Nicholas Coves,New Derekburgh,OH,38181,532-495-0102,aaron.watson@kaiserhealth.org,OH58007,IL,28-04-2028,36,TRUE,FALSE,03-11-2022
DOC101980,2364434954,DE1762080,Jennifer,Molina,Dr. Jennifer Molina,Oncology,Robinson PLC,858 Justin Ferry,Hallton,CA,23053,(714)591-6101,jennifer.molina@kaiserhealth.org,NC90706,FL,26-05-2030,21,FALSE,FALSE,14-09-2022
DOC101981,1800920536,LA4568696,Tamara,Smith,Dr. Tamara Smith,Nephrology,"Mendoza, May and Cooke",814 Cynthia Ville,Lake Deniseport,CA,90636,001-319-397-9817x630,tamara.smith@kaiserhealth.org,CA20437,MI,15-12-2027,15,TRUE,FALSE,14-06-2024
DOC101982,1152404157,LS4276861,Joshua,Dorsey,Dr. Joshua Dorsey,Endocrinology,"Wilson, Graham and Griffin",41048 Lisa Lodge,Elizabethfurt,GA,19590,+1-500-998-3273x6529,joshua.dorsey@kaiserhealth.org,GA84792,FL,20-01-2028,20,TRUE,FALSE,01-09-2024
DOC101983,2694201844,LQ6616295,Valerie,Blair,Dr. Valerie Blair,Oncology,Williams Ltd,5679 Nicole Manors Suite 127,Lindatown,OH,13204,405.697.2533,valerie.blair@kaiserhealth.org,IL18562,CA,12-10-2030,18,TRUE,FALSE,16-06-2026
DOC101984,2173265234,WP5546120,Shawn,Williams,Dr. Shawn Williams,Neurology,"Gonzalez, Foster and Coleman",619 Sheri Views Apt. 228,Keithview,CA,2334,(361)766-8450,shawn.williams@kaiserhealth.org,IL63917,GA,19-11-2030,16,TRUE,FALSE,02-03-2025
DOC101985,2019892891,KX3535425,Kaitlyn,Anderson,Dr. Kaitlyn Anderson,Infectious Disease,Salinas-Green,060 Cook Rue,Lake Scott,CA,9018,470-856-4971x7291,kaitlyn.anderson@kaiserhealth.org,NC97602,OH,22-11-2029,5,TRUE,FALSE,10-11-2025
DOC101986,1384751340,QX4918505,Cody,Colon,Dr. Cody Colon,Gastroenterology,Nelson Hospital,84309 Robert Motorway,East David,TX,93847,(708)252-0564,cody.colon@kaiserhealth.org,IL16788,PA,19-04-2028,25,TRUE,FALSE,10-09-2023
DOC101987,2512069061,DV5973725,Jonathan,Peterson,Dr. Jonathan Peterson,Neurology,Kim-Navarro,97439 Hahn Glen Suite 492,New Nathanmouth,CA,48376,691-628-3117x949,jonathan.peterson@kaiserhealth.org,FL25575,PA,13-05-2031,39,TRUE,FALSE,12-08-2022
DOC101988,2394428054,XA0923195,Isaiah,Palmer,Dr. Isaiah Palmer,Oncology,Hanson PLC,874 Samuel Rapid Suite 304,Madisonmouth,GA,3547,001-447-386-4163,isaiah.palmer@kaiserhealth.org,NC75078,FL,21-07-2027,5,TRUE,FALSE,10-05-2024
DOC101989,2390034329,FN2055556,Jennifer,Elliott,Dr. Jennifer Elliott,Oncology,Bailey and Sons,89462 Tonya Corner,Goodfurt,NC,48891,(263)363-0043x359,jennifer.elliott@kaiserhealth.org,IL89560,GA,23-12-2028,28,TRUE,FALSE,12-11-2024
DOC101990,2783393994,GC0951888,Lynn,Smith,Dr. Lynn Smith,Rheumatology,"Huang, Diaz and Lucero",694 Joseph Loaf Suite 359,Lake William,GA,95121,+1-896-725-7741x61656,lynn.smith@kaiserhealth.org,NC67657,NC,02-05-2031,16,TRUE,FALSE,07-06-2025
DOC101991,1957283978,GA1898659,Richard,Smith,Dr. Richard Smith,Oncology,Sanchez Hospital,617 Christopher Manors Suite 796,New Nicole,CA,24575,796-323-4436x928,richard.smith@kaiserhealth.org,OH93235,CA,17-12-2028,33,TRUE,FALSE,11-01-2025
DOC101992,2625670327,DT8758750,Jacob,Rose,Dr. Jacob Rose,Oncology,George-Mitchell,417 Jeffrey Gateway Suite 010,Frychester,NC,63135,(605)234-5035x8165,jacob.rose@kaiserhealth.org,CA97101,TX,02-03-2030,7,TRUE,FALSE,01-11-2024
DOC101993,1046907439,AW6484773,Daniel,Mathis,Dr. Daniel Mathis,Oncology,Turner-Kramer,0857 Torres Union Apt. 363,West David,CA,56998,(822)871-9217x3665,daniel.mathis@kaiserhealth.org,CA29535,IL,09-06-2029,21,TRUE,FALSE,19-06-2023
DOC101994,2073197189,XA1120367,Zoe,Brown,Dr. Zoe Brown,Endocrinology,"Parsons, Williams and Freeman",7236 Marquez Loop,West Stephenchester,MI,54403,(671)664-0226x123,zoe.brown@kaiserhealth.org,NY61745,MI,17-12-2030,21,FALSE,FALSE,19-05-2024
DOC101995,2166647107,YU3527565,Jessica,Thompson,Dr. Jessica Thompson,Endocrinology,"Baker, Mercer and Gibson",261 Marsh Roads Apt. 099,Samanthafort,CA,67718,583-338-0703,jessica.thompson@kaiserhealth.org,NC42501,NY,26-12-2028,17,TRUE,FALSE,04-11-2024
DOC101996,1161832152,UB0741664,Kathryn,Montes,Dr. Kathryn Montes,Neurology,Peterson and Sons,519 Amy Lights,South Ashleyburgh,CA,40816,+1-989-756-9110x308,kathryn.montes@kaiserhealth.org,NC59517,CA,28-09-2029,23,TRUE,FALSE,07-10-2024
DOC101997,1167232464,JR1060606,Jason,Schwartz,Dr. Jason Schwartz,Hematology,Fitzpatrick Medical Center,1616 Fields Spring Apt. 306,West Justin,CA,46303,296.710.4808,jason.schwartz@kaiserhealth.org,GA69392,NC,02-02-2031,39,TRUE,FALSE,25-07-2025
DOC101998,1141810072,VA8479801,Patricia,Cowan,Dr. Patricia Cowan,Cardiology,"Aguilar, Fletcher and Washington",024 Walter Cliff Apt. 899,South Ashley,CA,30639,744-445-8905x73019,patricia.cowan@kaiserhealth.org,CA55199,OH,06-03-2029,22,TRUE,FALSE,17-02-2022
DOC101999,2585757903,HN7594791,Katie,Graves,Dr. Katie Graves,Oncology,"Wallace, Holmes and Greer",663 Lewis Knolls Apt. 281,Gonzalezmouth,MI,81412,001-763-817-3338,katie.graves@kaiserhealth.org,MI91116,MI,02-11-2029,18,TRUE,FALSE,15-08-2023
DOC102000,2848652308,AK5334304,Preston,Gallagher,Dr. Preston Gallagher,Oncology,West-Dennis,50343 Wanda Meadow,New Gregory,NC,95781,962-613-4335x71205,preston.gallagher@kaiserhealth.org,TX13413,GA,13-02-2030,7,TRUE,FALSE,04-08-2022
DOC102001,1675547539,PK1638251,Lori,Robinson,Dr. Lori Robinson,Oncology,"Coleman, James and Lopez",87024 Morales Union Suite 310,Sandersshire,GA,92487,8709096089,lori.robinson@kaiserhealth.org,TX93185,FL,18-10-2028,8,TRUE,FALSE,27-09-2023
DOC102002,2821726330,TB4808861,Jeremy,Kent,Dr. Jeremy Kent,Cardiology,"Mack, Ramirez and Benton",61563 Paul Lodge Apt. 013,East Chad,TX,25396,5362726847,jeremy.kent@kaiserhealth.org,PA75813,CA,20-10-2029,24,TRUE,FALSE,25-03-2022
DOC102003,1065772112,QD6810981,Robert,Irwin,Dr. Robert Irwin,Hematology,Cooper and Sons,06289 Cross Summit Apt. 424,Lisaville,OH,82877,668-583-9211,robert.irwin@kaiserhealth.org,OH40537,PA,10-03-2030,13,TRUE,FALSE,14-09-2024
,,,,,,,,,,,,,,,,,,,,
,,,,,,,,,,,,,,,,,,,,
,,,,,,,,,,,,,,,,,,,,
,,,,,,,,,,,,,,,,,,,,
,,,,,,,,,,,,,,,,,,,,
,,,,,,,,,,,,,,,,,,,,
,,,,,,,,,,,,,,,,,,,,
,,,,,,,,,,,,,,,,,,,,
,,,,,,,,,,,,,,,,,,,,
,,,,,,,,,,,,,,,,,,,,
,,,,,,,,,,,,,,,,,,,,
,,,,,,,,,,,,,,,,,,,,
,,,,,,,,,,,,,,,,,,,,
,,,,,,,,,,,,,,,,,,,,
,,,,,,,,,,,,,,,,,,,,
,,,,,,,,,,,,,,,,,,,,
,,,,,,,,,,,,,,,,,,,,
,,,,,,,,,,,,,,,,,,,,
,,,,,,,,,,,,,,,,,,,,
,,,,,,,,,,,,,,,,,,,,
,,,,,,,,,,,,,,,,,,,,
,,,,,,,,,,,,,,,,,,,,
,,,,,,,,,,,,,,,,,,,,
,,,,,,,,,,,,,,,,,,,,
,,,,,,,,,,,,,,,,,,,,
,,,,,,,,,,,,,,,,,,,,
,,,,,,,,,,,,,,,,,,,,
,,,,,,,,,,,,,,,,,,,,
,,,,,,,,,,,,,,,,,,,,
,,,,,,,,,,,,,,,,,,,,
,,,,,,,,,,,,,,,,,,,,
,,,,,,,,,,,,,,,,,,,,
,,,,,,,,,,,,,,,,,,,,
,,,,,,,,,,,,,,,,,,,,
,,,,,,,,,,,,,,,,,,,,
,,,,,,,,,,,,,,,,,,,,
,,,,,,,,,,,,,,,,,,,,
,,,,,,,,,,,,,,,,,,,,
,,,,,,,,,,,,,,,,,,,,
,,,,,,,,,,,,,,,,,,,,
,,,,,,,,,,,,,,,,,,,,
,,,,,,,,,,,,,,,,,,,,
,,,,,,,,,,,,,,,,,,,,
,,,,,,,,,,,,,,,,,,,,
,,,,,,,,,,,,,,,,,,,,
,,,,,,,,,,,,,,,,,,,,
,,,,,,,,,,,,,,,,,,,,
,,,,,,,,,,,,,,,,,,,,
,,,,,,,,,,,,,,,,,,,,
,,,,,,,,,,,,,,,,,,,,
,,,,,,,,,,,,,,,,,,,,
,,,,,,,,,,,,,,,,,,,,
,,,,,,,,,,,,,,,,,,,,
,,,,,,,,,,,,,,,,,,,,
,,,,,,,,,,,,,,,,,,,,
,,,,,,,,,,,,,,,,,,,,
,,,,,,,,,,,,,,,,,,,,
,,,,,,,,,,,,,,,,,,,,
,,,,,,,,,,,,,,,,,,,,
,,,,,,,,,,,,,,,,,,,,
,,,,,,,,,,,,,,,,,,,,
,,,,,,,,,,,,,,,,,,,,
,,,,,,,,,,,,,,,,,,,,
,,,,,,,,,,,,,,,,,,,,
,,,,,,,,,,,,,,,,,,,,
,,,,,,,,,,,,,,,,,,,,
,,,,,,,,,,,,,,,,,,,,
,,,,,,,,,,,,,,,,,,,,
,,,,,,,,,,,,,,,,,,,,
,,,,,,,,,,,,,,,,,,,,
,,,,,,,,,,,,,,,,,,,,
,,,,,,,,,,,,,,,,,,,,
,,,,,,,,,,,,,,,,,,,,
,,,,,,,,,,,,,,,,,,,,
,,,,,,,,,,,,,,,,,,,,
,,,,,,,,,,,,,,,,,,,,
,,,,,,,,,,,,,,,,,,,,
,,,,,,,,,,,,,,,,,,,,
,,,,,,,,,,,,,,,,,,,,
,,,,,,,,,,,,,,,,,,,,
,,,,,,,,,,,,,,,,,,,,
,,,,,,,,,,,,,,,,,,,,
,,,,,,,,,,,,,,,,,,,,
,,,,,,,,,,,,,,,,,,,,
,,,,,,,,,,,,,,,,,,,,
,,,,,,,,,,,,,,,,,,,,
,,,,,,,,,,,,,,,,,,,,
,,,,,,,,,,,,,,,,,,,,
,,,,,,,,,,,,,,,,,,,,
,,,,,,,,,,,,,,,,,,,,
,,,,,,,,,,,,,,,,,,,,
,,,,,,,,,,,,,,,,,,,,
,,,,,,,,,,,,,,,,,,,,
,,,,,,,,,,,,,,,,,,,,
,,,,,,,,,,,,,,,,,,,,
,,,,,,,,,,,,,,,,,,,,
,,,,,,,,,,,,,,,,,,,,
,,,,,,,,,,,,,,,,,,,,
,,,,,,,,,,,,,,,,,,,,
,,,,,,,,,,,,,,,,,,,,
,,,,,,,,,,,,,,,,,,,,
,,,,,,,,,,,,,,,,,,,,
,,,,,,,,,,,,,,,,,,,,
,,,,,,,,,,,,,,,,,,,,
,,,,,,,,,,,,,,,,,,,,
,,,,,,,,,,,,,,,,,,,,
,,,,,,,,,,,,,,,,,,,,
,,,,,,,,,,,,,,,,,,,,
,,,,,,,,,,,,,,,,,,,,
,,,,,,,,,,,,,,,,,,,,
,,,,,,,,,,,,,,,,,,,,
,,,,,,,,,,,,,,,,,,,,
,,,,,,,,,,,,,,,,,,,,
,,,,,,,,,,,,,,,,,,,,
,,,,,,,,,,,,,,,,,,,,
,,,,,,,,,,,,,,,,,,,,
,,,,,,,,,,,,,,,,,,,,
,,,,,,,,,,,,,,,,,,,,
,,,,,,,,,,,,,,,,,,,,
,,,,,,,,,,,,,,,,,,,,
,,,,,,,,,,,,,,,,,,,,
,,,,,,,,,,,,,,,,,,,,
,,,,,,,,,,,,,,,,,,,,
,,,,,,,,,,,,,,,,,,,,
,,,,,,,,,,,,,,,,,,,,
,,,,,,,,,,,,,,,,,,,,
,,,,,,,,,,,,,,,,,,,,
,,,,,,,,,,,,,,,,,,,,
,,,,,,,,,,,,,,,,,,,,
,,,,,,,,,,,,,,,,,,,,
,,,,,,,,,,,,,,,,,,,,
,,,,,,,,,,,,,,,,,,,,
,,,,,,,,,,,,,,,,,,,,
,,,,,,,,,,,,,,,,,,,,
,,,,,,,,,,,,,,,,,,,,
,,,,,,,,,,,,,,,,,,,,
,,,,,,,,,,,,,,,,,,,,
,,,,,,,,,,,,,,,,,,,,
,,,,,,,,,,,,,,,,,,,,
,,,,,,,,,,,,,,,,,,,,
,,,,,,,,,,,,,,,,,,,,
,,,,,,,,,,,,,,,,,,,,
,,,,,,,,,,,,,,,,,,,,
,,,,,,,,,,,,,,,,,,,,
,,,,,,,,,,,,,,,,,,,,
,,,,,,,,,,,,,,,,,,,,
,,,,,,,,,,,,,,,,,,,,
,,,,,,,,,,,,,,,,,,,,
,,,,,,,,,,,,,,,,,,,,
,,,,,,,,,,,,,,,,,,,,
,,,,,,,,,,,,,,,,,,,,
,,,,,,,,,,,,,,,,,,,,
,,,,,,,,,,,,,,,,,,,,
,,,,,,,,,,,,,,,,,,,,
,,,,,,,,,,,,,,,,,,,,
,,,,,,,,,,,,,,,,,,,,
,,,,,,,,,,,,,,,,,,,,
,,,,,,,,,,,,,,,,,,,,
,,,,,,,,,,,,,,,,,,,,
,,,,,,,,,,,,,,,,,,,,
,,,,,,,,,,,,,,,,,,,,
,,,,,,,,,,,,,,,,,,,,
,,,,,,,,,,,,,,,,,,,,
,,,,,,,,,,,,,,,,,,,,
,,,,,,,,,,,,,,,,,,,,
,,,,,,,,,,,,,,,,,,,,
,,,,,,,,,,,,,,,,,,,,
,,,,,,,,,,,,,,,,,,,,
,,,,,,,,,,,,,,,,,,,,
,,,,,,,,,,,,,,,,,,,,
,,,,,,,,,,,,,,,,,,,,
,,,,,,,,,,,,,,,,,,,,
,,,,,,,,,,,,,,,,,,,,
,,,,,,,,,,,,,,,,,,,,
,,,,,,,,,,,,,,,,,,,,
,,,,,,,,,,,,,,,,,,,,
,,,,,,,,,,,,,,,,,,,,
,,,,,,,,,,,,,,,,,,,,
,,,,,,,,,,,,,,,,,,,,
,,,,,,,,,,,,,,,,,,,,
,,,,,,,,,,,,,,,,,,,,
,,,,,,,,,,,,,,,,,,,,
,,,,,,,,,,,,,,,,,,,,
,,,,,,,,,,,,,,,,,,,,
,,,,,,,,,,,,,,,,,,,,
,,,,,,,,,,,,,,,,,,,,
,,,,,,,,,,,,,,,,,,,,
,,,,,,,,,,,,,,,,,,,,
,,,,,,,,,,,,,,,,,,,,
,,,,,,,,,,,,,,,,,,,,
,,,,,,,,,,,,,,,,,,,,
,,,,,,,,,,,,,,,,,,,,
,,,,,,,,,,,,,,,,,,,,
,,,,,,,,,,,,,,,,,,,,
,,,,,,,,,,,,,,,,,,,,
,,,,,,,,,,,,,,,,,,,,
,,,,,,,,,,,,,,,,,,,,
,,,,,,,,,,,,,,,,,,,,
,,,,,,,,,,,,,,,,,,,,
,,,,,,,,,,,,,,,,,,,,
,,,,,,,,,,,,,,,,,,,,
,,,,,,,,,,,,,,,,,,,,
,,,,,,,,,,,,,,,,,,,,
,,,,,,,,,,,,,,,,,,,,
,,,,,,,,,,,,,,,,,,,,
,,,,,,,,,,,,,,,,,,,,
,,,,,,,,,,,,,,,,,,,,
,,,,,,,,,,,,,,,,,,,,
,,,,,,,,,,,,,,,,,,,,
,,,,,,,,,,,,,,,,,,,,
,,,,,,,,,,,,,,,,,,,,
,,,,,,,,,,,,,,,,,,,,
,,,,,,,,,,,,,,,,,,,,
,,,,,,,,,,,,,,,,,,,,
,,,,,,,,,,,,,,,,,,,,
,,,,,,,,,,,,,,,,,,,,
,,,,,,,,,,,,,,,,,,,,
,,,,,,,,,,,,,,,,,,,,
,,,,,,,,,,,,,,,,,,,,
,,,,,,,,,,,,,,,,,,,,
,,,,,,,,,,,,,,,,,,,,
,,,,,,,,,,,,,,,,,,,,
,,,,,,,,,,,,,,,,,,,,
,,,,,,,,,,,,,,,,,,,,
,,,,,,,,,,,,,,,,,,,,
,,,,,,,,,,,,,,,,,,,,
,,,,,,,,,,,,,,,,,,,,
,,,,,,,,,,,,,,,,,,,,
,,,,,,,,,,,,,,,,,,,,
,,,,,,,,,,,,,,,,,,,,
,,,,,,,,,,,,,,,,,,,,
,,,,,,,,,,,,,,,,,,,,
,,,,,,,,,,,,,,,,,,,,
,,,,,,,,,,,,,,,,,,,,
,,,,,,,,,,,,,,,,,,,,
,,,,,,,,,,,,,,,,,,,,
,,,,,,,,,,,,,,,,,,,,
,,,,,,,,,,,,,,,,,,,,
,,,,,,,,,,,,,,,,,,,,
,,,,,,,,,,,,,,,,,,,,
,,,,,,,,,,,,,,,,,,,,
,,,,,,,,,,,,,,,,,,,,
,,,,,,,,,,,,,,,,,,,,
,,,,,,,,,,,,,,,,,,,,
,,,,,,,,,,,,,,,,,,,,
,,,,,,,,,,,,,,,,,,,,
,,,,,,,,,,,,,,,,,,,,
,,,,,,,,,,,,,,,,,,,,
,,,,,,,,,,,,,,,,,,,,
,,,,,,,,,,,,,,,,,,,,
,,,,,,,,,,,,,,,,,,,,
,,,,,,,,,,,,,,,,,,,,
,,,,,,,,,,,,,,,,,,,,
,,,,,,,,,,,,,,,,,,,,
,,,,,,,,,,,,,,,,,,,,
,,,,,,,,,,,,,,,,,,,,
,,,,,,,,,,,,,,,,,,,,
,,,,,,,,,,,,,,,,,,,,
,,,,,,,,,,,,,,,,,,,,
,,,,,,,,,,,,,,,,,,,,
,,,,,,,,,,,,,,,,,,,,
,,,,,,,,,,,,,,,,,,,,
,,,,,,,,,,,,,,,,,,,,
,,,,,,,,,,,,,,,,,,,,
,,,,,,,,,,,,,,,,,,,,
,,,,,,,,,,,,,,,,,,,,
,,,,,,,,,,,,,,,,,,,,
,,,,,,,,,,,,,,,,,,,,
,,,,,,,,,,,,,,,,,,,,
,,,,,,,,,,,,,,,,,,,,
,,,,,,,,,,,,,,,,,,,,
,,,,,,,,,,,,,,,,,,,,
,,,,,,,,,,,,,,,,,,,,
,,,,,,,,,,,,,,,,,,,,
,,,,,,,,,,,,,,,,,,,,
,,,,,,,,,,,,,,,,,,,,
,,,,,,,,,,,,,,,,,,,,
,,,,,,,,,,,,,,,,,,,,
,,,,,,,,,,,,,,,,,,,,
,,,,,,,,,,,,,,,,,,,,
,,,,,,,,,,,,,,,,,,,,
,,,,,,,,,,,,,,,,,,,,
,,,,,,,,,,,,,,,,,,,,
,,,,,,,,,,,,,,,,,,,,
,,,,,,,,,,,,,,,,,,,,
,,,,,,,,,,,,,,,,,,,,
,,,,,,,,,,,,,,,,,,,,
,,,,,,,,,,,,,,,,,,,,
,,,,,,,,,,,,,,,,,,,,
,,,,,,,,,,,,,,,,,,,,
,,,,,,,,,,,,,,,,,,,,
,,,,,,,,,,,,,,,,,,,,
,,,,,,,,,,,,,,,,,,,,
,,,,,,,,,,,,,,,,,,,,
,,,,,,,,,,,,,,,,,,,,
,,,,,,,,,,,,,,,,,,,,
,,,,,,,,,,,,,,,,,,,,
,,,,,,,,,,,,,,,,,,,,
,,,,,,,,,,,,,,,,,,,,
,,,,,,,,,,,,,,,,,,,,
,,,,,,,,,,,,,,,,,,,,
,,,,,,,,,,,,,,,,,,,,
,,,,,,,,,,,,,,,,,,,,
,,,,,,,,,,,,,,,,,,,,
,,,,,,,,,,,,,,,,,,,,
,,,,,,,,,,,,,,,,,,,,
,,,,,,,,,,,,,,,,,,,,
,,,,,,,,,,,,,,,,,,,,
,,,,,,,,,,,,,,,,,,,,
,,,,,,,,,,,,,,,,,,,,
,,,,,,,,,,,,,,,,,,,,
,,,,,,,,,,,,,,,,,,,,
,,,,,,,,,,,,,,,,,,,,
,,,,,,,,,,,,,,,,,,,,
,,,,,,,,,,,,,,,,,,,,
,,,,,,,,,,,,,,,,,,,,
,,,,,,,,,,,,,,,,,,,,
,,,,,,,,,,,,,,,,,,,,
,,,,,,,,,,,,,,,,,,,,
,,,,,,,,,,,,,,,,,,,,
,,,,,,,,,,,,,,,,,,,,
,,,,,,,,,,,,,,,,,,,,
,,,,,,,,,,,,,,,,,,,,
,,,,,,,,,,,,,,,,,,,,
,,,,,,,,,,,,,,,,,,,,
,,,,,,,,,,,,,,,,,,,,
,,,,,,,,,,,,,,,,,,,,
,,,,,,,,,,,,,,,,,,,,
,,,,,,,,,,,,,,,,,,,,
,,,,,,,,,,,,,,,,,,,,
,,,,,,,,,,,,,,,,,,,,
,,,,,,,,,,,,,,,,,,,,
,,,,,,,,,,,,,,,,,,,,
,,,,,,,,,,,,,,,,,,,,
,,,,,,,,,,,,,,,,,,,,
,,,,,,,,,,,,,,,,,,,,
,,,,,,,,,,,,,,,,,,,,
,,,,,,,,,,,,,,,,,,,,
,,,,,,,,,,,,,,,,,,,,
,,,,,,,,,,,,,,,,,,,,
,,,,,,,,,,,,,,,,,,,,
,,,,,,,,,,,,,,,,,,,,
,,,,,,,,,,,,,,,,,,,,
,,,,,,,,,,,,,,,,,,,,
,,,,,,,,,,,,,,,,,,,,
,,,,,,,,,,,,,,,,,,,,
,,,,,,,,,,,,,,,,,,,,
,,,,,,,,,,,,,,,,,,,,
,,,,,,,,,,,,,,,,,,,,
,,,,,,,,,,,,,,,,,,,,
,,,,,,,,,,,,,,,,,,,,
,,,,,,,,,,,,,,,,,,,,
,,,,,,,,,,,,,,,,,,,,
,,,,,,,,,,,,,,,,,,,,
,,,,,,,,,,,,,,,,,,,,
,,,,,,,,,,,,,,,,,,,,
,,,,,,,,,,,,,,,,,,,,
,,,,,,,,,,,,,,,,,,,,
,,,,,,,,,,,,,,,,,,,,
,,,,,,,,,,,,,,,,,,,,
,,,,,,,,,,,,,,,,,,,,
,,,,,,,,,,,,,,,,,,,,
,,,,,,,,,,,,,,,,,,,,
,,,,,,,,,,,,,,,,,,,,
,,,,,,,,,,,,,,,,,,,,
,,,,,,,,,,,,,,,,,,,,
,,,,,,,,,,,,,,,,,,,,
,,,,,,,,,,,,,,,,,,,,
,,,,,,,,,,,,,,,,,,,,
,,,,,,,,,,,,,,,,,,,,
,,,,,,,,,,,,,,,,,,,,
,,,,,,,,,,,,,,,,,,,,
,,,,,,,,,,,,,,,,,,,,
,,,,,,,,,,,,,,,,,,,,
,,,,,,,,,,,,,,,,,,,,
,,,,,,,,,,,,,,,,,,,,
,,,,,,,,,,,,,,,,,,,,
,,,,,,,,,,,,,,,,,,,,
,,,,,,,,,,,,,,,,,,,,
,,,,,,,,,,,,,,,,,,,,
,,,,,,,,,,,,,,,,,,,,
,,,,,,,,,,,,,,,,,,,,
,,,,,,,,,,,,,,,,,,,,
,,,,,,,,,,,,,,,,,,,,
,,,,,,,,,,,,,,,,,,,,
,,,,,,,,,,,,,,,,,,,,
,,,,,,,,,,,,,,,,,,,,
,,,,,,,,,,,,,,,,,,,,
,,,,,,,,,,,,,,,,,,,,
,,,,,,,,,,,,,,,,,,,,
,,,,,,,,,,,,,,,,,,,,
,,,,,,,,,,,,,,,,,,,,
,,,,,,,,,,,,,,,,,,,,
,,,,,,,,,,,,,,,,,,,,
,,,,,,,,,,,,,,,,,,,,
,,,,,,,,,,,,,,,,,,,,
,,,,,,,,,,,,,,,,,,,,
,,,,,,,,,,,,,,,,,,,,
,,,,,,,,,,,,,,,,,,,,
,,,,,,,,,,,,,,,,,,,,
,,,,,,,,,,,,,,,,,,,,
,,,,,,,,,,,,,,,,,,,,
,,,,,,,,,,,,,,,,,,,,
,,,,,,,,,,,,,,,,,,,,
,,,,,,,,,,,,,,,,,,,,
,,,,,,,,,,,,,,,,,,,,
,,,,,,,,,,,,,,,,,,,,
,,,,,,,,,,,,,,,,,,,,
,,,,,,,,,,,,,,,,,,,,
,,,,,,,,,,,,,,,,,,,,
,,,,,,,,,,,,,,,,,,,,
,,,,,,,,,,,,,,,,,,,,
,,,,,,,,,,,,,,,,,,,,
,,,,,,,,,,,,,,,,,,,,
,,,,,,,,,,,,,,,,,,,,
,,,,,,,,,,,,,,,,,,,,
,,,,,,,,,,,,,,,,,,,,
,,,,,,,,,,,,,,,,,,,,
,,,,,,,,,,,,,,,,,,,,
,,,,,,,,,,,,,,,,,,,,
,,,,,,,,,,,,,,,,,,,,
,,,,,,,,,,,,,,,,,,,,
,,,,,,,,,,,,,,,,,,,,
,,,,,,,,,,,,,,,,,,,,
,,,,,,,,,,,,,,,,,,,,
,,,,,,,,,,,,,,,,,,,,
,,,,,,,,,,,,,,,,,,,,
,,,,,,,,,,,,,,,,,,,,
,,,,,,,,,,,,,,,,,,,,
,,,,,,,,,,,,,,,,,,,,
,,,,,,,,,,,,,,,,,,,,
,,,,,,,,,,,,,,,,,,,,
,,,,,,,,,,,,,,,,,,,,
,,,,,,,,,,,,,,,,,,,,
,,,,,,,,,,,,,,,,,,,,
,,,,,,,,,,,,,,,,,,,,
,,,,,,,,,,,,,,,,,,,,
,,,,,,,,,,,,,,,,,,,,
,,,,,,,,,,,,,,,,,,,,
,,,,,,,,,,,,,,,,,,,,
,,,,,,,,,,,,,,,,,,,,
,,,,,,,,,,,,,,,,,,,,
,,,,,,,,,,,,,,,,,,,,
,,,,,,,,,,,,,,,,,,,,
,,,,,,,,,,,,,,,,,,,,
,,,,,,,,,,,,,,,,,,,,
,,,,,,,,,,,,,,,,,,,,
,,,,,,,,,,,,,,,,,,,,
,,,,,,,,,,,,,,,,,,,,
,,,,,,,,,,,,,,,,,,,,
,,,,,,,,,,,,,,,,,,,,
,,,,,,,,,,,,,,,,,,,,
,,,,,,,,,,,,,,,,,,,,
,,,,,,,,,,,,,,,,,,,,
,,,,,,,,,,,,,,,,,,,,
,,,,,,,,,,,,,,,,,,,,
,,,,,,,,,,,,,,,,,,,,
,,,,,,,,,,,,,,,,,,,,
,,,,,,,,,,,,,,,,,,,,
,,,,,,,,,,,,,,,,,,,,
,,,,,,,,,,,,,,,,,,,,
,,,,,,,,,,,,,,,,,,,,
,,,,,,,,,,,,,,,,,,,,
,,,,,,,,,,,,,,,,,,,,
,,,,,,,,,,,,,,,,,,,,
,,,,,,,,,,,,,,,,,,,,
,,,,,,,,,,,,,,,,,,,,
,,,,,,,,,,,,,,,,,,,,
,,,,,,,,,,,,,,,,,,,,
,,,,,,,,,,,,,,,,,,,,
,,,,,,,,,,,,,,,,,,,,
,,,,,,,,,,,,,,,,,,,,
,,,,,,,,,,,,,,,,,,,,
,,,,,,,,,,,,,,,,,,,,
,,,,,,,,,,,,,,,,,,,,
,,,,,,,,,,,,,,,,,,,,
,,,,,,,,,,,,,,,,,,,,
,,,,,,,,,,,,,,,,,,,,
,,,,,,,,,,,,,,,,,,,,
,,,,,,,,,,,,,,,,,,,,
,,,,,,,,,,,,,,,,,,,,
,,,,,,,,,,,,,,,,,,,,
,,,,,,,,,,,,,,,,,,,,
,,,,,,,,,,,,,,,,,,,,
,,,,,,,,,,,,,,,,,,,,
,,,,,,,,,,,,,,,,,,,,
,,,,,,,,,,,,,,,,,,,,
,,,,,,,,,,,,,,,,,,,,
,,,,,,,,,,,,,,,,,,,,
,,,,,,,,,,,,,,,,,,,,
,,,,,,,,,,,,,,,,,,,,
,,,,,,,,,,,,,,,,,,,,
,,,,,,,,,,,,,,,,,,,,
,,,,,,,,,,,,,,,,,,,,
,,,,,,,,,,,,,,,,,,,,
,,,,,,,,,,,,,,,,,,,,
,,,,,,,,,,,,,,,,,,,,
,,,,,,,,,,,,,,,,,,,,
,,,,,,,,,,,,,,,,,,,,
,,,,,,,,,,,,,,,,,,,,
,,,,,,,,,,,,,,,,,,,,
,,,,,,,,,,,,,,,,,,,,
,,,,,,,,,,,,,,,,,,,,
,,,,,,,,,,,,,,,,,,,,
,,,,,,,,,,,,,,,,,,,,
,,,,,,,,,,,,,,,,,,,,
,,,,,,,,,,,,,,,,,,,,
,,,,,,,,,,,,,,,,,,,,
,,,,,,,,,,,,,,,,,,,,
,,,,,,,,,,,,,,,,,,,,
,,,,,,,,,,,,,,,,,,,,
,,,,,,,,,,,,,,,,,,,,
,,,,,,,,,,,,,,,,,,,,
,,,,,,,,,,,,,,,,,,,,
,,,,,,,,,,,,,,,,,,,,
,,,,,,,,,,,,,,,,,,,,
,,,,,,,,,,,,,,,,,,,,
,,,,,,,,,,,,,,,,,,,,
,,,,,,,,,,,,,,,,,,,,
,,,,,,,,,,,,,,,,,,,,
,,,,,,,,,,,,,,,,,,,,
,,,,,,,,,,,,,,,,,,,,
,,,,,,,,,,,,,,,,,,,,
,,,,,,,,,,,,,,,,,,,,
,,,,,,,,,,,,,,,,,,,,
,,,,,,,,,,,,,,,,,,,,
,,,,,,,,,,,,,,,,,,,,
,,,,,,,,,,,,,,,,,,,,
,,,,,,,,,,,,,,,,,,,,
,,,,,,,,,,,,,,,,,,,,
,,,,,,,,,,,,,,,,,,,,
,,,,,,,,,,,,,,,,,,,,
,,,,,,,,,,,,,,,,,,,,
,,,,,,,,,,,,,,,,,,,,
,,,,,,,,,,,,,,,,,,,,
,,,,,,,,,,,,,,,,,,,,
,,,,,,,,,,,,,,,,,,,,
,,,,,,,,,,,,,,,,,,,,
,,,,,,,,,,,,,,,,,,,,
,,,,,,,,,,,,,,,,,,,,
,,,,,,,,,,,,,,,,,,,,
,,,,,,,,,,,,,,,,,,,,
,,,,,,,,,,,,,,,,,,,,
,,,,,,,,,,,,,,,,,,,,
,,,,,,,,,,,,,,,,,,,,
,,,,,,,,,,,,,,,,,,,,
,,,,,,,,,,,,,,,,,,,,
,,,,,,,,,,,,,,,,,,,,
,,,,,,,,,,,,,,,,,,,,
,,,,,,,,,,,,,,,,,,,,
,,,,,,,,,,,,,,,,,,,,
,,,,,,,,,,,,,,,,,,,,
,,,,,,,,,,,,,,,,,,,,
,,,,,,,,,,,,,,,,,,,,
,,,,,,,,,,,,,,,,,,,,
,,,,,,,,,,,,,,,,,,,,
,,,,,,,,,,,,,,,,,,,,
,,,,,,,,,,,,,,,,,,,,
,,,,,,,,,,,,,,,,,,,,
,,,,,,,,,,,,,,,,,,,,
,,,,,,,,,,,,,,,,,,,,
,,,,,,,,,,,,,,,,,,,,
,,,,,,,,,,,,,,,,,,,,
,,,,,,,,,,,,,,,,,,,,
,,,,,,,,,,,,,,,,,,,,
,,,,,,,,,,,,,,,,,,,,
,,,,,,,,,,,,,,,,,,,,
,,,,,,,,,,,,,,,,,,,,
,,,,,,,,,,,,,,,,,,,,
,,,,,,,,,,,,,,,,,,,,
,,,,,,,,,,,,,,,,,,,,
,,,,,,,,,,,,,,,,,,,,
,,,,,,,,,,,,,,,,,,,,
,,,,,,,,,,,,,,,,,,,,
,,,,,,,,,,,,,,,,,,,,
,,,,,,,,,,,,,,,,,,,,
,,,,,,,,,,,,,,,,,,,,
,,,,,,,,,,,,,,,,,,,,
,,,,,,,,,,,,,,,,,,,,
,,,,,,,,,,,,,,,,,,,,
,,,,,,,,,,,,,,,,,,,,
,,,,,,,,,,,,,,,,,,,,
,,,,,,,,,,,,,,,,,,,,
,,,,,,,,,,,,,,,,,,,,
,,,,,,,,,,,,,,,,,,,,
,,,,,,,,,,,,,,,,,,,,
,,,,,,,,,,,,,,,,,,,,
,,,,,,,,,,,,,,,,,,,,
,,,,,,,,,,,,,,,,,,,,
,,,,,,,,,,,,,,,,,,,,
,,,,,,,,,,,,,,,,,,,,
,,,,,,,,,,,,,,,,,,,,
,,,,,,,,,,,,,,,,,,,,
,,,,,,,,,,,,,,,,,,,,
,,,,,,,,,,,,,,,,,,,,
,,,,,,,,,,,,,,,,,,,,
,,,,,,,,,,,,,,,,,,,,
,,,,,,,,,,,,,,,,,,,,
,,,,,,,,,,,,,,,,,,,,
,,,,,,,,,,,,,,,,,,,,
,,,,,,,,,,,,,,,,,,,,
,,,,,,,,,,,,,,,,,,,,
,,,,,,,,,,,,,,,,,,,,
,,,,,,,,,,,,,,,,,,,,
,,,,,,,,,,,,,,,,,,,,
,,,,,,,,,,,,,,,,,,,,
,,,,,,,,,,,,,,,,,,,,
,,,,,,,,,,,,,,,,,,,,
,,,,,,,,,,,,,,,,,,,,
,,,,,,,,,,,,,,,,,,,,
,,,,,,,,,,,,,,,,,,,,
,,,,,,,,,,,,,,,,,,,,
,,,,,,,,,,,,,,,,,,,,
,,,,,,,,,,,,,,,,,,,,
,,,,,,,,,,,,,,,,,,,,
,,,,,,,,,,,,,,,,,,,,
,,,,,,,,,,,,,,,,,,,,
,,,,,,,,,,,,,,,,,,,,
,,,,,,,,,,,,,,,,,,,,
,,,,,,,,,,,,,,,,,,,,
,,,,,,,,,,,,,,,,,,,,
,,,,,,,,,,,,,,,,,,,,
,,,,,,,,,,,,,,,,,,,,
,,,,,,,,,,,,,,,,,,,,
,,,,,,,,,,,,,,,,,,,,
,,,,,,,,,,,,,,,,,,,,
,,,,,,,,,,,,,,,,,,,,
,,,,,,,,,,,,,,,,,,,,
,,,,,,,,,,,,,,,,,,,,
,,,,,,,,,,,,,,,,,,,,
,,,,,,,,,,,,,,,,,,,,
,,,,,,,,,,,,,,,,,,,,
,,,,,,,,,,,,,,,,,,,,
,,,,,,,,,,,,,,,,,,,,
,,,,,,,,,,,,,,,,,,,,
,,,,,,,,,,,,,,,,,,,,
,,,,,,,,,,,,,,,,,,,,
,,,,,,,,,,,,,,,,,,,,
,,,,,,,,,,,,,,,,,,,,
,,,,,,,,,,,,,,,,,,,,
,,,,,,,,,,,,,,,,,,,,
,,,,,,,,,,,,,,,,,,,,
,,,,,,,,,,,,,,,,,,,,
,,,,,,,,,,,,,,,,,,,,
,,,,,,,,,,,,,,,,,,,,
,,,,,,,,,,,,,,,,,,,,
,,,,,,,,,,,,,,,,,,,,
,,,,,,,,,,,,,,,,,,,,
,,,,,,,,,,,,,,,,,,,,
,,,,,,,,,,,,,,,,,,,,
,,,,,,,,,,,,,,,,,,,,
,,,,,,,,,,,,,,,,,,,,
,,,,,,,,,,,,,,,,,,,,
,,,,,,,,,,,,,,,,,,,,
,,,,,,,,,,,,,,,,,,,,
,,,,,,,,,,,,,,,,,,,,
,,,,,,,,,,,,,,,,,,,,
,,,,,,,,,,,,,,,,,,,,
,,,,,,,,,,,,,,,,,,,,
,,,,,,,,,,,,,,,,,,,,
,,,,,,,,,,,,,,,,,,,,
,,,,,,,,,,,,,,,,,,,,
,,,,,,,,,,,,,,,,,,,,
,,,,,,,,,,,,,,,,,,,,
,,,,,,,,,,,,,,,,,,,,
,,,,,,,,,,,,,,,,,,,,
,,,,,,,,,,,,,,,,,,,,
,,,,,,,,,,,,,,,,,,,,
,,,,,,,,,,,,,,,,,,,,
,,,,,,,,,,,,,,,,,,,,
,,,,,,,,,,,,,,,,,,,,
,,,,,,,,,,,,,,,,,,,,
,,,,,,,,,,,,,,,,,,,,
,,,,,,,,,,,,,,,,,,,,
,,,,,,,,,,,,,,,,,,,,
,,,,,,,,,,,,,,,,,,,,
,,,,,,,,,,,,,,,,,,,,
,,,,,,,,,,,,,,,,,,,,
,,,,,,,,,,,,,,,,,,,,
,,,,,,,,,,,,,,,,,,,,
,,,,,,,,,,,,,,,,,,,,
,,,,,,,,,,,,,,,,,,,,
,,,,,,,,,,,,,,,,,,,,
,,,,,,,,,,,,,,,,,,,,
,,,,,,,,,,,,,,,,,,,,
,,,,,,,,,,,,,,,,,,,,
,,,,,,,,,,,,,,,,,,,,
,,,,,,,,,,,,,,,,,,,,
,,,,,,,,,,,,,,,,,,,,
,,,,,,,,,,,,,,,,,,,,
,,,,,,,,,,,,,,,,,,,,
,,,,,,,,,,,,,,,,,,,,
,,,,,,,,,,,,,,,,,,,,
,,,,,,,,,,,,,,,,,,,,
,,,,,,,,,,,,,,,,,,,,
,,,,,,,,,,,,,,,,,,,,
,,,,,,,,,,,,,,,,,,,,
,,,,,,,,,,,,,,,,,,,,
,,,,,,,,,,,,,,,,,,,,
,,,,,,,,,,,,,,,,,,,,
,,,,,,,,,,,,,,,,,,,,
,,,,,,,,,,,,,,,,,,,,
,,,,,,,,,,,,,,,,,,,,
,,,,,,,,,,,,,,,,,,,,
,,,,,,,,,,,,,,,,,,,,
,,,,,,,,,,,,,,,,,,,,
,,,,,,,,,,,,,,,,,,,,
,,,,,,,,,,,,,,,,,,,,
,,,,,,,,,,,,,,,,,,,,
,,,,,,,,,,,,,,,,,,,,
,,,,,,,,,,,,,,,,,,,,
,,,,,,,,,,,,,,,,,,,,
,,,,,,,,,,,,,,,,,,,,
,,,,,,,,,,,,,,,,,,,,
,,,,,,,,,,,,,,,,,,,,
,,,,,,,,,,,,,,,,,,,,
,,,,,,,,,,,,,,,,,,,,
,,,,,,,,,,,,,,,,,,,,
,,,,,,,,,,,,,,,,,,,,
,,,,,,,,,,,,,,,,,,,,
,,,,,,,,,,,,,,,,,,,,
,,,,,,,,,,,,,,,,,,,,
,,,,,,,,,,,,,,,,,,,,
,,,,,,,,,,,,,,,,,,,,
,,,,,,,,,,,,,,,,,,,,
,,,,,,,,,,,,,,,,,,,,
,,,,,,,,,,,,,,,,,,,,
,,,,,,,,,,,,,,,,,,,,
,,,,,,,,,,,,,,,,,,,,
,,,,,,,,,,,,,,,,,,,,
,,,,,,,,,,,,,,,,,,,,
,,,,,,,,,,,,,,,,,,,,
,,,,,,,,,,,,,,,,,,,,
,,,,,,,,,,,,,,,,,,,,
,,,,,,,,,,,,,,,,,,,,
,,,,,,,,,,,,,,,,,,,,
,,,,,,,,,,,,,,,,,,,,
,,,,,,,,,,,,,,,,,,,,
,,,,,,,,,,,,,,,,,,,,
,,,,,,,,,,,,,,,,,,,,
,,,,,,,,,,,,,,,,,,,,
,,,,,,,,,,,,,,,,,,,,
,,,,,,,,,,,,,,,,,,,,
,,,,,,,,,,,,,,,,,,,,
,,,,,,,,,,,,,,,,,,,,
,,,,,,,,,,,,,,,,,,,,
,,,,,,,,,,,,,,,,,,,,
,,,,,,,,,,,,,,,,,,,,
,,,,,,,,,,,,,,,,,,,,
,,,,,,,,,,,,,,,,,,,,
,,,,,,,,,,,,,,,,,,,,
,,,,,,,,,,,,,,,,,,,,
,,,,,,,,,,,,,,,,,,,,
,,,,,,,,,,,,,,,,,,,,
,,,,,,,,,,,,,,,,,,,,
,,,,,,,,,,,,,,,,,,,,
,,,,,,,,,,,,,,,,,,,,
,,,,,,,,,,,,,,,,,,,,
,,,,,,,,,,,,,,,,,,,,
,,,,,,,,,,,,,,,,,,,,
,,,,,,,,,,,,,,,,,,,,
,,,,,,,,,,,,,,,,,,,,
,,,,,,,,,,,,,,,,,,,,
,,,,,,,,,,,,,,,,,,,,
,,,,,,,,,,,,,,,,,,,,
,,,,,,,,,,,,,,,,,,,,
,,,,,,,,,,,,,,,,,,,,
,,,,,,,,,,,,,,,,,,,,
,,,,,,,,,,,,,,,,,,,,
,,,,,,,,,,,,,,,,,,,,
,,,,,,,,,,,,,,,,,,,,
,,,,,,,,,,,,,,,,,,,,
,,,,,,,,,,,,,,,,,,,,
,,,,,,,,,,,,,,,,,,,,
,,,,,,,,,,,,,,,,,,,,
,,,,,,,,,,,,,,,,,,,,
,,,,,,,,,,,,,,,,,,,,
,,,,,,,,,,,,,,,,,,,,
,,,,,,,,,,,,,,,,,,,,
,,,,,,,,,,,,,,,,,,,,
,,,,,,,,,,,,,,,,,,,,
,,,,,,,,,,,,,,,,,,,,
,,,,,,,,,,,,,,,,,,,,
,,,,,,,,,,,,,,,,,,,,
,,,,,,,,,,,,,,,,,,,,
,,,,,,,,,,,,,,,,,,,,
,,,,,,,,,,,,,,,,,,,,
,,,,,,,,,,,,,,,,,,,,
,,,,,,,,,,,,,,,,,,,,
,,,,,,,,,,,,,,,,,,,,
,,,,,,,,,,,,,,,,,,,,
,,,,,,,,,,,,,,,,,,,,
,,,,,,,,,,,,,,,,,,,,
,,,,,,,,,,,,,,,,,,,,
,,,,,,,,,,,,,,,,,,,,
,,,,,,,,,,,,,,,,,,,,
,,,,,,,,,,,,,,,,,,,,
,,,,,,,,,,,,,,,,,,,,
,,,,,,,,,,,,,,,,,,,,
,,,,,,,,,,,,,,,,,,,,
,,,,,,,,,,,,,,,,,,,,
,,,,,,,,,,,,,,,,,,,,
,,,,,,,,,,,,,,,,,,,,
,,,,,,,,,,,,,,,,,,,,
,,,,,,,,,,,,,,,,,,,,
,,,,,,,,,,,,,,,,,,,,
,,,,,,,,,,,,,,,,,,,,
,,,,,,,,,,,,,,,,,,,,
,,,,,,,,,,,,,,,,,,,,
,,,,,,,,,,,,,,,,,,,,
,,,,,,,,,,,,,,,,,,,,
,,,,,,,,,,,,,,,,,,,,
,,,,,,,,,,,,,,,,,,,,
,,,,,,,,,,,,,,,,,,,,
,,,,,,,,,,,,,,,,,,,,
,,,,,,,,,,,,,,,,,,,,
,,,,,,,,,,,,,,,,,,,,
,,,,,,,,,,,,,,,,,,,,
,,,,,,,,,,,,,,,,,,,,
,,,,,,,,,,,,,,,,,,,,
,,,,,,,,,,,,,,,,,,,,
,,,,,,,,,,,,,,,,,,,,
,,,,,,,,,,,,,,,,,,,,
,,,,,,,,,,,,,,,,,,,,
,,,,,,,,,,,,,,,,,,,,
,,,,,,,,,,,,,,,,,,,,
,,,,,,,,,,,,,,,,,,,,
,,,,,,,,,,,,,,,,,,,,
,,,,,,,,,,,,,,,,,,,,
,,,,,,,,,,,,,,,,,,,,
,,,,,,,,,,,,,,,,,,,,
,,,,,,,,,,,,,,,,,,,,
,,,,,,,,,,,,,,,,,,,,
,,,,,,,,,,,,,,,,,,,,
,,,,,,,,,,,,,,,,,,,,
,,,,,,,,,,,,,,,,,,,,
,,,,,,,,,,,,,,,,,,,,
,,,,,,,,,,,,,,,,,,,,
,,,,,,,,,,,,,,,,,,,,
,,,,,,,,,,,,,,,,,,,,
,,,,,,,,,,,,,,,,,,,,
,,,,,,,,,,,,,,,,,,,,
,,,,,,,,,,,,,,,,,,,,
,,,,,,,,,,,,,,,,,,,,
,,,,,,,,,,,,,,,,,,,,
,,,,,,,,,,,,,,,,,,,,
,,,,,,,,,,,,,,,,,,,,
,,,,,,,,,,,,,,,,,,,,
,,,,,,,,,,,,,,,,,,,,
,,,,,,,,,,,,,,,,,,,,
,,,,,,,,,,,,,,,,,,,,
,,,,,,,,,,,,,,,,,,,,
,,,,,,,,,,,,,,,,,,,,
,,,,,,,,,,,,,,,,,,,,
,,,,,,,,,,,,,,,,,,,,
,,,,,,,,,,,,,,,,,,,,
,,,,,,,,,,,,,,,,,,,,
,,,,,,,,,,,,,,,,,,,,
,,,,,,,,,,,,,,,,,,,,
,,,,,,,,,,,,,,,,,,,,
,,,,,,,,,,,,,,,,,,,,
,,,,,,,,,,,,,,,,,,,,
,,,,,,,,,,,,,,,,,,,,
,,,,,,,,,,,,,,,,,,,,
,,,,,,,,,,,,,,,,,,,,
,,,,,,,,,,,,,,,,,,,,
,,,,,,,,,,,,,,,,,,,,
,,,,,,,,,,,,,,,,,,,,
,,,,,,,,,,,,,,,,,,,,
,,,,,,,,,,,,,,,,,,,,
,,,,,,,,,,,,,,,,,,,,
,,,,,,,,,,,,,,,,,,,,
,,,,,,,,,,,,,,,,,,,,
,,,,,,,,,,,,,,,,,,,,
,,,,,,,,,,,,,,,,,,,,
,,,,,,,,,,,,,,,,,,,,
,,,,,,,,,,,,,,,,,,,,
,,,,,,,,,,,,,,,,,,,,
,,,,,,,,,,,,,,,,,,,,
,,,,,,,,,,,,,,,,,,,,
,,,,,,,,,,,,,,,,,,,,
,,,,,,,,,,,,,,,,,,,,
,,,,,,,,,,,,,,,,,,,,
,,,,,,,,,,,,,,,,,,,,
,,,,,,,,,,,,,,,,,,,,
,,,,,,,,,,,,,,,,,,,,
,,,,,,,,,,,,,,,,,,,,
,,,,,,,,,,,,,,,,,,,,
,,,,,,,,,,,,,,,,,,,,
,,,,,,,,,,,,,,,,,,,,
,,,,,,,,,,,,,,,,,,,,
,,,,,,,,,,,,,,,,,,,,
,,,,,,,,,,,,,,,,,,,,
,,,,,,,,,,,,,,,,,,,,
,,,,,,,,,,,,,,,,,,,,
,,,,,,,,,,,,,,,,,,,,
,,,,,,,,,,,,,,,,,,,,
,,,,,,,,,,,,,,,,,,,,
,,,,,,,,,,,,,,,,,,,,
,,,,,,,,,,,,,,,,,,,,
,,,,,,,,,,,,,,,,,,,,
,,,,,,,,,,,,,,,,,,,,
,,,,,,,,,,,,,,,,,,,,
,,,,,,,,,,,,,,,,,,,,
,,,,,,,,,,,,,,,,,,,,
,,,,,,,,,,,,,,,,,,,,
,,,,,,,,,,,,,,,,,,,,
,,,,,,,,,,,,,,,,,,,,
,,,,,,,,,,,,,,,,,,,,
,,,,,,,,,,,,,,,,,,,,
,,,,,,,,,,,,,,,,,,,,
,,,,,,,,,,,,,,,,,,,,
,,,,,,,,,,,,,,,,,,,,
,,,,,,,,,,,,,,,,,,,,
,,,,,,,,,,,,,,,,,,,,
,,,,,,,,,,,,,,,,,,,,
,,,,,,,,,,,,,,,,,,,,
,,,,,,,,,,,,,,,,,,,,
,,,,,,,,,,,,,,,,,,,,
,,,,,,,,,,,,,,,,,,,,
,,,,,,,,,,,,,,,,,,,,
,,,,,,,,,,,,,,,,,,,,
,,,,,,,,,,,,,,,,,,,,
,,,,,,,,,,,,,,,,,,,,
,,,,,,,,,,,,,,,,,,,,
,,,,,,,,,,,,,,,,,,,,
,,,,,,,,,,,,,,,,,,,,
,,,,,,,,,,,,,,,,,,,,
,,,,,,,,,,,,,,,,,,,,
,,,,,,,,,,,,,,,,,,,,
,,,,,,,,,,,,,,,,,,,,
,,,,,,,,,,,,,,,,,,,,
,,,,,,,,,,,,,,,,,,,,
,,,,,,,,,,,,,,,,,,,,
,,,,,,,,,,,,,,,,,,,,
,,,,,,,,,,,,,,,,,,,,
,,,,,,,,,,,,,,,,,,,,
,,,,,,,,,,,,,,,,,,,,
,,,,,,,,,,,,,,,,,,,,
,,,,,,,,,,,,,,,,,,,,
,,,,,,,,,,,,,,,,,,,,
,,,,,,,,,,,,,,,,,,,,
,,,,,,,,,,,,,,,,,,,,
,,,,,,,,,,,,,,,,,,,,
,,,,,,,,,,,,,,,,,,,,
,,,,,,,,,,,,,,,,,,,,
,,,,,,,,,,,,,,,,,,,,
,,,,,,,,,,,,,,,,,,,,
,,,,,,,,,,,,,,,,,,,,
,,,,,,,,,,,,,,,,,,,,
,,,,,,,,,,,,,,,,,,,,
,,,,,,,,,,,,,,,,,,,,
,,,,,,,,,,,,,,,,,,,,
,,,,,,,,,,,,,,,,,,,,
,,,,,,,,,,,,,,,,,,,,
,,,,,,,,,,,,,,,,,,,,
,,,,,,,,,,,,,,,,,,,,
,,,,,,,,,,,,,,,,,,,,
,,,,,,,,,,,,,,,,,,,,
,,,,,,,,,,,,,,,,,,,,
,,,,,,,,,,,,,,,,,,,,
,,,,,,,,,,,,,,,,,,,,
,,,,,,,,,,,,,,,,,,,,
,,,,,,,,,,,,,,,,,,,,
,,,,,,,,,,,,,,,,,,,,
,,,,,,,,,,,,,,,,,,,,
,,,,,,,,,,,,,,,,,,,,
,,,,,,,,,,,,,,,,,,,,
,,,,,,,,,,,,,,,,,,,,
,,,,,,,,,,,,,,,,,,,,
,,,,,,,,,,,,,,,,,,,,
,,,,,,,,,,,,,,,,,,,,
,,,,,,,,,,,,,,,,,,,,
,,,,,,,,,,,,,,,,,,,,
,,,,,,,,,,,,,,,,,,,,
,,,,,,,,,,,,,,,,,,,,
,,,,,,,,,,,,,,,,,,,,
,,,,,,,,,,,,,,,,,,,,
,,,,,,,,,,,,,,,,,,,,
,,,,,,,,,,,,,,,,,,,,
,,,,,,,,,,,,,,,,,,,,
,,,,,,,,,,,,,,,,,,,,
,,,,,,,,,,,,,,,,,,,,
,,,,,,,,,,,,,,,,,,,,
,,,,,,,,,,,,,,,,,,,,
,,,,,,,,,,,,,,,,,,,,
,,,,,,,,,,,,,,,,,,,,
,,,,,,,,,,,,,,,,,,,,
,,,,,,,,,,,,,,,,,,,,
,,,,,,,,,,,,,,,,,,,,
,,,,,,,,,,,,,,,,,,,,
,,,,,,,,,,,,,,,,,,,,
,,,,,,,,,,,,,,,,,,,,
,,,,,,,,,,,,,,,,,,,,
,,,,,,,,,,,,,,,,,,,,
,,,,,,,,,,,,,,,,,,,,
,,,,,,,,,,,,,,,,,,,,
,,,,,,,,,,,,,,,,,,,,
,,,,,,,,,,,,,,,,,,,,
,,,,,,,,,,,,,,,,,,,,
,,,,,,,,,,,,,,,,,,,,
,,,,,,,,,,,,,,,,,,,,
,,,,,,,,,,,,,,,,,,,,
,,,,,,,,,,,,,,,,,,,,
,,,,,,,,,,,,,,,,,,,,
,,,,,,,,,,,,,,,,,,,,
,,,,,,,,,,,,,,,,,,,,
,,,,,,,,,,,,,,,,,,,,
,,,,,,,,,,,,,,,,,,,,
,,,,,,,,,,,,,,,,,,,,
,,,,,,,,,,,,,,,,,,,,
,,,,,,,,,,,,,,,,,,,,
,,,,,,,,,,,,,,,,,,,,
,,,,,,,,,,,,,,,,,,,,
,,,,,,,,,,,,,,,,,,,,
,,,,,,,,,,,,,,,,,,,,
,,,,,,,,,,,,,,,,,,,,
,,,,,,,,,,,,,,,,,,,,
,,,,,,,,,,,,,,,,,,,,
,,,,,,,,,,,,,,,,,,,,
,,,,,,,,,,,,,,,,,,,,
,,,,,,,,,,,,,,,,,,,,
,,,,,,,,,,,,,,,,,,,,
,,,,,,,,,,,,,,,,,,,,
,,,,,,,,,,,,,,,,,,,,
,,,,,,,,,,,,,,,,,,,,
,,,,,,,,,,,,,,,,,,,,
,,,,,,,,,,,,,,,,,,,,
,,,,,,,,,,,,,,,,,,,,
,,,,,,,,,,,,,,,,,,,,
,,,,,,,,,,,,,,,,,,,,
,,,,,,,,,,,,,,,,,,,,
,,,,,,,,,,,,,,,,,,,,
,,,,,,,,,,,,,,,,,,,,
,,,,,,,,,,,,,,,,,,,,
,,,,,,,,,,,,,,,,,,,,
,,,,,,,,,,,,,,,,,,,,
,,,,,,,,,,,,,,,,,,,,
,,,,,,,,,,,,,,,,,,,,
,,,,,,,,,,,,,,,,,,,,
,,,,,,,,,,,,,,,,,,,,
,,,,,,,,,,,,,,,,,,,,
,,,,,,,,,,,,,,,,,,,,
,,,,,,,,,,,,,,,,,,,,
,,,,,,,,,,,,,,,,,,,,
,,,,,,,,,,,,,,,,,,,,
,,,,,,,,,,,,,,,,,,,,
,,,,,,,,,,,,,,,,,,,,
,,,,,,,,,,,,,,,,,,,,
,,,,,,,,,,,,,,,,,,,,
,,,,,,,,,,,,,,,,,,,,
,,,,,,,,,,,,,,,,,,,,
,,,,,,,,,,,,,,,,,,,,
,,,,,,,,,,,,,,,,,,,,
,,,,,,,,,,,,,,,,,,,,
,,,,,,,,,,,,,,,,,,,,
,,,,,,,,,,,,,,,,,,,,
,,,,,,,,,,,,,,,,,,,,
,,,,,,,,,,,,,,,,,,,,
,,,,,,,,,,,,,,,,,,,,
,,,,,,,,,,,,,,,,,,,,
,,,,,,,,,,,,,,,,,,,,
,,,,,,,,,,,,,,,,,,,,
,,,,,,,,,,,,,,,,,,,,
,,,,,,,,,,,,,,,,,,,,
,,,,,,,,,,,,,,,,,,,,
,,,,,,,,,,,,,,,,,,,,
,,,,,,,,,,,,,,,,,,,,
,,,,,,,,,,,,,,,,,,,,
,,,,,,,,,,,,,,,,,,,,
,,,,,,,,,,,,,,,,,,,,
,,,,,,,,,,,,,,,,,,,,
,,,,,,,,,,,,,,,,,,,,
,,,,,,,,,,,,,,,,,,,,
,,,,,,,,,,,,,,,,,,,,
,,,,,,,,,,,,,,,,,,,,
,,,,,,,,,,,,,,,,,,,,
,,,,,,,,,,,,,,,,,,,,
,,,,,,,,,,,,,,,,,,,,
,,,,,,,,,,,,,,,,,,,,
,,,,,,,,,,,,,,,,,,,,
,,,,,,,,,,,,,,,,,,,,
,,,,,,,,,,,,,,,,,,,,
,,,,,,,,,,,,,,,,,,,,
,,,,,,,,,,,,,,,,,,,,
,,,,,,,,,,,,,,,,,,,,
,,,,,,,,,,,,,,,,,,,,
,,,,,,,,,,,,,,,,,,,,
,,,,,,,,,,,,,,,,,,,,
,,,,,,,,,,,,,,,,,,,,
,,,,,,,,,,,,,,,,,,,,
,,,,,,,,,,,,,,,,,,,,
,,,,,,,,,,,,,,,,,,,,
,,,,,,,,,,,,,,,,,,,,
,,,,,,,,,,,,,,,,,,,,
,,,,,,,,,,,,,,,,,,,,
,,,,,,,,,,,,,,,,,,,,
,,,,,,,,,,,,,,,,,,,,
,,,,,,,,,,,,,,,,,,,,
,,,,,,,,,,,,,,,,,,,,
,,,,,,,,,,,,,,,,,,,,
,,,,,,,,,,,,,,,,,,,,
,,,,,,,,,,,,,,,,,,,,
,,,,,,,,,,,,,,,,,,,,
,,,,,,,,,,,,,,,,,,,,
,,,,,,,,,,,,,,,,,,,,
,,,,,,,,,,,,,,,,,,,,
,,,,,,,,,,,,,,,,,,,,
,,,,,,,,,,,,,,,,,,,,
,,,,,,,,,,,,,,,,,,,,
,,,,,,,,,,,,,,,,,,,,
,,,,,,,,,,,,,,,,,,,,
,,,,,,,,,,,,,,,,,,,,
,,,,,,,,,,,,,,,,,,,,
,,,,,,,,,,,,,,,,,,,,
,,,,,,,,,,,,,,,,,,,,
,,,,,,,,,,,,,,,,,,,,
,,,,,,,,,,,,,,,,,,,,
,,,,,,,,,,,,,,,,,,,,
,,,,,,,,,,,,,,,,,,,,
,,,,,,,,,,,,,,,,,,,,
,,,,,,,,,,,,,,,,,,,,
,,,,,,,,,,,,,,,,,,,,
,,,,,,,,,,,,,,,,,,,,
,,,,,,,,,,,,,,,,,,,,
,,,,,,,,,,,,,,,,,,,,
,,,,,,,,,,,,,,,,,,,,
,,,,,,,,,,,,,,,,,,,,
,,,,,,,,,,,,,,,,,,,,
,,,,,,,,,,,,,,,,,,,,
,,,,,,,,,,,,,,,,,,,,
,,,,,,,,,,,,,,,,,,,,
,,,,,,,,,,,,,,,,,,,,
,,,,,,,,,,,,,,,,,,,,
,,,,,,,,,,,,,,,,,,,,
,,,,,,,,,,,,,,,,,,,,
,,,,,,,,,,,,,,,,,,,,
,,,,,,,,,,,,,,,,,,,,
,,,,,,,,,,,,,,,,,,,,
,,,,,,,,,,,,,,,,,,,,
,,,,,,,,,,,,,,,,,,,,
,,,,,,,,,,,,,,,,,,,,
,,,,,,,,,,,,,,,,,,,,
,,,,,,,,,,,,,,,,,,,,
,,,,,,,,,,,,,,,,,,,,
,,,,,,,,,,,,,,,,,,,,
,,,,,,,,,,,,,,,,,,,,
,,,,,,,,,,,,,,,,,,,,
,,,,,,,,,,,,,,,,,,,,
,,,,,,,,,,,,,,,,,,,,
,,,,,,,,,,,,,,,,,,,,
,,,,,,,,,,,,,,,,,,,,
,,,,,,,,,,,,,,,,,,,,
,,,,,,,,,,,,,,,,,,,,
,,,,,,,,,,,,,,,,,,,,
,,,,,,,,,,,,,,,,,,,,
,,,,,,,,,,,,,,,,,,,,
,,,,,,,,,,,,,,,,,,,,
,,,,,,,,,,,,,,,,,,,,
,,,,,,,,,,,,,,,,,,,,
,,,,,,,,,,,,,,,,,,,,
,,,,,,,,,,,,,,,,,,,,
,,,,,,,,,,,,,,,,,,,,
,,,,,,,,,,,,,,,,,,,,
,,,,,,,,,,,,,,,,,,,,
,,,,,,,,,,,,,,,,,,,,
,,,,,,,,,,,,,,,,,,,,
,,,,,,,,,,,,,,,,,,,,
,,,,,,,,,,,,,,,,,,,,
,,,,,,,,,,,,,,,,,,,,
,,,,,,,,,,,,,,,,,,,,
,,,,,,,,,,,,,,,,,,,,
,,,,,,,,,,,,,,,,,,,,
,,,,,,,,,,,,,,,,,,,,
,,,,,,,,,,,,,,,,,,,,
,,,,,,,,,,,,,,,,,,,,
,,,,,,,,,,,,,,,,,,,,
,,,,,,,,,,,,,,,,,,,,
,,,,,,,,,,,,,,,,,,,,
,,,,,,,,,,,,,,,,,,,,
,,,,,,,,,,,,,,,,,,,,
,,,,,,,,,,,,,,,,,,,,
,,,,,,,,,,,,,,,,,,,,
,,,,,,,,,,,,,,,,,,,,
,,,,,,,,,,,,,,,,,,,,
,,,,,,,,,,,,,,,,,,,,
,,,,,,,,,,,,,,,,,,,,
,,,,,,,,,,,,,,,,,,,,
,,,,,,,,,,,,,,,,,,,,
,,,,,,,,,,,,,,,,,,,,
,,,,,,,,,,,,,,,,,,,,
,,,,,,,,,,,,,,,,,,,,
,,,,,,,,,,,,,,,,,,,,
,,,,,,,,,,,,,,,,,,,,
,,,,,,,,,,,,,,,,,,,,
,,,,,,,,,,,,,,,,,,,,
,,,,,,,,,,,,,,,,,,,,
,,,,,,,,,,,,,,,,,,,,
,,,,,,,,,,,,,,,,,,,,
,,,,,,,,,,,,,,,,,,,,
,,,,,,,,,,,,,,,,,,,,
,,,,,,,,,,,,,,,,,,,,
,,,,,,,,,,,,,,,,,,,,
,,,,,,,,,,,,,,,,,,,,
,,,,,,,,,,,,,,,,,,,,
,,,,,,,,,,,,,,,,,,,,
,,,,,,,,,,,,,,,,,,,,
,,,,,,,,,,,,,,,,,,,,
,,,,,,,,,,,,,,,,,,,,
,,,,,,,,,,,,,,,,,,,,
,,,,,,,,,,,,,,,,,,,,
,,,,,,,,,,,,,,,,,,,,
,,,,,,,,,,,,,,,,,,,,
,,,,,,,,,,,,,,,,,,,,
,,,,,,,,,,,,,,,,,,,,
,,,,,,,,,,,,,,,,,,,,
,,,,,,,,,,,,,,,,,,,,
,,,,,,,,,,,,,,,,,,,,
,,,,,,,,,,,,,,,,,,,,
,,,,,,,,,,,,,,,,,,,,
,,,,,,,,,,,,,,,,,,,,
,,,,,,,,,,,,,,,,,,,,
,,,,,,,,,,,,,,,,,,,,
,,,,,,,,,,,,,,,,,,,,
,,,,,,,,,,,,,,,,,,,,
,,,,,,,,,,,,,,,,,,,,
,,,,,,,,,,,,,,,,,,,,
,,,,,,,,,,,,,,,,,,,,
,,,,,,,,,,,,,,,,,,,,
,,,,,,,,,,,,,,,,,,,,
,,,,,,,,,,,,,,,,,,,,
,,,,,,,,,,,,,,,,,,,,
,,,,,,,,,,,,,,,,,,,,
,,,,,,,,,,,,,,,,,,,,
,,,,,,,,,,,,,,,,,,,,
,,,,,,,,,,,,,,,,,,,,
,,,,,,,,,,,,,,,,,,,,
,,,,,,,,,,,,,,,,,,,,
,,,,,,,,,,,,,,,,,,,,
,,,,,,,,,,,,,,,,,,,,
,,,,,,,,,,,,,,,,,,,,
,,,,,,,,,,,,,,,,,,,,
,,,,,,,,,,,,,,,,,,,,
,,,,,,,,,,,,,,,,,,,,
,,,,,,,,,,,,,,,,,,,,
,,,,,,,,,,,,,,,,,,,,
,,,,,,,,,,,,,,,,,,,,
,,,,,,,,,,,,,,,,,,,,
,,,,,,,,,,,,,,,,,,,,
,,,,,,,,,,,,,,,,,,,,
,,,,,,,,,,,,,,,,,,,,
,,,,,,,,,,,,,,,,,,,,
,,,,,,,,,,,,,,,,,,,,
,,,,,,,,,,,,,,,,,,,,
,,,,,,,,,,,,,,,,,,,,
,,,,,,,,,,,,,,,,,,,,
,,,,,,,,,,,,,,,,,,,,
,,,,,,,,,,,,,,,,,,,,
,,,,,,,,,,,,,,,,,,,,
,,,,,,,,,,,,,,,,,,,,
,,,,,,,,,,,,,,,,,,,,
,,,,,,,,,,,,,,,,,,,,
,,,,,,,,,,,,,,,,,,,,
,,,,,,,,,,,,,,,,,,,,
,,,,,,,,,,,,,,,,,,,,
,,,,,,,,,,,,,,,,,,,,
,,,,,,,,,,,,,,,,,,,,
,,,,,,,,,,,,,,,,,,,,
,,,,,,,,,,,,,,,,,,,,
,,,,,,,,,,,,,,,,,,,,
,,,,,,,,,,,,,,,,,,,,
,,,,,,,,,,,,,,,,,,,,
,,,,,,,,,,,,,,,,,,,,
,,,,,,,,,,,,,,,,,,,,
,,,,,,,,,,,,,,,,,,,,
,,,,,,,,,,,,,,,,,,,,
,,,,,,,,,,,,,,,,,,,,
,,,,,,,,,,,,,,,,,,,,
,,,,,,,,,,,,,,,,,,,,
,,,,,,,,,,,,,,,,,,,,
,,,,,,,,,,,,,,,,,,,,
,,,,,,,,,,,,,,,,,,,,
,,,,,,,,,,,,,,,,,,,,
,,,,,,,,,,,,,,,,,,,,
,,,,,,,,,,,,,,,,,,,,
,,,,,,,,,,,,,,,,,,,,
,,,,,,,,,,,,,,,,,,,,
,,,,,,,,,,,,,,,,,,,,
,,,,,,,,,,,,,,,,,,,,
,,,,,,,,,,,,,,,,,,,,
,,,,,,,,,,,,,,,,,,,,
,,,,,,,,,,,,,,,,,,,,
,,,,,,,,,,,,,,,,,,,,
,,,,,,,,,,,,,,,,,,,,
,,,,,,,,,,,,,,,,,,,,
,,,,,,,,,,,,,,,,,,,,
,,,,,,,,,,,,,,,,,,,,
,,,,,,,,,,,,,,,,,,,,
,,,,,,,,,,,,,,,,,,,,
,,,,,,,,,,,,,,,,,,,,
,,,,,,,,,,,,,,,,,,,,
,,,,,,,,,,,,,,,,,,,,
,,,,,,,,,,,,,,,,,,,,
,,,,,,,,,,,,,,,,,,,,
,,,,,,,,,,,,,,,,,,,,
,,,,,,,,,,,,,,,,,,,,
,,,,,,,,,,,,,,,,,,,,
,,,,,,,,,,,,,,,,,,,,
,,,,,,,,,,,,,,,,,,,,
,,,,,,,,,,,,,,,,,,,,
,,,,,,,,,,,,,,,,,,,,
,,,,,,,,,,,,,,,,,,,,
,,,,,,,,,,,,,,,,,,,,
,,,,,,,,,,,,,,,,,,,,
,,,,,,,,,,,,,,,,,,,,
,,,,,,,,,,,,,,,,,,,,
,,,,,,,,,,,,,,,,,,,,
,,,,,,,,,,,,,,,,,,,,
,,,,,,,,,,,,,,,,,,,,
,,,,,,,,,,,,,,,,,,,,
,,,,,,,,,,,,,,,,,,,,
,,,,,,,,,,,,,,,,,,,,
,,,,,,,,,,,,,,,,,,,,
,,,,,,,,,,,,,,,,,,,,
,,,,,,,,,,,,,,,,,,,,
,,,,,,,,,,,,,,,,,,,,
,,,,,,,,,,,,,,,,,,,,
,,,,,,,,,,,,,,,,,,,,
,,,,,,,,,,,,,,,,,,,,
,,,,,,,,,,,,,,,,,,,,
,,,,,,,,,,,,,,,,,,,,
,,,,,,,,,,,,,,,,,,,,
,,,,,,,,,,,,,,,,,,,,
,,,,,,,,,,,,,,,,,,,,
,,,,,,,,,,,,,,,,,,,,
,,,,,,,,,,,,,,,,,,,,
,,,,,,,,,,,,,,,,,,,,
,,,,,,,,,,,,,,,,,,,,
,,,,,,,,,,,,,,,,,,,,
,,,,,,,,,,,,,,,,,,,,
,,,,,,,,,,,,,,,,,,,,
,,,,,,,,,,,,,,,,,,,,
,,,,,,,,,,,,,,,,,,,,
,,,,,,,,,,,,,,,,,,,,
,,,,,,,,,,,,,,,,,,,,
,,,,,,,,,,,,,,,,,,,,
,,,,,,,,,,,,,,,,,,,,
,,,,,,,,,,,,,,,,,,,,
,,,,,,,,,,,,,,,,,,,,
,,,,,,,,,,,,,,,,,,,,
,,,,,,,,,,,,,,,,,,,,
,,,,,,,,,,,,,,,,,,,,
,,,,,,,,,,,,,,,,,,,,
,,,,,,,,,,,,,,,,,,,,
,,,,,,,,,,,,,,,,,,,,
,,,,,,,,,,,,,,,,,,,,
,,,,,,,,,,,,,,,,,,,,
,,,,,,,,,,,,,,,,,,,,
,,,,,,,,,,,,,,,,,,,,
,,,,,,,,,,,,,,,,,,,,
,,,,,,,,,,,,,,,,,,,,
,,,,,,,,,,,,,,,,,,,,
,,,,,,,,,,,,,,,,,,,,
,,,,,,,,,,,,,,,,,,,,
,,,,,,,,,,,,,,,,,,,,
,,,,,,,,,,,,,,,,,,,,
,,,,,,,,,,,,,,,,,,,,
,,,,,,,,,,,,,,,,,,,,
,,,,,,,,,,,,,,,,,,,,
,,,,,,,,,,,,,,,,,,,,
,,,,,,,,,,,,,,,,,,,,
,,,,,,,,,,,,,,,,,,,,
,,,,,,,,,,,,,,,,,,,,
,,,,,,,,,,,,,,,,,,,,
,,,,,,,,,,,,,,,,,,,,
,,,,,,,,,,,,,,,,,,,,
,,,,,,,,,,,,,,,,,,,,
,,,,,,,,,,,,,,,,,,,,
,,,,,,,,,,,,,,,,,,,,
,,,,,,,,,,,,,,,,,,,,
,,,,,,,,,,,,,,,,,,,,
,,,,,,,,,,,,,,,,,,,,
,,,,,,,,,,,,,,,,,,,,
,,,,,,,,,,,,,,,,,,,,
,,,,,,,,,,,,,,,,,,,,
,,,,,,,,,,,,,,,,,,,,
,,,,,,,,,,,,,,,,,,,,
,,,,,,,,,,,,,,,,,,,,
,,,,,,,,,,,,,,,,,,,,
,,,,,,,,,,,,,,,,,,,,
,,,,,,,,,,,,,,,,,,,,
,,,,,,,,,,,,,,,,,,,,
,,,,,,,,,,,,,,,,,,,,
,,,,,,,,,,,,,,,,,,,,
,,,,,,,,,,,,,,,,,,,,
,,,,,,,,,,,,,,,,,,,,
,,,,,,,,,,,,,,,,,,,,
,,,,,,,,,,,,,,,,,,,,
,,,,,,,,,,,,,,,,,,,,
,,,,,,,,,,,,,,,,,,,,
,,,,,,,,,,,,,,,,,,,,
,,,,,,,,,,,,,,,,,,,,
,,,,,,,,,,,,,,,,,,,,
,,,,,,,,,,,,,,,,,,,,
,,,,,,,,,,,,,,,,,,,,
,,,,,,,,,,,,,,,,,,,,
,,,,,,,,,,,,,,,,,,,,
,,,,,,,,,,,,,,,,,,,,
,,,,,,,,,,,,,,,,,,,,
,,,,,,,,,,,,,,,,,,,,
,,,,,,,,,,,,,,,,,,,,
,,,,,,,,,,,,,,,,,,,,
,,,,,,,,,,,,,,,,,,,,
,,,,,,,,,,,,,,,,,,,,
,,,,,,,,,,,,,,,,,,,,
,,,,,,,,,,,,,,,,,,,,
,,,,,,,,,,,,,,,,,,,,
,,,,,,,,,,,,,,,,,,,,
,,,,,,,,,,,,,,,,,,,,
,,,,,,,,,,,,,,,,,,,,
,,,,,,,,,,,,,,,,,,,,
,,,,,,,,,,,,,,,,,,,,
,,,,,,,,,,,,,,,,,,,,
,,,,,,,,,,,,,,,,,,,,
,,,,,,,,,,,,,,,,,,,,
,,,,,,,,,,,,,,,,,,,,
,,,,,,,,,,,,,,,,,,,,
,,,,,,,,,,,,,,,,,,,,
,,,,,,,,,,,,,,,,,,,,
,,,,,,,,,,,,,,,,,,,,
,,,,,,,,,,,,,,,,,,,,
,,,,,,,,,,,,,,,,,,,,
,,,,,,,,,,,,,,,,,,,,
,,,,,,,,,,,,,,,,,,,,
,,,,,,,,,,,,,,,,,,,,
,,,,,,,,,,,,,,,,,,,,
,,,,,,,,,,,,,,,,,,,,
,,,,,,,,,,,,,,,,,,,,
,,,,,,,,,,,,,,,,,,,,
,,,,,,,,,,,,,,,,,,,,
,,,,,,,,,,,,,,,,,,,,
,,,,,,,,,,,,,,,,,,,,
,,,,,,,,,,,,,,,,,,,,
,,,,,,,,,,,,,,,,,,,,
,,,,,,,,,,,,,,,,,,,,
,,,,,,,,,,,,,,,,,,,,
,,,,,,,,,,,,,,,,,,,,
,,,,,,,,,,,,,,,,,,,,
,,,,,,,,,,,,,,,,,,,,
,,,,,,,,,,,,,,,,,,,,
,,,,,,,,,,,,,,,,,,,,
,,,,,,,,,,,,,,,,,,,,
,,,,,,,,,,,,,,,,,,,,
,,,,,,,,,,,,,,,,,,,,
,,,,,,,,,,,,,,,,,,,,
,,,,,,,,,,,,,,,,,,,,
,,,,,,,,,,,,,,,,,,,,
,,,,,,,,,,,,,,,,,,,,
,,,,,,,,,,,,,,,,,,,,
,,,,,,,,,,,,,,,,,,,,
,,,,,,,,,,,,,,,,,,,,
,,,,,,,,,,,,,,,,,,,,
,,,,,,,,,,,,,,,,,,,,
,,,,,,,,,,,,,,,,,,,,
,,,,,,,,,,,,,,,,,,,,
,,,,,,,,,,,,,,,,,,,,
,,,,,,,,,,,,,,,,,,,,
,,,,,,,,,,,,,,,,,,,,
,,,,,,,,,,,,,,,,,,,,
,,,,,,,,,,,,,,,,,,,,
,,,,,,,,,,,,,,,,,,,,
,,,,,,,,,,,,,,,,,,,,
,,,,,,,,,,,,,,,,,,,,
,,,,,,,,,,,,,,,,,,,,
,,,,,,,,,,,,,,,,,,,,
,,,,,,,,,,,,,,,,,,,,
,,,,,,,,,,,,,,,,,,,,
,,,,,,,,,,,,,,,,,,,,
,,,,,,,,,,,,,,,,,,,,
,,,,,,,,,,,,,,,,,,,,
,,,,,,,,,,,,,,,,,,,,
,,,,,,,,,,,,,,,,,,,,
,,,,,,,,,,,,,,,,,,,,
,,,,,,,,,,,,,,,,,,,,
,,,,,,,,,,,,,,,,,,,,
,,,,,,,,,,,,,,,,,,,,
,,,,,,,,,,,,,,,,,,,,
,,,,,,,,,,,,,,,,,,,,
,,,,,,,,,,,,,,,,,,,,
,,,,,,,,,,,,,,,,,,,,
,,,,,,,,,,,,,,,,,,,,
,,,,,,,,,,,,,,,,,,,,
,,,,,,,,,,,,,,,,,,,,
,,,,,,,,,,,,,,,,,,,,
,,,,,,,,,,,,,,,,,,,,
,,,,,,,,,,,,,,,,,,,,
,,,,,,,,,,,,,,,,,,,,
,,,,,,,,,,,,,,,,,,,,
,,,,,,,,,,,,,,,,,,,,
,,,,,,,,,,,,,,,,,,,,
,,,,,,,,,,,,,,,,,,,,
,,,,,,,,,,,,,,,,,,,,
,,,,,,,,,,,,,,,,,,,,
,,,,,,,,,,,,,,,,,,,,
,,,,,,,,,,,,,,,,,,,,
,,,,,,,,,,,,,,,,,,,,
,,,,,,,,,,,,,,,,,,,,
,,,,,,,,,,,,,,,,,,,,
,,,,,,,,,,,,,,,,,,,,
,,,,,,,,,,,,,,,,,,,,
,,,,,,,,,,,,,,,,,,,,
,,,,,,,,,,,,,,,,,,,,
,,,,,,,,,,,,,,,,,,,,
,,,,,,,,,,,,,,,,,,,,
,,,,,,,,,,,,,,,,,,,,
,,,,,,,,,,,,,,,,,,,,
,,,,,,,,,,,,,,,,,,,,
,,,,,,,,,,,,,,,,,,,,
,,,,,,,,,,,,,,,,,,,,
,,,,,,,,,,,,,,,,,,,,
,,,,,,,,,,,,,,,,,,,,
,,,,,,,,,,,,,,,,,,,,
,,,,,,,,,,,,,,,,,,,,
,,,,,,,,,,,,,,,,,,,,
,,,,,,,,,,,,,,,,,,,,
,,,,,,,,,,,,,,,,,,,,
,,,,,,,,,,,,,,,,,,,,
,,,,,,,,,,,,,,,,,,,,
,,,,,,,,,,,,,,,,,,,,
,,,,,,,,,,,,,,,,,,,,
,,,,,,,,,,,,,,,,,,,,
,,,,,,,,,,,,,,,,,,,,
,,,,,,,,,,,,,,,,,,,,
,,,,,,,,,,,,,,,,,,,,
,,,,,,,,,,,,,,,,,,,,
,,,,,,,,,,,,,,,,,,,,
,,,,,,,,,,,,,,,,,,,,
,,,,,,,,,,,,,,,,,,,,
,,,,,,,,,,,,,,,,,,,,
,,,,,,,,,,,,,,,,,,,,
,,,,,,,,,,,,,,,,,,,,
,,,,,,,,,,,,,,,,,,,,
,,,,,,,,,,,,,,,,,,,,
,,,,,,,,,,,,,,,,,,,,
,,,,,,,,,,,,,,,,,,,,
,,,,,,,,,,,,,,,,,,,,
,,,,,,,,,,,,,,,,,,,,
,,,,,,,,,,,,,,,,,,,,
,,,,,,,,,,,,,,,,,,,,
,,,,,,,,,,,,,,,,,,,,
,,,,,,,,,,,,,,,,,,,,
,,,,,,,,,,,,,,,,,,,,
,,,,,,,,,,,,,,,,,,,,
,,,,,,,,,,,,,,,,,,,,
,,,,,,,,,,,,,,,,,,,,
,,,,,,,,,,,,,,,,,,,,
,,,,,,,,,,,,,,,,,,,,
,,,,,,,,,,,,,,,,,,,,
,,,,,,,,,,,,,,,,,,,,
,,,,,,,,,,,,,,,,,,,,
,,,,,,,,,,,,,,,,,,,,
,,,,,,,,,,,,,,,,,,,,
,,,,,,,,,,,,,,,,,,,,
,,,,,,,,,,,,,,,,,,,,
,,,,,,,,,,,,,,,,,,,,
,,,,,,,,,,,,,,,,,,,,
,,,,,,,,,,,,,,,,,,,,
,,,,,,,,,,,,,,,,,,,,
,,,,,,,,,,,,,,,,,,,,
,,,,,,,,,,,,,,,,,,,,
,,,,,,,,,,,,,,,,,,,,
,,,,,,,,,,,,,,,,,,,,
,,,,,,,,,,,,,,,,,,,,
,,,,,,,,,,,,,,,,,,,,
,,,,,,,,,,,,,,,,,,,,
,,,,,,,,,,,,,,,,,,,,
,,,,,,,,,,,,,,,,,,,,
,,,,,,,,,,,,,,,,,,,,
,,,,,,,,,,,,,,,,,,,,
,,,,,,,,,,,,,,,,,,,,
,,,,,,,,,,,,,,,,,,,,
,,,,,,,,,,,,,,,,,,,,
,,,,,,,,,,,,,,,,,,,,
,,,,,,,,,,,,,,,,,,,,
,,,,,,,,,,,,,,,,,,,,
,,,,,,,,,,,,,,,,,,,,
,,,,,,,,,,,,,,,,,,,,
,,,,,,,,,,,,,,,,,,,,
,,,,,,,,,,,,,,,,,,,,
,,,,,,,,,,,,,,,,,,,,
,,,,,,,,,,,,,,,,,,,,
,,,,,,,,,,,,,,,,,,,,
,,,,,,,,,,,,,,,,,,,,
,,,,,,,,,,,,,,,,,,,,
,,,,,,,,,,,,,,,,,,,,
,,,,,,,,,,,,,,,,,,,,
,,,,,,,,,,,,,,,,,,,,
,,,,,,,,,,,,,,,,,,,,
,,,,,,,,,,,,,,,,,,,,
,,,,,,,,,,,,,,,,,,,,
,,,,,,,,,,,,,,,,,,,,
,,,,,,,,,,,,,,,,,,,,
,,,,,,,,,,,,,,,,,,,,
,,,,,,,,,,,,,,,,,,,,
,,,,,,,,,,,,,,,,,,,,
,,,,,,,,,,,,,,,,,,,,
,,,,,,,,,,,,,,,,,,,,
,,,,,,,,,,,,,,,,,,,,
,,,,,,,,,,,,,,,,,,,,
,,,,,,,,,,,,,,,,,,,,
,,,,,,,,,,,,,,,,,,,,
,,,,,,,,,,,,,,,,,,,,
,,,,,,,,,,,,,,,,,,,,
,,,,,,,,,,,,,,,,,,,,
,,,,,,,,,,,,,,,,,,,,
,,,,,,,,,,,,,,,,,,,,
,,,,,,,,,,,,,,,,,,,,
,,,,,,,,,,,,,,,,,,,,
,,,,,,,,,,,,,,,,,,,,
,,,,,,,,,,,,,,,,,,,,
,,,,,,,,,,,,,,,,,,,,
,,,,,,,,,,,,,,,,,,,,
,,,,,,,,,,,,,,,,,,,,
,,,,,,,,,,,,,,,,,,,,
,,,,,,,,,,,,,,,,,,,,
,,,,,,,,,,,,,,,,,,,,
,,,,,,,,,,,,,,,,,,,,
,,,,,,,,,,,,,,,,,,,,
,,,,,,,,,,,,,,,,,,,,
,,,,,,,,,,,,,,,,,,,,
,,,,,,,,,,,,,,,,,,,,
,,,,,,,,,,,,,,,,,,,,
,,,,,,,,,,,,,,,,,,,,
,,,,,,,,,,,,,,,,,,,,
,,,,,,,,,,,,,,,,,,,,
,,,,,,,,,,,,,,,,,,,,
,,,,,,,,,,,,,,,,,,,,
,,,,,,,,,,,,,,,,,,,,
,,,,,,,,,,,,,,,,,,,,
,,,,,,,,,,,,,,,,,,,,
,,,,,,,,,,,,,,,,,,,,
,,,,,,,,,,,,,,,,,,,,
,,,,,,,,,,,,,,,,,,,,
,,,,,,,,,,,,,,,,,,,,
,,,,,,,,,,,,,,,,,,,,
,,,,,,,,,,,,,,,,,,,,
,,,,,,,,,,,,,,,,,,,,
,,,,,,,,,,,,,,,,,,,,
,,,,,,,,,,,,,,,,,,,,
,,,,,,,,,,,,,,,,,,,,
,,,,,,,,,,,,,,,,,,,,
,,,,,,,,,,,,,,,,,,,,
,,,,,,,,,,,,,,,,,,,,
,,,,,,,,,,,,,,,,,,,,
,,,,,,,,,,,,,,,,,,,,
,,,,,,,,,,,,,,,,,,,,
,,,,,,,,,,,,,,,,,,,,
,,,,,,,,,,,,,,,,,,,,
,,,,,,,,,,,,,,,,,,,,
,,,,,,,,,,,,,,,,,,,,
,,,,,,,,,,,,,,,,,,,,
,,,,,,,,,,,,,,,,,,,,
,,,,,,,,,,,,,,,,,,,,
,,,,,,,,,,,,,,,,,,,,
,,,,,,,,,,,,,,,,,,,,
,,,,,,,,,,,,,,,,,,,,
,,,,,,,,,,,,,,,,,,,,
,,,,,,,,,,,,,,,,,,,,
,,,,,,,,,,,,,,,,,,,,
,,,,,,,,,,,,,,,,,,,,
,,,,,,,,,,,,,,,,,,,,
,,,,,,,,,,,,,,,,,,,,
,,,,,,,,,,,,,,,,,,,,
,,,,,,,,,,,,,,,,,,,,
,,,,,,,,,,,,,,,,,,,,
,,,,,,,,,,,,,,,,,,,,
,,,,,,,,,,,,,,,,,,,,
,,,,,,,,,,,,,,,,,,,,
,,,,,,,,,,,,,,,,,,,,
,,,,,,,,,,,,,,,,,,,,
,,,,,,,,,,,,,,,,,,,,
,,,,,,,,,,,,,,,,,,,,
,,,,,,,,,,,,,,,,,,,,
,,,,,,,,,,,,,,,,,,,,
,,,,,,,,,,,,,,,,,,,,
,,,,,,,,,,,,,,,,,,,,
,,,,,,,,,,,,,,,,,,,,
,,,,,,,,,,,,,,,,,,,,
,,,,,,,,,,,,,,,,,,,,
,,,,,,,,,,,,,,,,,,,,
,,,,,,,,,,,,,,,,,,,,
,,,,,,,,,,,,,,,,,,,,
,,,,,,,,,,,,,,,,,,,,
,,,,,,,,,,,,,,,,,,,,
,,,,,,,,,,,,,,,,,,,,
,,,,,,,,,,,,,,,,,,,,
,,,,,,,,,,,,,,,,,,,,
,,,,,,,,,,,,,,,,,,,,
,,,,,,,,,,,,,,,,,,,,
,,,,,,,,,,,,,,,,,,,,
,,,,,,,,,,,,,,,,,,,,
,,,,,,,,,,,,,,,,,,,,
,,,,,,,,,,,,,,,,,,,,
,,,,,,,,,,,,,,,,,,,,
,,,,,,,,,,,,,,,,,,,,
,,,,,,,,,,,,,,,,,,,,
,,,,,,,,,,,,,,,,,,,,
,,,,,,,,,,,,,,,,,,,,
,,,,,,,,,,,,,,,,,,,,
,,,,,,,,,,,,,,,,,,,,
,,,,,,,,,,,,,,,,,,,,
,,,,,,,,,,,,,,,,,,,,
,,,,,,,,,,,,,,,,,,,,
,,,,,,,,,,,,,,,,,,,,
,,,,,,,,,,,,,,,,,,,,
,,,,,,,,,,,,,,,,,,,,
,,,,,,,,,,,,,,,,,,,,
,,,,,,,,,,,,,,,,,,,,
,,,,,,,,,,,,,,,,,,,,
,,,,,,,,,,,,,,,,,,,,
,,,,,,,,,,,,,,,,,,,,
,,,,,,,,,,,,,,,,,,,,
,,,,,,,,,,,,,,,,,,,,
,,,,,,,,,,,,,,,,,,,,
,,,,,,,,,,,,,,,,,,,,
,,,,,,,,,,,,,,,,,,,,
,,,,,,,,,,,,,,,,,,,,
,,,,,,,,,,,,,,,,,,,,
,,,,,,,,,,,,,,,,,,,,
,,,,,,,,,,,,,,,,,,,,
,,,,,,,,,,,,,,,,,,,,
,,,,,,,,,,,,,,,,,,,,
,,,,,,,,,,,,,,,,,,,,
,,,,,,,,,,,,,,,,,,,,
,,,,,,,,,,,,,,,,,,,,
,,,,,,,,,,,,,,,,,,,,
,,,,,,,,,,,,,,,,,,,,
,,,,,,,,,,,,,,,,,,,,
,,,,,,,,,,,,,,,,,,,,
,,,,,,,,,,,,,,,,,,,,
,,,,,,,,,,,,,,,,,,,,
,,,,,,,,,,,,,,,,,,,,
,,,,,,,,,,,,,,,,,,,,
,,,,,,,,,,,,,,,,,,,,
,,,,,,,,,,,,,,,,,,,,
,,,,,,,,,,,,,,,,,,,,
,,,,,,,,,,,,,,,,,,,,
,,,,,,,,,,,,,,,,,,,,
,,,,,,,,,,,,,,,,,,,,
,,,,,,,,,,,,,,,,,,,,
,,,,,,,,,,,,,,,,,,,,
,,,,,,,,,,,,,,,,,,,,
,,,,,,,,,,,,,,,,,,,,
,,,,,,,,,,,,,,,,,,,,
,,,,,,,,,,,,,,,,,,,,
,,,,,,,,,,,,,,,,,,,,
,,,,,,,,,,,,,,,,,,,,
,,,,,,,,,,,,,,,,,,,,
,,,,,,,,,,,,,,,,,,,,
,,,,,,,,,,,,,,,,,,,,
,,,,,,,,,,,,,,,,,,,,
,,,,,,,,,,,,,,,,,,,,
,,,,,,,,,,,,,,,,,,,,
,,,,,,,,,,,,,,,,,,,,
,,,,,,,,,,,,,,,,,,,,
,,,,,,,,,,,,,,,,,,,,
,,,,,,,,,,,,,,,,,,,,
,,,,,,,,,,,,,,,,,,,,
,,,,,,,,,,,,,,,,,,,,
,,,,,,,,,,,,,,,,,,,,
,,,,,,,,,,,,,,,,,,,,
,,,,,,,,,,,,,,,,,,,,
,,,,,,,,,,,,,,,,,,,,
,,,,,,,,,,,,,,,,,,,,
,,,,,,,,,,,,,,,,,,,,
,,,,,,,,,,,,,,,,,,,,
,,,,,,,,,,,,,,,,,,,,
,,,,,,,,,,,,,,,,,,,,
,,,,,,,,,,,,,,,,,,,,
,,,,,,,,,,,,,,,,,,,,
,,,,,,,,,,,,,,,,,,,,
,,,,,,,,,,,,,,,,,,,,
,,,,,,,,,,,,,,,,,,,,
,,,,,,,,,,,,,,,,,,,,
,,,,,,,,,,,,,,,,,,,,
,,,,,,,,,,,,,,,,,,,,
,,,,,,,,,,,,,,,,,,,,
,,,,,,,,,,,,,,,,,,,,
,,,,,,,,,,,,,,,,,,,,
,,,,,,,,,,,,,,,,,,,,
,,,,,,,,,,,,,,,,,,,,
,,,,,,,,,,,,,,,,,,,,
,,,,,,,,,,,,,,,,,,,,
,,,,,,,,,,,,,,,,,,,,
,,,,,,,,,,,,,,,,,,,,
,,,,,,,,,,,,,,,,,,,,
,,,,,,,,,,,,,,,,,,,,
,,,,,,,,,,,,,,,,,,,,
,,,,,,,,,,,,,,,,,,,,
,,,,,,,,,,,,,,,,,,,,
,,,,,,,,,,,,,,,,,,,,
,,,,,,,,,,,,,,,,,,,,
,,,,,,,,,,,,,,,,,,,,
,,,,,,,,,,,,,,,,,,,,
,,,,,,,,,,,,,,,,,,,,
,,,,,,,,,,,,,,,,,,,,
,,,,,,,,,,,,,,,,,,,,
,,,,,,,,,,,,,,,,,,,,
,,,,,,,,,,,,,,,,,,,,
,,,,,,,,,,,,,,,,,,,,
,,,,,,,,,,,,,,,,,,,,
,,,,,,,,,,,,,,,,,,,,
,,,,,,,,,,,,,,,,,,,,
,,,,,,,,,,,,,,,,,,,,
,,,,,,,,,,,,,,,,,,,,
,,,,,,,,,,,,,,,,,,,,
,,,,,,,,,,,,,,,,,,,,
,,,,,,,,,,,,,,,,,,,,
,,,,,,,,,,,,,,,,,,,,
,,,,,,,,,,,,,,,,,,,,
,,,,,,,,,,,,,,,,,,,,
,,,,,,,,,,,,,,,,,,,,
,,,,,,,,,,,,,,,,,,,,
,,,,,,,,,,,,,,,,,,,,
,,,,,,,,,,,,,,,,,,,,
,,,,,,,,,,,,,,,,,,,,
,,,,,,,,,,,,,,,,,,,,
,,,,,,,,,,,,,,,,,,,,
,,,,,,,,,,,,,,,,,,,,
,,,,,,,,,,,,,,,,,,,,
,,,,,,,,,,,,,,,,,,,,
,,,,,,,,,,,,,,,,,,,,
,,,,,,,,,,,,,,,,,,,,
,,,,,,,,,,,,,,,,,,,,
,,,,,,,,,,,,,,,,,,,,
,,,,,,,,,,,,,,,,,,,,
,,,,,,,,,,,,,,,,,,,,
,,,,,,,,,,,,,,,,,,,,
,,,,,,,,,,,,,,,,,,,,
,,,,,,,,,,,,,,,,,,,,
,,,,,,,,,,,,,,,,,,,,
,,,,,,,,,,,,,,,,,,,,
,,,,,,,,,,,,,,,,,,,,
,,,,,,,,,,,,,,,,,,,,
,,,,,,,,,,,,,,,,,,,,
,,,,,,,,,,,,,,,,,,,,
,,,,,,,,,,,,,,,,,,,,
,,,,,,,,,,,,,,,,,,,,
,,,,,,,,,,,,,,,,,,,,
,,,,,,,,,,,,,,,,,,,,
,,,,,,,,,,,,,,,,,,,,
,,,,,,,,,,,,,,,,,,,,
,,,,,,,,,,,,,,,,,,,,
,,,,,,,,,,,,,,,,,,,,
,,,,,,,,,,,,,,,,,,,,
,,,,,,,,,,,,,,,,,,,,
,,,,,,,,,,,,,,,,,,,,
,,,,,,,,,,,,,,,,,,,,
,,,,,,,,,,,,,,,,,,,,
,,,,,,,,,,,,,,,,,,,,
,,,,,,,,,,,,,,,,,,,,
,,,,,,,,,,,,,,,,,,,,
,,,,,,,,,,,,,,,,,,,,
,,,,,,,,,,,,,,,,,,,,
,,,,,,,,,,,,,,,,,,,,
,,,,,,,,,,,,,,,,,,,,
,,,,,,,,,,,,,,,,,,,,
,,,,,,,,,,,,,,,,,,,,
,,,,,,,,,,,,,,,,,,,,
,,,,,,,,,,,,,,,,,,,,
,,,,,,,,,,,,,,,,,,,,
,,,,,,,,,,,,,,,,,,,,
,,,,,,,,,,,,,,,,,,,,
,,,,,,,,,,,,,,,,,,,,
,,,,,,,,,,,,,,,,,,,,
,,,,,,,,,,,,,,,,,,,,
,,,,,,,,,,,,,,,,,,,,
,,,,,,,,,,,,,,,,,,,,
,,,,,,,,,,,,,,,,,,,,
,,,,,,,,,,,,,,,,,,,,
,,,,,,,,,,,,,,,,,,,,
,,,,,,,,,,,,,,,,,,,,
,,,,,,,,,,,,,,,,,,,,
,,,,,,,,,,,,,,,,,,,,
,,,,,,,,,,,,,,,,,,,,
,,,,,,,,,,,,,,,,,,,,
,,,,,,,,,,,,,,,,,,,,
,,,,,,,,,,,,,,,,,,,,
,,,,,,,,,,,,,,,,,,,,
,,,,,,,,,,,,,,,,,,,,
,,,,,,,,,,,,,,,,,,,,
,,,,,,,,,,,,,,,,,,,,
,,,,,,,,,,,,,,,,,,,,
,,,,,,,,,,,,,,,,,,,,
,,,,,,,,,,,,,,,,,,,,
,,,,,,,,,,,,,,,,,,,,
,,,,,,,,,,,,,,,,,,,,
,,,,,,,,,,,,,,,,,,,,
,,,,,,,,,,,,,,,,,,,,
,,,,,,,,,,,,,,,,,,,,
,,,,,,,,,,,,,,,,,,,,
,,,,,,,,,,,,,,,,,,,,
,,,,,,,,,,,,,,,,,,,,
,,,,,,,,,,,,,,,,,,,,
,,,,,,,,,,,,,,,,,,,,
,,,,,,,,,,,,,,,,,,,,
,,,,,,,,,,,,,,,,,,,,
,,,,,,,,,,,,,,,,,,,,
,,,,,,,,,,,,,,,,,,,,
,,,,,,,,,,,,,,,,,,,,
,,,,,,,,,,,,,,,,,,,,
,,,,,,,,,,,,,,,,,,,,
,,,,,,,,,,,,,,,,,,,,
,,,,,,,,,,,,,,,,,,,,
,,,,,,,,,,,,,,,,,,,,
,,,,,,,,,,,,,,,,,,,,
,,,,,,,,,,,,,,,,,,,,
,,,,,,,,,,,,,,,,,,,,
,,,,,,,,,,,,,,,,,,,,
,,,,,,,,,,,,,,,,,,,,
,,,,,,,,,,,,,,,,,,,,
,,,,,,,,,,,,,,,,,,,,
,,,,,,,,,,,,,,,,,,,,
,,,,,,,,,,,,,,,,,,,,
,,,,,,,,,,,,,,,,,,,,
,,,,,,,,,,,,,,,,,,,,
,,,,,,,,,,,,,,,,,,,,
,,,,,,,,,,,,,,,,,,,,
,,,,,,,,,,,,,,,,,,,,
,,,,,,,,,,,,,,,,,,,,
,,,,,,,,,,,,,,,,,,,,
,,,,,,,,,,,,,,,,,,,,
,,,,,,,,,,,,,,,,,,,,
,,,,,,,,,,,,,,,,,,,,
,,,,,,,,,,,,,,,,,,,,
,,,,,,,,,,,,,,,,,,,,
,,,,,,,,,,,,,,,,,,,,
,,,,,,,,,,,,,,,,,,,,
,,,,,,,,,,,,,,,,,,,,
,,,,,,,,,,,,,,,,,,,,
,,,,,,,,,,,,,,,,,,,,
,,,,,,,,,,,,,,,,,,,,
,,,,,,,,,,,,,,,,,,,,
,,,,,,,,,,,,,,,,,,,,
,,,,,,,,,,,,,,,,,,,,
,,,,,,,,,,,,,,,,,,,,
,,,,,,,,,,,,,,,,,,,,
,,,,,,,,,,,,,,,,,,,,
,,,,,,,,,,,,,,,,,,,,
,,,,,,,,,,,,,,,,,,,,
,,,,,,,,,,,,,,,,,,,,
,,,,,,,,,,,,,,,,,,,,
,,,,,,,,,,,,,,,,,,,,
,,,,,,,,,,,,,,,,,,,,
,,,,,,,,,,,,,,,,,,,,
,,,,,,,,,,,,,,,,,,,,
,,,,,,,,,,,,,,,,,,,,
,,,,,,,,,,,,,,,,,,,,
,,,,,,,,,,,,,,,,,,,,
,,,,,,,,,,,,,,,,,,,,
,,,,,,,,,,,,,,,,,,,,
,,,,,,,,,,,,,,,,,,,,
,,,,,,,,,,,,,,,,,,,,
,,,,,,,,,,,,,,,,,,,,
,,,,,,,,,,,,,,,,,,,,
,,,,,,,,,,,,,,,,,,,,
,,,,,,,,,,,,,,,,,,,,
,,,,,,,,,,,,,,,,,,,,
,,,,,,,,,,,,,,,,,,,,
,,,,,,,,,,,,,,,,,,,,
,,,,,,,,,,,,,,,,,,,,
,,,,,,,,,,,,,,,,,,,,
,,,,,,,,,,,,,,,,,,,,
,,,,,,,,,,,,,,,,,,,,
,,,,,,,,,,,,,,,,,,,,
,,,,,,,,,,,,,,,,,,,,
,,,,,,,,,,,,,,,,,,,,
,,,,,,,,,,,,,,,,,,,,
,,,,,,,,,,,,,,,,,,,,
,,,,,,,,,,,,,,,,,,,,
,,,,,,,,,,,,,,,,,,,,
,,,,,,,,,,,,,,,,,,,,
,,,,,,,,,,,,,,,,,,,,
,,,,,,,,,,,,,,,,,,,,
,,,,,,,,,,,,,,,,,,,,
,,,,,,,,,,,,,,,,,,,,
,,,,,,,,,,,,,,,,,,,,
,,,,,,,,,,,,,,,,,,,,
,,,,,,,,,,,,,,,,,,,,
,,,,,,,,,,,,,,,,,,,,
,,,,,,,,,,,,,,,,,,,,
,,,,,,,,,,,,,,,,,,,,
,,,,,,,,,,,,,,,,,,,,
,,,,,,,,,,,,,,,,,,,,
,,,,,,,,,,,,,,,,,,,,
,,,,,,,,,,,,,,,,,,,,
,,,,,,,,,,,,,,,,,,,,
,,,,,,,,,,,,,,,,,,,,
,,,,,,,,,,,,,,,,,,,,
,,,,,,,,,,,,,,,,,,,,
,,,,,,,,,,,,,,,,,,,,
,,,,,,,,,,,,,,,,,,,,
,,,,,,,,,,,,,,,,,,,,
,,,,,,,,,,,,,,,,,,,,
,,,,,,,,,,,,,,,,,,,,
,,,,,,,,,,,,,,,,,,,,
,,,,,,,,,,,,,,,,,,,,
,,,,,,,,,,,,,,,,,,,,
,,,,,,,,,,,,,,,,,,,,
,,,,,,,,,,,,,,,,,,,,
,,,,,,,,,,,,,,,,,,,,
,,,,,,,,,,,,,,,,,,,,
,,,,,,,,,,,,,,,,,,,,
,,,,,,,,,,,,,,,,,,,,
,,,,,,,,,,,,,,,,,,,,
,,,,,,,,,,,,,,,,,,,,
,,,,,,,,,,,,,,,,,,,,
,,,,,,,,,,,,,,,,,,,,
,,,,,,,,,,,,,,,,,,,,
,,,,,,,,,,,,,,,,,,,,
,,,,,,,,,,,,,,,,,,,,
,,,,,,,,,,,,,,,,,,,,
,,,,,,,,,,,,,,,,,,,,
,,,,,,,,,,,,,,,,,,,,
,,,,,,,,,,,,,,,,,,,,
,,,,,,,,,,,,,,,,,,,,
,,,,,,,,,,,,,,,,,,,,
,,,,,,,,,,,,,,,,,,,,
,,,,,,,,,,,,,,,,,,,,
,,,,,,,,,,,,,,,,,,,,
,,,,,,,,,,,,,,,,,,,,
,,,,,,,,,,,,,,,,,,,,
,,,,,,,,,,,,,,,,,,,,
,,,,,,,,,,,,,,,,,,,,
,,,,,,,,,,,,,,,,,,,,
,,,,,,,,,,,,,,,,,,,,
,,,,,,,,,,,,,,,,,,,,
,,,,,,,,,,,,,,,,,,,,
,,,,,,,,,,,,,,,,,,,,
,,,,,,,,,,,,,,,,,,,,
,,,,,,,,,,,,,,,,,,,,
,,,,,,,,,,,,,,,,,,,,
,,,,,,,,,,,,,,,,,,,,
,,,,,,,,,,,,,,,,,,,,
,,,,,,,,,,,,,,,,,,,,
,,,,,,,,,,,,,,,,,,,,
,,,,,,,,,,,,,,,,,,,,
,,,,,,,,,,,,,,,,,,,,
,,,,,,,,,,,,,,,,,,,,
,,,,,,,,,,,,,,,,,,,,
,,,,,,,,,,,,,,,,,,,,
,,,,,,,,,,,,,,,,,,,,
,,,,,,,,,,,,,,,,,,,,
,,,,,,,,,,,,,,,,,,,,
,,,,,,,,,,,,,,,,,,,,
,,,,,,,,,,,,,,,,,,,,
,,,,,,,,,,,,,,,,,,,,
,,,,,,,,,,,,,,,,,,,,
,,,,,,,,,,,,,,,,,,,,
,,,,,,,,,,,,,,,,,,,,
,,,,,,,,,,,,,,,,,,,,
,,,,,,,,,,,,,,,,,,,,
,,,,,,,,,,,,,,,,,,,,
,,,,,,,,,,,,,,,,,,,,
,,,,,,,,,,,,,,,,,,,,
,,,,,,,,,,,,,,,,,,,,
,,,,,,,,,,,,,,,,,,,,
,,,,,,,,,,,,,,,,,,,,
,,,,,,,,,,,,,,,,,,,,
,,,,,,,,,,,,,,,,,,,,
,,,,,,,,,,,,,,,,,,,,
,,,,,,,,,,,,,,,,,,,,
,,,,,,,,,,,,,,,,,,,,
,,,,,,,,,,,,,,,,,,,,
,,,,,,,,,,,,,,,,,,,,
,,,,,,,,,,,,,,,,,,,,
,,,,,,,,,,,,,,,,,,,,
,,,,,,,,,,,,,,,,,,,,
,,,,,,,,,,,,,,,,,,,,
,,,,,,,,,,,,,,,,,,,,
,,,,,,,,,,,,,,,,,,,,
,,,,,,,,,,,,,,,,,,,,
,,,,,,,,,,,,,,,,,,,,
,,,,,,,,,,,,,,,,,,,,
,,,,,,,,,,,,,,,,,,,,
,,,,,,,,,,,,,,,,,,,,
,,,,,,,,,,,,,,,,,,,,
,,,,,,,,,,,,,,,,,,,,
,,,,,,,,,,,,,,,,,,,,
,,,,,,,,,,,,,,,,,,,,
,,,,,,,,,,,,,,,,,,,,
,,,,,,,,,,,,,,,,,,,,
,,,,,,,,,,,,,,,,,,,,
,,,,,,,,,,,,,,,,,,,,
,,,,,,,,,,,,,,,,,,,,
,,,,,,,,,,,,,,,,,,,,
,,,,,,,,,,,,,,,,,,,,
,,,,,,,,,,,,,,,,,,,,
,,,,,,,,,,,,,,,,,,,,
,,,,,,,,,,,,,,,,,,,,
,,,,,,,,,,,,,,,,,,,,
,,,,,,,,,,,,,,,,,,,,
,,,,,,,,,,,,,,,,,,,,
,,,,,,,,,,,,,,,,,,,,
,,,,,,,,,,,,,,,,,,,,
,,,,,,,,,,,,,,,,,,,,
,,,,,,,,,,,,,,,,,,,,
,,,,,,,,,,,,,,,,,,,,
,,,,,,,,,,,,,,,,,,,,
,,,,,,,,,,,,,,,,,,,,
,,,,,,,,,,,,,,,,,,,,
,,,,,,,,,,,,,,,,,,,,
,,,,,,,,,,,,,,,,,,,,
,,,,,,,,,,,,,,,,,,,,
,,,,,,,,,,,,,,,,,,,,
,,,,,,,,,,,,,,,,,,,,
,,,,,,,,,,,,,,,,,,,,
,,,,,,,,,,,,,,,,,,,,
,,,,,,,,,,,,,,,,,,,,
,,,,,,,,,,,,,,,,,,,,
,,,,,,,,,,,,,,,,,,,,
,,,,,,,,,,,,,,,,,,,,
,,,,,,,,,,,,,,,,,,,,
,,,,,,,,,,,,,,,,,,,,
,,,,,,,,,,,,,,,,,,,,
,,,,,,,,,,,,,,,,,,,,
,,,,,,,,,,,,,,,,,,,,
,,,,,,,,,,,,,,,,,,,,
,,,,,,,,,,,,,,,,,,,,
,,,,,,,,,,,,,,,,,,,,
,,,,,,,,,,,,,,,,,,,,
,,,,,,,,,,,,,,,,,,,,
,,,,,,,,,,,,,,,,,,,,
,,,,,,,,,,,,,,,,,,,,
,,,,,,,,,,,,,,,,,,,,
,,,,,,,,,,,,,,,,,,,,
,,,,,,,,,,,,,,,,,,,,
,,,,,,,,,,,,,,,,,,,,
,,,,,,,,,,,,,,,,,,,,
,,,,,,,,,,,,,,,,,,,,
,,,,,,,,,,,,,,,,,,,,
,,,,,,,,,,,,,,,,,,,,
,,,,,,,,,,,,,,,,,,,,
,,,,,,,,,,,,,,,,,,,,
,,,,,,,,,,,,,,,,,,,,
,,,,,,,,,,,,,,,,,,,,
,,,,,,,,,,,,,,,,,,,,
,,,,,,,,,,,,,,,,,,,,
,,,,,,,,,,,,,,,,,,,,
,,,,,,,,,,,,,,,,,,,,
,,,,,,,,,,,,,,,,,,,,
,,,,,,,,,,,,,,,,,,,,
,,,,,,,,,,,,,,,,,,,,
,,,,,,,,,,,,,,,,,,,,
,,,,,,,,,,,,,,,,,,,,
,,,,,,,,,,,,,,,,,,,,
,,,,,,,,,,,,,,,,,,,,
,,,,,,,,,,,,,,,,,,,,
,,,,,,,,,,,,,,,,,,,,
,,,,,,,,,,,,,,,,,,,,
,,,,,,,,,,,,,,,,,,,,
,,,,,,,,,,,,,,,,,,,,
,,,,,,,,,,,,,,,,,,,,
,,,,,,,,,,,,,,,,,,,,
,,,,,,,,,,,,,,,,,,,,
,,,,,,,,,,,,,,,,,,,,
,,,,,,,,,,,,,,,,,,,,
,,,,,,,,,,,,,,,,,,,,
,,,,,,,,,,,,,,,,,,,,
,,,,,,,,,,,,,,,,,,,,
,,,,,,,,,,,,,,,,,,,,
,,,,,,,,,,,,,,,,,,,,
,,,,,,,,,,,,,,,,,,,,
,,,,,,,,,,,,,,,,,,,,
,,,,,,,,,,,,,,,,,,,,
,,,,,,,,,,,,,,,,,,,,
,,,,,,,,,,,,,,,,,,,,
,,,,,,,,,,,,,,,,,,,,
,,,,,,,,,,,,,,,,,,,,
,,,,,,,,,,,,,,,,,,,,
,,,,,,,,,,,,,,,,,,,,
,,,,,,,,,,,,,,,,,,,,
,,,,,,,,,,,,,,,,,,,,
,,,,,,,,,,,,,,,,,,,,
,,,,,,,,,,,,,,,,,,,,
,,,,,,,,,,,,,,,,,,,,
,,,,,,,,,,,,,,,,,,,,
,,,,,,,,,,,,,,,,,,,,
,,,,,,,,,,,,,,,,,,,,
,,,,,,,,,,,,,,,,,,,,
,,,,,,,,,,,,,,,,,,,,
,,,,,,,,,,,,,,,,,,,,
,,,,,,,,,,,,,,,,,,,,
,,,,,,,,,,,,,,,,,,,,
,,,,,,,,,,,,,,,,,,,,
,,,,,,,,,,,,,,,,,,,,
,,,,,,,,,,,,,,,,,,,,
,,,,,,,,,,,,,,,,,,,,
,,,,,,,,,,,,,,,,,,,,
,,,,,,,,,,,,,,,,,,,,
,,,,,,,,,,,,,,,,,,,,
,,,,,,,,,,,,,,,,,,,,
,,,,,,,,,,,,,,,,,,,,
,,,,,,,,,,,,,,,,,,,,
,,,,,,,,,,,,,,,,,,,,
,,,,,,,,,,,,,,,,,,,,
,,,,,,,,,,,,,,,,,,,,
,,,,,,,,,,,,,,,,,,,,
,,,,,,,,,,,,,,,,,,,,
,,,,,,,,,,,,,,,,,,,,
,,,,,,,,,,,,,,,,,,,,
,,,,,,,,,,,,,,,,,,,,
,,,,,,,,,,,,,,,,,,,,
,,,,,,,,,,,,,,,,,,,,
,,,,,,,,,,,,,,,,,,,,
,,,,,,,,,,,,,,,,,,,,
,,,,,,,,,,,,,,,,,,,,
,,,,,,,,,,,,,,,,,,,,
,,,,,,,,,,,,,,,,,,,,
,,,,,,,,,,,,,,,,,,,,
,,,,,,,,,,,,,,,,,,,,
,,,,,,,,,,,,,,,,,,,,
,,,,,,,,,,,,,,,,,,,,
,,,,,,,,,,,,,,,,,,,,
,,,,,,,,,,,,,,,,,,,,
,,,,,,,,,,,,,,,,,,,,
,,,,,,,,,,,,,,,,,,,,
,,,,,,,,,,,,,,,,,,,,
,,,,,,,,,,,,,,,,,,,,
,,,,,,,,,,,,,,,,,,,,
,,,,,,,,,,,,,,,,,,,,
,,,,,,,,,,,,,,,,,,,,
,,,,,,,,,,,,,,,,,,,,
,,,,,,,,,,,,,,,,,,,,
,,,,,,,,,,,,,,,,,,,,
,,,,,,,,,,,,,,,,,,,,
,,,,,,,,,,,,,,,,,,,,
,,,,,,,,,,,,,,,,,,,,
,,,,,,,,,,,,,,,,,,,,
,,,,,,,,,,,,,,,,,,,,
,,,,,,,,,,,,,,,,,,,,
,,,,,,,,,,,,,,,,,,,,
,,,,,,,,,,,,,,,,,,,,
,,,,,,,,,,,,,,,,,,,,
,,,,,,,,,,,,,,,,,,,,
,,,,,,,,,,,,,,,,,,,,
,,,,,,,,,,,,,,,,,,,,
,,,,,,,,,,,,,,,,,,,,
,,,,,,,,,,,,,,,,,,,,
,,,,,,,,,,,,,,,,,,,,
,,,,,,,,,,,,,,,,,,,,
,,,,,,,,,,,,,,,,,,,,
,,,,,,,,,,,,,,,,,,,,
,,,,,,,,,,,,,,,,,,,,
,,,,,,,,,,,,,,,,,,,,
,,,,,,,,,,,,,,,,,,,,
,,,,,,,,,,,,,,,,,,,,
,,,,,,,,,,,,,,,,,,,,
,,,,,,,,,,,,,,,,,,,,
,,,,,,,,,,,,,,,,,,,,
,,,,,,,,,,,,,,,,,,,,
,,,,,,,,,,,,,,,,,,,,
,,,,,,,,,,,,,,,,,,,,
,,,,,,,,,,,,,,,,,,,,
,,,,,,,,,,,,,,,,,,,,
,,,,,,,,,,,,,,,,,,,,
,,,,,,,,,,,,,,,,,,,,
,,,,,,,,,,,,,,,,,,,,
,,,,,,,,,,,,,,,,,,,,
,,,,,,,,,,,,,,,,,,,,
,,,,,,,,,,,,,,,,,,,,
,,,,,,,,,,,,,,,,,,,,
,,,,,,,,,,,,,,,,,,,,
,,,,,,,,,,,,,,,,,,,,
,,,,,,,,,,,,,,,,,,,,
,,,,,,,,,,,,,,,,,,,,
,,,,,,,,,,,,,,,,,,,,
,,,,,,,,,,,,,,,,,,,,
,,,,,,,,,,,,,,,,,,,,
,,,,,,,,,,,,,,,,,,,,
,,,,,,,,,,,,,,,,,,,,
,,,,,,,,,,,,,,,,,,,,
,,,,,,,,,,,,,,,,,,,,
,,,,,,,,,,,,,,,,,,,,
,,,,,,,,,,,,,,,,,,,,
,,,,,,,,,,,,,,,,,,,,
,,,,,,,,,,,,,,,,,,,,
,,,,,,,,,,,,,,,,,,,,
,,,,,,,,,,,,,,,,,,,,
,,,,,,,,,,,,,,,,,,,,
,,,,,,,,,,,,,,,,,,,,
,,,,,,,,,,,,,,,,,,,,
,,,,,,,,,,,,,,,,,,,,
,,,,,,,,,,,,,,,,,,,,
,,,,,,,,,,,,,,,,,,,,
,,,,,,,,,,,,,,,,,,,,
,,,,,,,,,,,,,,,,,,,,
,,,,,,,,,,,,,,,,,,,,
,,,,,,,,,,,,,,,,,,,,
,,,,,,,,,,,,,,,,,,,,
,,,,,,,,,,,,,,,,,,,,
,,,,,,,,,,,,,,,,,,,,
,,,,,,,,,,,,,,,,,,,,
,,,,,,,,,,,,,,,,,,,,
,,,,,,,,,,,,,,,,,,,,
,,,,,,,,,,,,,,,,,,,,
,,,,,,,,,,,,,,,,,,,,
,,,,,,,,,,,,,,,,,,,,
,,,,,,,,,,,,,,,,,,,,
,,,,,,,,,,,,,,,,,,,,
,,,,,,,,,,,,,,,,,,,,
,,,,,,,,,,,,,,,,,,,,
,,,,,,,,,,,,,,,,,,,,
,,,,,,,,,,,,,,,,,,,,
,,,,,,,,,,,,,,,,,,,,
,,,,,,,,,,,,,,,,,,,,
,,,,,,,,,,,,,,,,,,,,
,,,,,,,,,,,,,,,,,,,,
,,,,,,,,,,,,,,,,,,,,
,,,,,,,,,,,,,,,,,,,,
,,,,,,,,,,,,,,,,,,,,
,,,,,,,,,,,,,,,,,,,,
,,,,,,,,,,,,,,,,,,,,
,,,,,,,,,,,,,,,,,,,,
,,,,,,,,,,,,,,,,,,,,
,,,,,,,,,,,,,,,,,,,,
,,,,,,,,,,,,,,,,,,,,
,,,,,,,,,,,,,,,,,,,,
,,,,,,,,,,,,,,,,,,,,
,,,,,,,,,,,,,,,,,,,,
,,,,,,,,,,,,,,,,,,,,
,,,,,,,,,,,,,,,,,,,,
,,,,,,,,,,,,,,,,,,,,
,,,,,,,,,,,,,,,,,,,,
,,,,,,,,,,,,,,,,,,,,
,,,,,,,,,,,,,,,,,,,,
,,,,,,,,,,,,,,,,,,,,
,,,,,,,,,,,,,,,,,,,,
,,,,,,,,,,,,,,,,,,,,
,,,,,,,,,,,,,,,,,,,,
,,,,,,,,,,,,,,,,,,,,
,,,,,,,,,,,,,,,,,,,,
,,,,,,,,,,,,,,,,,,,,
,,,,,,,,,,,,,,,,,,,,
,,,,,,,,,,,,,,,,,,,,
,,,,,,,,,,,,,,,,,,,,
,,,,,,,,,,,,,,,,,,,,
,,,,,,,,,,,,,,,,,,,,
,,,,,,,,,,,,,,,,,,,,
,,,,,,,,,,,,,,,,,,,,
,,,,,,,,,,,,,,,,,,,,
,,,,,,,,,,,,,,,,,,,,
,,,,,,,,,,,,,,,,,,,,
,,,,,,,,,,,,,,,,,,,,
,,,,,,,,,,,,,,,,,,,,
,,,,,,,,,,,,,,,,,,,,
,,,,,,,,,,,,,,,,,,,,
,,,,,,,,,,,,,,,,,,,,
,,,,,,,,,,,,,,,,,,,,
,,,,,,,,,,,,,,,,,,,,
,,,,,,,,,,,,,,,,,,,,
,,,,,,,,,,,,,,,,,,,,
,,,,,,,,,,,,,,,,,,,,
,,,,,,,,,,,,,,,,,,,,
,,,,,,,,,,,,,,,,,,,,
,,,,,,,,,,,,,,,,,,,,
,,,,,,,,,,,,,,,,,,,,
,,,,,,,,,,,,,,,,,,,,
,,,,,,,,,,,,,,,,,,,,
,,,,,,,,,,,,,,,,,,,,
,,,,,,,,,,,,,,,,,,,,
,,,,,,,,,,,,,,,,,,,,
,,,,,,,,,,,,,,,,,,,,
,,,,,,,,,,,,,,,,,,,,
,,,,,,,,,,,,,,,,,,,,
,,,,,,,,,,,,,,,,,,,,
,,,,,,,,,,,,,,,,,,,,
,,,,,,,,,,,,,,,,,,,,
,,,,,,,,,,,,,,,,,,,,
,,,,,,,,,,,,,,,,,,,,
,,,,,,,,,,,,,,,,,,,,
,,,,,,,,,,,,,,,,,,,,
,,,,,,,,,,,,,,,,,,,,
,,,,,,,,,,,,,,,,,,,,
,,,,,,,,,,,,,,,,,,,,
,,,,,,,,,,,,,,,,,,,,
,,,,,,,,,,,,,,,,,,,,
,,,,,,,,,,,,,,,,,,,,
,,,,,,,,,,,,,,,,,,,,
,,,,,,,,,,,,,,,,,,,,
,,,,,,,,,,,,,,,,,,,,
,,,,,,,,,,,,,,,,,,,,
,,,,,,,,,,,,,,,,,,,,
,,,,,,,,,,,,,,,,,,,,
,,,,,,,,,,,,,,,,,,,,
,,,,,,,,,,,,,,,,,,,,
,,,,,,,,,,,,,,,,,,,,
,,,,,,,,,,,,,,,,,,,,
,,,,,,,,,,,,,,,,,,,,
,,,,,,,,,,,,,,,,,,,,
,,,,,,,,,,,,,,,,,,,,
,,,,,,,,,,,,,,,,,,,,
,,,,,,,,,,,,,,,,,,,,
,,,,,,,,,,,,,,,,,,,,
,,,,,,,,,,,,,,,,,,,,
,,,,,,,,,,,,,,,,,,,,
,,,,,,,,,,,,,,,,,,,,
,,,,,,,,,,,,,,,,,,,,
,,,,,,,,,,,,,,,,,,,,
,,,,,,,,,,,,,,,,,,,,
,,,,,,,,,,,,,,,,,,,,
,,,,,,,,,,,,,,,,,,,,
,,,,,,,,,,,,,,,,,,,,
,,,,,,,,,,,,,,,,,,,,
,,,,,,,,,,,,,,,,,,,,
,,,,,,,,,,,,,,,,,,,,
,,,,,,,,,,,,,,,,,,,,
,,,,,,,,,,,,,,,,,,,,
,,,,,,,,,,,,,,,,,,,,
,,,,,,,,,,,,,,,,,,,,
,,,,,,,,,,,,,,,,,,,,
,,,,,,,,,,,,,,,,,,,,
,,,,,,,,,,,,,,,,,,,,
,,,,,,,,,,,,,,,,,,,,
,,,,,,,,,,,,,,,,,,,,
,,,,,,,,,,,,,,,,,,,,
,,,,,,,,,,,,,,,,,,,,
,,,,,,,,,,,,,,,,,,,,
,,,,,,,,,,,,,,,,,,,,
,,,,,,,,,,,,,,,,,,,,
,,,,,,,,,,,,,,,,,,,,
,,,,,,,,,,,,,,,,,,,,
,,,,,,,,,,,,,,,,,,,,
,,,,,,,,,,,,,,,,,,,,
,,,,,,,,,,,,,,,,,,,,
,,,,,,,,,,,,,,,,,,,,
,,,,,,,,,,,,,,,,,,,,
,,,,,,,,,,,,,,,,,,,,
,,,,,,,,,,,,,,,,,,,,
,,,,,,,,,,,,,,,,,,,,
,,,,,,,,,,,,,,,,,,,,
,,,,,,,,,,,,,,,,,,,,
,,,,,,,,,,,,,,,,,,,,
,,,,,,,,,,,,,,,,,,,,
,,,,,,,,,,,,,,,,,,,,
,,,,,,,,,,,,,,,,,,,,
,,,,,,,,,,,,,,,,,,,,
,,,,,,,,,,,,,,,,,,,,
,,,,,,,,,,,,,,,,,,,,
,,,,,,,,,,,,,,,,,,,,
,,,,,,,,,,,,,,,,,,,,
,,,,,,,,,,,,,,,,,,,,
,,,,,,,,,,,,,,,,,,,,
,,,,,,,,,,,,,,,,,,,,
,,,,,,,,,,,,,,,,,,,,
,,,,,,,,,,,,,,,,,,,,
,,,,,,,,,,,,,,,,,,,,
,,,,,,,,,,,,,,,,,,,,
,,,,,,,,,,,,,,,,,,,,
,,,,,,,,,,,,,,,,,,,,
,,,,,,,,,,,,,,,,,,,,
,,,,,,,,,,,,,,,,,,,,
,,,,,,,,,,,,,,,,,,,,
,,,,,,,,,,,,,,,,,,,,
,,,,,,,,,,,,,,,,,,,,
,,,,,,,,,,,,,,,,,,,,
,,,,,,,,,,,,,,,,,,,,
,,,,,,,,,,,,,,,,,,,,
,,,,,,,,,,,,,,,,,,,,
,,,,,,,,,,,,,,,,,,,,
,,,,,,,,,,,,,,,,,,,,
,,,,,,,,,,,,,,,,,,,,
,,,,,,,,,,,,,,,,,,,,
,,,,,,,,,,,,,,,,,,,,
,,,,,,,,,,,,,,,,,,,,
,,,,,,,,,,,,,,,,,,,,
,,,,,,,,,,,,,,,,,,,,
,,,,,,,,,,,,,,,,,,,,
,,,,,,,,,,,,,,,,,,,,
,,,,,,,,,,,,,,,,,,,,
,,,,,,,,,,,,,,,,,,,,
,,,,,,,,,,,,,,,,,,,,
,,,,,,,,,,,,,,,,,,,,
,,,,,,,,,,,,,,,,,,,,
,,,,,,,,,,,,,,,,,,,,
,,,,,,,,,,,,,,,,,,,,
,,,,,,,,,,,,,,,,,,,,
,,,,,,,,,,,,,,,,,,,,
,,,,,,,,,,,,,,,,,,,,
,,,,,,,,,,,,,,,,,,,,
,,,,,,,,,,,,,,,,,,,,
,,,,,,,,,,,,,,,,,,,,
,,,,,,,,,,,,,,,,,,,,
,,,,,,,,,,,,,,,,,,,,
,,,,,,,,,,,,,,,,,,,,
,,,,,,,,,,,,,,,,,,,,
,,,,,,,,,,,,,,,,,,,,
,,,,,,,,,,,,,,,,,,,,
,,,,,,,,,,,,,,,,,,,,
,,,,,,,,,,,,,,,,,,,,
,,,,,,,,,,,,,,,,,,,,
,,,,,,,,,,,,,,,,,,,,
,,,,,,,,,,,,,,,,,,,,
,,,,,,,,,,,,,,,,,,,,
,,,,,,,,,,,,,,,,,,,,
,,,,,,,,,,,,,,,,,,,,
,,,,,,,,,,,,,,,,,,,,
,,,,,,,,,,,,,,,,,,,,
,,,,,,,,,,,,,,,,,,,,
,,,,,,,,,,,,,,,,,,,,
,,,,,,,,,,,,,,,,,,,,
,,,,,,,,,,,,,,,,,,,,
,,,,,,,,,,,,,,,,,,,,
,,,,,,,,,,,,,,,,,,,,
,,,,,,,,,,,,,,,,,,,,
,,,,,,,,,,,,,,,,,,,,
,,,,,,,,,,,,,,,,,,,,
,,,,,,,,,,,,,,,,,,,,
,,,,,,,,,,,,,,,,,,,,
,,,,,,,,,,,,,,,,,,,,
,,,,,,,,,,,,,,,,,,,,
,,,,,,,,,,,,,,,,,,,,
,,,,,,,,,,,,,,,,,,,,
,,,,,,,,,,,,,,,,,,,,
,,,,,,,,,,,,,,,,,,,,
,,,,,,,,,,,,,,,,,,,,
,,,,,,,,,,,,,,,,,,,,
,,,,,,,,,,,,,,,,,,,,
,,,,,,,,,,,,,,,,,,,,
,,,,,,,,,,,,,,,,,,,,
,,,,,,,,,,,,,,,,,,,,
,,,,,,,,,,,,,,,,,,,,
,,,,,,,,,,,,,,,,,,,,
,,,,,,,,,,,,,,,,,,,,
,,,,,,,,,,,,,,,,,,,,
,,,,,,,,,,,,,,,,,,,,
,,,,,,,,,,,,,,,,,,,,
,,,,,,,,,,,,,,,,,,,,
,,,,,,,,,,,,,,,,,,,,
,,,,,,,,,,,,,,,,,,,,
,,,,,,,,,,,,,,,,,,,,
,,,,,,,,,,,,,,,,,,,,
,,,,,,,,,,,,,,,,,,,,
,,,,,,,,,,,,,,,,,,,,
,,,,,,,,,,,,,,,,,,,,
,,,,,,,,,,,,,,,,,,,,
,,,,,,,,,,,,,,,,,,,,
,,,,,,,,,,,,,,,,,,,,
,,,,,,,,,,,,,,,,,,,,
,,,,,,,,,,,,,,,,,,,,
,,,,,,,,,,,,,,,,,,,,
,,,,,,,,,,,,,,,,,,,,
,,,,,,,,,,,,,,,,,,,,
,,,,,,,,,,,,,,,,,,,,
,,,,,,,,,,,,,,,,,,,,
,,,,,,,,,,,,,,,,,,,,
,,,,,,,,,,,,,,,,,,,,
,,,,,,,,,,,,,,,,,,,,
,,,,,,,,,,,,,,,,,,,,
,,,,,,,,,,,,,,,,,,,,
,,,,,,,,,,,,,,,,,,,,
,,,,,,,,,,,,,,,,,,,,
,,,,,,,,,,,,,,,,,,,,
,,,,,,,,,,,,,,,,,,,,
,,,,,,,,,,,,,,,,,,,,
,,,,,,,,,,,,,,,,,,,,
,,,,,,,,,,,,,,,,,,,,
,,,,,,,,,,,,,,,,,,,,
,,,,,,,,,,,,,,,,,,,,
,,,,,,,,,,,,,,,,,,,,
,,,,,,,,,,,,,,,,,,,,
,,,,,,,,,,,,,,,,,,,,
,,,,,,,,,,,,,,,,,,,,
,,,,,,,,,,,,,,,,,,,,
,,,,,,,,,,,,,,,,,,,,
,,,,,,,,,,,,,,,,,,,,
,,,,,,,,,,,,,,,,,,,,
,,,,,,,,,,,,,,,,,,,,
,,,,,,,,,,,,,,,,,,,,
,,,,,,,,,,,,,,,,,,,,
,,,,,,,,,,,,,,,,,,,,
,,,,,,,,,,,,,,,,,,,,
,,,,,,,,,,,,,,,,,,,,
,,,,,,,,,,,,,,,,,,,,
,,,,,,,,,,,,,,,,,,,,
,,,,,,,,,,,,,,,,,,,,
,,,,,,,,,,,,,,,,,,,,
,,,,,,,,,,,,,,,,,,,,
,,,,,,,,,,,,,,,,,,,,
,,,,,,,,,,,,,,,,,,,,
,,,,,,,,,,,,,,,,,,,,
,,,,,,,,,,,,,,,,,,,,
,,,,,,,,,,,,,,,,,,,,
,,,,,,,,,,,,,,,,,,,,
,,,,,,,,,,,,,,,,,,,,
,,,,,,,,,,,,,,,,,,,,
,,,,,,,,,,,,,,,,,,,,
,,,,,,,,,,,,,,,,,,,,
,,,,,,,,,,,,,,,,,,,,
,,,,,,,,,,,,,,,,,,,,
,,,,,,,,,,,,,,,,,,,,
,,,,,,,,,,,,,,,,,,,,
,,,,,,,,,,,,,,,,,,,,
,,,,,,,,,,,,,,,,,,,,
,,,,,,,,,,,,,,,,,,,,
,,,,,,,,,,,,,,,,,,,,
,,,,,,,,,,,,,,,,,,,,
,,,,,,,,,,,,,,,,,,,,
,,,,,,,,,,,,,,,,,,,,
,,,,,,,,,,,,,,,,,,,,
,,,,,,,,,,,,,,,,,,,,
,,,,,,,,,,,,,,,,,,,,
,,,,,,,,,,,,,,,,,,,,
,,,,,,,,,,,,,,,,,,,,
,,,,,,,,,,,,,,,,,,,,
,,,,,,,,,,,,,,,,,,,,
,,,,,,,,,,,,,,,,,,,,
,,,,,,,,,,,,,,,,,,,,
,,,,,,,,,,,,,,,,,,,,
,,,,,,,,,,,,,,,,,,,,
,,,,,,,,,,,,,,,,,,,,
,,,,,,,,,,,,,,,,,,,,
,,,,,,,,,,,,,,,,,,,,
,,,,,,,,,,,,,,,,,,,,
,,,,,,,,,,,,,,,,,,,,
,,,,,,,,,,,,,,,,,,,,
,,,,,,,,,,,,,,,,,,,,
,,,,,,,,,,,,,,,,,,,,
,,,,,,,,,,,,,,,,,,,,
,,,,,,,,,,,,,,,,,,,,
,,,,,,,,,,,,,,,,,,,,
,,,,,,,,,,,,,,,,,,,,
,,,,,,,,,,,,,,,,,,,,
,,,,,,,,,,,,,,,,,,,,
,,,,,,,,,,,,,,,,,,,,
,,,,,,,,,,,,,,,,,,,,
,,,,,,,,,,,,,,,,,,,,
,,,,,,,,,,,,,,,,,,,,
,,,,,,,,,,,,,,,,,,,,
,,,,,,,,,,,,,,,,,,,,
,,,,,,,,,,,,,,,,,,,,
,,,,,,,,,,,,,,,,,,,,
,,,,,,,,,,,,,,,,,,,,
,,,,,,,,,,,,,,,,,,,,
,,,,,,,,,,,,,,,,,,,,
,,,,,,,,,,,,,,,,,,,,
,,,,,,,,,,,,,,,,,,,,
,,,,,,,,,,,,,,,,,,,,
,,,,,,,,,,,,,,,,,,,,
,,,,,,,,,,,,,,,,,,,,
,,,,,,,,,,,,,,,,,,,,
,,,,,,,,,,,,,,,,,,,,
,,,,,,,,,,,,,,,,,,,,
,,,,,,,,,,,,,,,,,,,,
,,,,,,,,,,,,,,,,,,,,
,,,,,,,,,,,,,,,,,,,,
,,,,,,,,,,,,,,,,,,,,
,,,,,,,,,,,,,,,,,,,,
,,,,,,,,,,,,,,,,,,,,
,,,,,,,,,,,,,,,,,,,,
,,,,,,,,,,,,,,,,,,,,
,,,,,,,,,,,,,,,,,,,,
,,,,,,,,,,,,,,,,,,,,
,,,,,,,,,,,,,,,,,,,,
,,,,,,,,,,,,,,,,,,,,
,,,,,,,,,,,,,,,,,,,,
,,,,,,,,,,,,,,,,,,,,
,,,,,,,,,,,,,,,,,,,,
,,,,,,,,,,,,,,,,,,,,
,,,,,,,,,,,,,,,,,,,,
,,,,,,,,,,,,,,,,,,,,
,,,,,,,,,,,,,,,,,,,,
,,,,,,,,,,,,,,,,,,,,
,,,,,,,,,,,,,,,,,,,,
,,,,,,,,,,,,,,,,,,,,
,,,,,,,,,,,,,,,,,,,,
,,,,,,,,,,,,,,,,,,,,
,,,,,,,,,,,,,,,,,,,,
,,,,,,,,,,,,,,,,,,,,
,,,,,,,,,,,,,,,,,,,,
,,,,,,,,,,,,,,,,,,,,
,,,,,,,,,,,,,,,,,,,,
,,,,,,,,,,,,,,,,,,,,
,,,,,,,,,,,,,,,,,,,,
,,,,,,,,,,,,,,,,,,,,
,,,,,,,,,,,,,,,,,,,,
,,,,,,,,,,,,,,,,,,,,
,,,,,,,,,,,,,,,,,,,,
,,,,,,,,,,,,,,,,,,,,
,,,,,,,,,,,,,,,,,,,,
,,,,,,,,,,,,,,,,,,,,
,,,,,,,,,,,,,,,,,,,,
,,,,,,,,,,,,,,,,,,,,
,,,,,,,,,,,,,,,,,,,,
,,,,,,,,,,,,,,,,,,,,
,,,,,,,,,,,,,,,,,,,,
,,,,,,,,,,,,,,,,,,,,
,,,,,,,,,,,,,,,,,,,,
,,,,,,,,,,,,,,,,,,,,
,,,,,,,,,,,,,,,,,,,,
,,,,,,,,,,,,,,,,,,,,
,,,,,,,,,,,,,,,,,,,,
,,,,,,,,,,,,,,,,,,,,
,,,,,,,,,,,,,,,,,,,,
,,,,,,,,,,,,,,,,,,,,
,,,,,,,,,,,,,,,,,,,,
,,,,,,,,,,,,,,,,,,,,
,,,,,,,,,,,,,,,,,,,,
,,,,,,,,,,,,,,,,,,,,
,,,,,,,,,,,,,,,,,,,,
,,,,,,,,,,,,,,,,,,,,
,,,,,,,,,,,,,,,,,,,,
,,,,,,,,,,,,,,,,,,,,
,,,,,,,,,,,,,,,,,,,,
,,,,,,,,,,,,,,,,,,,,
,,,,,,,,,,,,,,,,,,,,
,,,,,,,,,,,,,,,,,,,,
,,,,,,,,,,,,,,,,,,,,
,,,,,,,,,,,,,,,,,,,,
,,,,,,,,,,,,,,,,,,,,
,,,,,,,,,,,,,,,,,,,,
,,,,,,,,,,,,,,,,,,,,
,,,,,,,,,,,,,,,,,,,,
,,,,,,,,,,,,,,,,,,,,
,,,,,,,,,,,,,,,,,,,,
,,,,,,,,,,,,,,,,,,,,
,,,,,,,,,,,,,,,,,,,,
,,,,,,,,,,,,,,,,,,,,
,,,,,,,,,,,,,,,,,,,,
,,,,,,,,,,,,,,,,,,,,
,,,,,,,,,,,,,,,,,,,,
,,,,,,,,,,,,,,,,,,,,
,,,,,,,,,,,,,,,,,,,,
,,,,,,,,,,,,,,,,,,,,
,,,,,,,,,,,,,,,,,,,,
,,,,,,,,,,,,,,,,,,,,
,,,,,,,,,,,,,,,,,,,,
,,,,,,,,,,,,,,,,,,,,
,,,,,,,,,,,,,,,,,,,,
,,,,,,,,,,,,,,,,,,,,
,,,,,,,,,,,,,,,,,,,,
,,,,,,,,,,,,,,,,,,,,
,,,,,,,,,,,,,,,,,,,,
,,,,,,,,,,,,,,,,,,,,
,,,,,,,,,,,,,,,,,,,,
,,,,,,,,,,,,,,,,,,,,
,,,,,,,,,,,,,,,,,,,,
,,,,,,,,,,,,,,,,,,,,
,,,,,,,,,,,,,,,,,,,,
,,,,,,,,,,,,,,,,,,,,
,,,,,,,,,,,,,,,,,,,,
,,,,,,,,,,,,,,,,,,,,
,,,,,,,,,,,,,,,,,,,,
,,,,,,,,,,,,,,,,,,,,
,,,,,,,,,,,,,,,,,,,,
,,,,,,,,,,,,,,,,,,,,
,,,,,,,,,,,,,,,,,,,,
,,,,,,,,,,,,,,,,,,,,
,,,,,,,,,,,,,,,,,,,,
,,,,,,,,,,,,,,,,,,,,
,,,,,,,,,,,,,,,,,,,,
,,,,,,,,,,,,,,,,,,,,
,,,,,,,,,,,,,,,,,,,,
,,,,,,,,,,,,,,,,,,,,
,,,,,,,,,,,,,,,,,,,,
,,,,,,,,,,,,,,,,,,,,
,,,,,,,,,,,,,,,,,,,,
,,,,,,,,,,,,,,,,,,,,
,,,,,,,,,,,,,,,,,,,,
,,,,,,,,,,,,,,,,,,,,
,,,,,,,,,,,,,,,,,,,,
,,,,,,,,,,,,,,,,,,,,
,,,,,,,,,,,,,,,,,,,,
,,,,,,,,,,,,,,,,,,,,
,,,,,,,,,,,,,,,,,,,,
,,,,,,,,,,,,,,,,,,,,
,,,,,,,,,,,,,,,,,,,,
,,,,,,,,,,,,,,,,,,,,
,,,,,,,,,,,,,,,,,,,,
,,,,,,,,,,,,,,,,,,,,
,,,,,,,,,,,,,,,,,,,,
,,,,,,,,,,,,,,,,,,,,
,,,,,,,,,,,,,,,,,,,,
,,,,,,,,,,,,,,,,,,,,
,,,,,,,,,,,,,,,,,,,,
,,,,,,,,,,,,,,,,,,,,
,,,,,,,,,,,,,,,,,,,,
,,,,,,,,,,,,,,,,,,,,
,,,,,,,,,,,,,,,,,,,,
,,,,,,,,,,,,,,,,,,,,
,,,,,,,,,,,,,,,,,,,,
,,,,,,,,,,,,,,,,,,,,
,,,,,,,,,,,,,,,,,,,,
,,,,,,,,,,,,,,,,,,,,
,,,,,,,,,,,,,,,,,,,,
,,,,,,,,,,,,,,,,,,,,
,,,,,,,,,,,,,,,,,,,,
,,,,,,,,,,,,,,,,,,,,
,,,,,,,,,,,,,,,,,,,,
,,,,,,,,,,,,,,,,,,,,
,,,,,,,,,,,,,,,,,,,,
,,,,,,,,,,,,,,,,,,,,
,,,,,,,,,,,,,,,,,,,,
,,,,,,,,,,,,,,,,,,,,
,,,,,,,,,,,,,,,,,,,,
,,,,,,,,,,,,,,,,,,,,
,,,,,,,,,,,,,,,,,,,,
,,,,,,,,,,,,,,,,,,,,
,,,,,,,,,,,,,,,,,,,,
,,,,,,,,,,,,,,,,,,,,
,,,,,,,,,,,,,,,,,,,,
,,,,,,,,,,,,,,,,,,,,
,,,,,,,,,,,,,,,,,,,,
,,,,,,,,,,,,,,,,,,,,
,,,,,,,,,,,,,,,,,,,,
,,,,,,,,,,,,,,,,,,,,
,,,,,,,,,,,,,,,,,,,,
,,,,,,,,,,,,,,,,,,,,
,,,,,,,,,,,,,,,,,,,,
,,,,,,,,,,,,,,,,,,,,
,,,,,,,,,,,,,,,,,,,,
,,,,,,,,,,,,,,,,,,,,
,,,,,,,,,,,,,,,,,,,,
,,,,,,,,,,,,,,,,,,,,
,,,,,,,,,,,,,,,,,,,,
,,,,,,,,,,,,,,,,,,,,
,,,,,,,,,,,,,,,,,,,,
,,,,,,,,,,,,,,,,,,,,
,,,,,,,,,,,,,,,,,,,,
,,,,,,,,,,,,,,,,,,,,
,,,,,,,,,,,,,,,,,,,,
,,,,,,,,,,,,,,,,,,,,
,,,,,,,,,,,,,,,,,,,,
,,,,,,,,,,,,,,,,,,,,
,,,,,,,,,,,,,,,,,,,,
,,,,,,,,,,,,,,,,,,,,
,,,,,,,,,,,,,,,,,,,,
,,,,,,,,,,,,,,,,,,,,
,,,,,,,,,,,,,,,,,,,,
,,,,,,,,,,,,,,,,,,,,
,,,,,,,,,,,,,,,,,,,,
,,,,,,,,,,,,,,,,,,,,
,,,,,,,,,,,,,,,,,,,,
,,,,,,,,,,,,,,,,,,,,
,,,,,,,,,,,,,,,,,,,,
,,,,,,,,,,,,,,,,,,,,
,,,,,,,,,,,,,,,,,,,,
,,,,,,,,,,,,,,,,,,,,
,,,,,,,,,,,,,,,,,,,,
,,,,,,,,,,,,,,,,,,,,
,,,,,,,,,,,,,,,,,,,,
,,,,,,,,,,,,,,,,,,,,
,,,,,,,,,,,,,,,,,,,,
,,,,,,,,,,,,,,,,,,,,
,,,,,,,,,,,,,,,,,,,,
,,,,,,,,,,,,,,,,,,,,
,,,,,,,,,,,,,,,,,,,,
,,,,,,,,,,,,,,,,,,,,
,,,,,,,,,,,,,,,,,,,,
,,,,,,,,,,,,,,,,,,,,
,,,,,,,,,,,,,,,,,,,,
,,,,,,,,,,,,,,,,,,,,
,,,,,,,,,,,,,,,,,,,,
,,,,,,,,,,,,,,,,,,,,
,,,,,,,,,,,,,,,,,,,,
,,,,,,,,,,,,,,,,,,,,
,,,,,,,,,,,,,,,,,,,,
,,,,,,,,,,,,,,,,,,,,
,,,,,,,,,,,,,,,,,,,,
,,,,,,,,,,,,,,,,,,,,
,,,,,,,,,,,,,,,,,,,,
,,,,,,,,,,,,,,,,,,,,
,,,,,,,,,,,,,,,,,,,,
,,,,,,,,,,,,,,,,,,,,
,,,,,,,,,,,,,,,,,,,,
,,,,,,,,,,,,,,,,,,,,
,,,,,,,,,,,,,,,,,,,,
,,,,,,,,,,,,,,,,,,,,
,,,,,,,,,,,,,,,,,,,,
,,,,,,,,,,,,,,,,,,,,
,,,,,,,,,,,,,,,,,,,,
,,,,,,,,,,,,,,,,,,,,
,,,,,,,,,,,,,,,,,,,,
,,,,,,,,,,,,,,,,,,,,
,,,,,,,,,,,,,,,,,,,,
,,,,,,,,,,,,,,,,,,,,
,,,,,,,,,,,,,,,,,,,,
,,,,,,,,,,,,,,,,,,,,
,,,,,,,,,,,,,,,,,,,,
,,,,,,,,,,,,,,,,,,,,
,,,,,,,,,,,,,,,,,,,,
,,,,,,,,,,,,,,,,,,,,
,,,,,,,,,,,,,,,,,,,,
,,,,,,,,,,,,,,,,,,,,
,,,,,,,,,,,,,,,,,,,,
,,,,,,,,,,,,,,,,,,,,
,,,,,,,,,,,,,,,,,,,,
,,,,,,,,,,,,,,,,,,,,
,,,,,,,,,,,,,,,,,,,,
,,,,,,,,,,,,,,,,,,,,
,,,,,,,,,,,,,,,,,,,,
,,,,,,,,,,,,,,,,,,,,
,,,,,,,,,,,,,,,,,,,,
,,,,,,,,,,,,,,,,,,,,
,,,,,,,,,,,,,,,,,,,,
,,,,,,,,,,,,,,,,,,,,
,,,,,,,,,,,,,,,,,,,,
,,,,,,,,,,,,,,,,,,,,
,,,,,,,,,,,,,,,,,,,,
,,,,,,,,,,,,,,,,,,,,
,,,,,,,,,,,,,,,,,,,,
,,,,,,,,,,,,,,,,,,,,
,,,,,,,,,,,,,,,,,,,,
,,,,,,,,,,,,,,,,,,,,
,,,,,,,,,,,,,,,,,,,,
,,,,,,,,,,,,,,,,,,,,
,,,,,,,,,,,,,,,,,,,,
,,,,,,,,,,,,,,,,,,,,
,,,,,,,,,,,,,,,,,,,,
,,,,,,,,,,,,,,,,,,,,
,,,,,,,,,,,,,,,,,,,,
,,,,,,,,,,,,,,,,,,,,
,,,,,,,,,,,,,,,,,,,,
,,,,,,,,,,,,,,,,,,,,
,,,,,,,,,,,,,,,,,,,,
,,,,,,,,,,,,,,,,,,,,
,,,,,,,,,,,,,,,,,,,,
,,,,,,,,,,,,,,,,,,,,
,,,,,,,,,,,,,,,,,,,,
,,,,,,,,,,,,,,,,,,,,
,,,,,,,,,,,,,,,,,,,,
,,,,,,,,,,,,,,,,,,,,
,,,,,,,,,,,,,,,,,,,,
,,,,,,,,,,,,,,,,,,,,
,,,,,,,,,,,,,,,,,,,,
,,,,,,,,,,,,,,,,,,,,
,,,,,,,,,,,,,,,,,,,,
,,,,,,,,,,,,,,,,,,,,
,,,,,,,,,,,,,,,,,,,,
,,,,,,,,,,,,,,,,,,,,
,,,,,,,,,,,,,,,,,,,,
,,,,,,,,,,,,,,,,,,,,
,,,,,,,,,,,,,,,,,,,,
,,,,,,,,,,,,,,,,,,,,
,,,,,,,,,,,,,,,,,,,,
,,,,,,,,,,,,,,,,,,,,
,,,,,,,,,,,,,,,,,,,,
,,,,,,,,,,,,,,,,,,,,
,,,,,,,,,,,,,,,,,,,,
,,,,,,,,,,,,,,,,,,,,
,,,,,,,,,,,,,,,,,,,,
,,,,,,,,,,,,,,,,,,,,
,,,,,,,,,,,,,,,,,,,,
,,,,,,,,,,,,,,,,,,,,
,,,,,,,,,,,,,,,,,,,,
,,,,,,,,,,,,,,,,,,,,
,,,,,,,,,,,,,,,,,,,,
,,,,,,,,,,,,,,,,,,,,
,,,,,,,,,,,,,,,,,,,,
,,,,,,,,,,,,,,,,,,,,
,,,,,,,,,,,,,,,,,,,,
,,,,,,,,,,,,,,,,,,,,
,,,,,,,,,,,,,,,,,,,,
,,,,,,,,,,,,,,,,,,,,
,,,,,,,,,,,,,,,,,,,,
,,,,,,,,,,,,,,,,,,,,
,,,,,,,,,,,,,,,,,,,,
,,,,,,,,,,,,,,,,,,,,
,,,,,,,,,,,,,,,,,,,,
,,,,,,,,,,,,,,,,,,,,
,,,,,,,,,,,,,,,,,,,,
,,,,,,,,,,,,,,,,,,,,
,,,,,,,,,,,,,,,,,,,,
,,,,,,,,,,,,,,,,,,,,
,,,,,,,,,,,,,,,,,,,,
,,,,,,,,,,,,,,,,,,,,
,,,,,,,,,,,,,,,,,,,,
,,,,,,,,,,,,,,,,,,,,
,,,,,,,,,,,,,,,,,,,,
,,,,,,,,,,,,,,,,,,,,
,,,,,,,,,,,,,,,,,,,,
,,,,,,,,,,,,,,,,,,,,
,,,,,,,,,,,,,,,,,,,,
,,,,,,,,,,,,,,,,,,,,
,,,,,,,,,,,,,,,,,,,,
,,,,,,,,,,,,,,,,,,,,
,,,,,,,,,,,,,,,,,,,,
,,,,,,,,,,,,,,,,,,,,
,,,,,,,,,,,,,,,,,,,,
,,,,,,,,,,,,,,,,,,,,
,,,,,,,,,,,,,,,,,,,,
,,,,,,,,,,,,,,,,,,,,
,,,,,,,,,,,,,,,,,,,,
,,,,,,,,,,,,,,,,,,,,
,,,,,,,,,,,,,,,,,,,,
,,,,,,,,,,,,,,,,,,,,
