vendor_id,name,type,address,city,state,zip_code,phone,email,contact_person,tax_id,is_pap_vendor,pap_program,contract_start_date,contract_end_date,is_active,fraud_flag,created_at
VEN10000,Perez-Jacobs Medical,Medical Supply,536 Christopher Plaza Suite 842,New Scott,GA,98735,5279962007,contact@perez-jacobsmedical.com,Stephen Mccullough,71-1370770,True,Kaiser PAP,2024-10-03,2027-08-06,True,False,2024-09-21
VEN10001,Davis Ltd Pharmacy,Transportation,15095 Rebecca Hill,South Deborahland,GA,22661,+1-515-948-9272x3192,contact@davisltdpharmacy.com,Sandra West,75-1484961,False,,2024-11-13,2026-12-14,True,False,2024-10-04
VEN10002,Cannon-Bowman Supplies,Lab,1712 Dyer Estates Suite 938,Timborough,FL,26719,+1-374-550-9757x9253,contact@cannon-bowmansupplies.com,Zachary Romero,30-5175196,False,,2026-05-09,2028-04-02,True,False,2024-10-08
VEN10003,White Group Pharmacy,Pharmacy,41891 Mcpherson Trail,Fernandezbury,TX,28250,609-447-7712x7413,contact@whitegrouppharmacy.com,Pamela Shaffer,31-1298153,True,Kaiser PAP,2022-05-13,2027-06-19,True,False,2022-02-07
VEN10004,Wells Inc Healthcare,Transportation,458 Hill Lock,Michaelchester,PA,27214,001-202-894-1240x52677,contact@wellsinchealthcare.com,Jonathan Lester,72-1634100,True,Kaiser PAP,2022-02-27,2028-03-05,True,False,2023-07-05
VEN10005,Long-Meyers Pharmacy,Home Health,250 Harrington Knoll Suite 304,West Lisa,IL,80212,(886)364-3237x82628,contact@long-meyerspharmacy.com,Shelby Bowman,55-1062346,True,,2026-01-12,2027-06-12,True,False,2025-07-13
VEN10006,Cooper-Dean Medical,Medical Supply,565 Carter Stravenue,Lisachester,FL,12983,391.266.4715,contact@cooper-deanmedical.com,Daniel Clay,74-6450777,True,,2024-03-08,2027-07-24,True,False,2024-11-27
VEN10007,Powell-Walker Supplies,Transportation,20120 Miller Trace Apt. 635,East Angela,NY,70063,793.319.2607x93013,contact@powell-walkersupplies.com,Jim Werner,77-4997733,True,,2023-03-21,2028-02-28,True,False,2022-01-31
VEN10008,Ramirez Inc Medical,Pharmacy,97710 Smith Haven,South Nathaniel,OH,55431,2347286373,contact@ramirezincmedical.com,Isabella Davidson MD,56-1485193,False,,2025-09-05,2028-01-11,True,False,2024-04-05
VEN10009,Hughes-Ruiz Supplies,Pharmacy,1952 Gina Club Suite 069,New Markborough,MI,18512,363-535-5041,contact@hughes-ruizsupplies.com,Jennifer Ross,17-8435328,False,Kaiser PAP,2023-11-28,2026-12-07,True,False,2021-07-06
VEN10010,Martin Group Medical,Home Health,2673 Fisher Turnpike,Ewingfurt,TX,98913,(953)631-3241x53074,contact@martingroupmedical.com,Walter Soto,13-3880164,True,Kaiser PAP,2025-07-24,2027-04-27,True,False,2025-10-22
VEN10011,Gibson-Roach Healthcare,Pharmacy,21358 Christian Islands,Lake Jennifer,CA,79881,(370)429-8720x275,contact@gibson-roachhealthcare.com,Robert Bennett,93-9244289,True,,2025-08-13,2026-08-05,True,False,2023-12-29
VEN10012,Warner-Brooks Healthcare,Lab,9118 Justin Course,Port Calvin,IL,87351,464-795-3594,contact@warner-brookshealthcare.com,Aaron Rice,43-1433078,False,Kaiser PAP,2024-09-23,2028-03-18,True,False,2025-01-09
VEN10013,Peterson and Sons Supplies,DME Supplier,60815 Orr Isle Suite 310,Ryanview,NY,28456,+1-437-451-2610x9985,contact@petersonandsonssupplies.com,Dustin Martinez,21-3377527,True,,2023-02-07,2027-06-12,True,False,2021-08-26
VEN10014,Reeves-Norman Medical,Pharmacy,44927 Monica Lake,Christopherhaven,IL,64336,849-402-7672x5362,contact@reeves-normanmedical.com,Martin Bell,29-7128150,False,Kaiser PAP,2022-01-03,2027-12-28,True,False,2023-11-24
VEN10015,Thompson-Jackson Pharmacy,Medical Supply,20982 James Canyon Apt. 333,Colemanville,IL,94256,674-674-6344x016,contact@thompson-jacksonpharmacy.com,Erin Tyler,33-6657063,False,,2022-10-15,2027-09-24,True,False,2021-12-07
VEN10016,Michael-Gibson Pharmacy,Medical Supply,4036 Rebecca Knolls,Cunninghamchester,GA,69879,642.669.8002,contact@michael-gibsonpharmacy.com,Marisa Allen,60-7614231,True,Kaiser PAP,2024-08-24,2026-09-26,True,False,2023-05-12
VEN10017,Wheeler-Adkins Pharmacy,DME Supplier,516 Mills Burg Apt. 293,Brettbury,PA,47739,607.704.2135x2877,contact@wheeler-adkinspharmacy.com,Paul Alexander,42-8463096,True,Kaiser PAP,2022-10-04,2027-08-23,True,False,2021-11-11
VEN10018,Shepherd-Stephens Healthcare,Home Health,063 Kristin Crossroad Apt. 105,Jensenhaven,FL,89713,(350)282-9345,contact@shepherd-stephenshealthcare.com,Evan Jackson,47-8021257,True,,2024-11-27,2028-01-19,True,False,2023-11-27
VEN10019,"Donovan, Kelley and Porter Healthcare",Home Health,5656 Murphy Stravenue,Baileytown,FL,59447,(450)747-6596,"contact@donovan,kelleyandporterhealthcare.com",Sandra Wong,28-6756957,True,Kaiser PAP,2022-02-13,2026-07-27,True,False,2025-09-19
VEN10020,"Reyes, Norton and Lawson Healthcare",Transportation,640 Jones Causeway,West Katherineshire,PA,16617,+1-313-460-7436x342,"contact@reyes,nortonandlawsonhealthcare.com",Jason Velasquez,44-5867577,True,Kaiser PAP,2022-09-01,2027-10-04,True,False,2022-06-09
VEN10021,"Evans, Palmer and Miller Healthcare",Transportation,01474 Robert Lock Apt. 161,Gonzalezshire,TX,23149,(812)938-4906x5006,"contact@evans,palmerandmillerhealthcare.com",Jessica Fry,14-5540368,True,Kaiser PAP,2021-08-09,2028-02-08,True,False,2022-05-20
VEN10022,"Adams, Jones and White Medical",Transportation,8654 Jeremy Groves Apt. 632,Joannaton,IL,51542,(761)764-6342,"contact@adams,jonesandwhitemedical.com",Joshua Cabrera,64-3211397,True,Kaiser PAP,2026-04-17,2028-04-11,True,False,2025-10-05
VEN10023,Thomas-Solomon Medical,Pharmacy,980 Chelsea Mews,Johnland,FL,5466,6818203518,contact@thomas-solomonmedical.com,Jose Allen,69-4474186,True,Kaiser PAP,2022-08-28,2027-08-24,True,False,2023-12-10
VEN10024,Chang-Taylor Pharmacy,DME Supplier,110 John Drive Apt. 056,Lake Christophertown,FL,51937,+1-341-630-4593x95635,contact@chang-taylorpharmacy.com,Caitlin Lee,94-2604034,True,,2022-09-19,2027-12-12,True,False,2021-07-06
VEN10025,"Daniels, Berg and Murphy Supplies",Pharmacy,971 Graham Ways,Gonzalezville,FL,43765,254.654.2223x8387,"contact@daniels,bergandmurphysupplies.com",Terry Stephens,26-3623753,False,Kaiser PAP,2025-03-25,2027-12-05,True,False,2025-07-26
VEN10026,Thompson Group Medical,Pharmacy,199 Willie Dale Apt. 288,Brandonfort,FL,97314,(933)271-3263,contact@thompsongroupmedical.com,Tammy Lopez,70-5969946,True,Kaiser PAP,2024-12-11,2028-06-13,True,False,2022-10-27
VEN10027,Anderson-Carson Healthcare,Lab,14166 Reed Fall Suite 723,Millerside,GA,79214,4152777349,contact@anderson-carsonhealthcare.com,Hannah House,90-2761196,True,,2023-11-01,2026-08-03,True,False,2025-02-18
VEN10028,Willis PLC Healthcare,Medical Supply,15622 Kathryn Spurs,South Karen,NC,77335,+1-585-797-1306x67911,contact@willisplchealthcare.com,Jerry Rodriguez,86-3529840,True,Kaiser PAP,2024-09-16,2027-08-28,True,False,2025-05-28
VEN10029,Lucas-Nelson Healthcare,DME Supplier,840 Lewis Land Suite 892,New Zachary,CA,50664,001-874-278-7893x422,contact@lucas-nelsonhealthcare.com,Jessica Jones,12-5149919,True,Kaiser PAP,2024-07-14,2026-09-19,True,False,2026-03-01
VEN10030,House-Phillips Supplies,Home Health,0036 Estes Dam,Rebekahhaven,FL,72582,(283)373-2807,contact@house-phillipssupplies.com,Courtney Johnson,36-7288539,False,,2022-02-08,2026-12-05,True,False,2023-02-01
VEN10031,Scott LLC Supplies,Lab,321 Michael Causeway,West Catherinestad,IL,3658,+1-922-410-5513,contact@scottllcsupplies.com,Stephen Smith,34-6789719,True,Kaiser PAP,2025-11-09,2027-07-08,True,False,2024-04-04
VEN10032,Miller-Stone Supplies,Home Health,257 Ronald Islands Suite 328,East Patricia,NY,40023,5167227751,contact@miller-stonesupplies.com,Maria Pearson,25-9560421,True,,2022-08-27,2027-05-17,True,False,2022-04-26
VEN10033,"Espinoza, Tran and Lopez Medical",Medical Supply,899 Paul Via,Jasminefurt,TX,12532,001-481-281-7555x834,"contact@espinoza,tranandlopezmedical.com",Angela Kelley,34-7204137,True,,2023-01-29,2027-07-20,True,False,2022-11-09
VEN10034,Taylor-Ray Medical,Pharmacy,8941 Rachel Parkway Apt. 849,Port Sally,NC,36709,845.668.5171,contact@taylor-raymedical.com,Diana Sanchez,55-1889497,True,Kaiser PAP,2023-05-02,2028-03-31,True,False,2024-01-17
VEN10035,Davis Group Medical,DME Supplier,14873 Smith Knoll Apt. 440,Port Scott,NC,20043,5158373616,contact@davisgroupmedical.com,Robert Gray,28-3215702,False,Kaiser PAP,2025-06-11,2026-10-18,True,False,2025-03-24
VEN10036,Garcia Group Healthcare,Pharmacy,005 Timothy Loaf,Christinaview,NC,21867,001-617-212-6962,contact@garciagrouphealthcare.com,Brittany Nelson,38-1614749,False,Kaiser PAP,2023-08-25,2026-09-06,True,False,2022-05-17
VEN10037,Kelley PLC Healthcare,DME Supplier,80628 Mary Orchard,Port Ryan,MI,76853,(540)572-5764x512,contact@kelleyplchealthcare.com,William Taylor,48-8028178,True,Kaiser PAP,2025-11-25,2027-09-14,True,False,2023-04-30
VEN10038,"Zimmerman, Wright and Costa Pharmacy",Home Health,0763 Kimberly Hills Apt. 105,Port Jeffrey,GA,99065,874-717-8320,"contact@zimmerman,wrightandcostapharmacy.com",Arthur Butler,15-7859806,True,Kaiser PAP,2024-01-20,2027-08-27,True,False,2025-11-25
VEN10039,Merritt-Daniels Medical,Transportation,0537 Angela Throughway,Zavalaside,GA,40200,688-869-0042,contact@merritt-danielsmedical.com,William Rogers,89-5032699,True,Kaiser PAP,2021-11-19,2028-03-09,True,False,2023-06-28
VEN10040,Owen Group Pharmacy,Medical Supply,1310 Richard Bypass,Brianshire,GA,64467,204.236.2861x061,contact@owengrouppharmacy.com,Stephen Green,52-6113688,False,Kaiser PAP,2025-05-20,2028-06-17,True,False,2022-02-11
VEN10041,"Ramirez, Brewer and Johnson Medical",Transportation,41390 Mccarthy Centers,Cassidybury,FL,90392,+1-674-991-9750x81672,"contact@ramirez,brewerandjohnsonmedical.com",Mary Anderson,44-4561908,True,Kaiser PAP,2021-07-06,2028-03-04,True,False,2024-09-29
VEN10042,"Henderson, Hernandez and Barajas Healthcare",Home Health,79157 Anthony Haven,Port Mary,TX,10571,544.268.5843,"contact@henderson,hernandezandbarajashealthcare.com",Rhonda Cain,60-2032833,False,Kaiser PAP,2025-02-17,2027-07-24,True,False,2024-06-28
VEN10043,Johnston-Lee Pharmacy,Transportation,39568 Jones Path Suite 714,Nicholasville,NY,1797,+1-888-605-9917x8825,contact@johnston-leepharmacy.com,Lori Duarte,77-8769065,False,,2022-06-06,2027-10-13,True,False,2025-09-26
VEN10044,"Cervantes, Garcia and Banks Healthcare",DME Supplier,06821 Woodward Motorway,Lake Michael,GA,34036,001-957-368-2655x6534,"contact@cervantes,garciaandbankshealthcare.com",Jennifer Richard,43-5056847,False,,2021-11-17,2027-07-16,True,False,2023-05-06
VEN10045,Thomas-Richards Medical,Medical Supply,227 Ronald Lock Suite 293,North Victoria,TX,58494,(229)860-2223x243,contact@thomas-richardsmedical.com,John Reed,19-1295224,False,Kaiser PAP,2023-02-12,2027-02-08,True,False,2023-12-22
VEN10046,Anderson PLC Supplies,Lab,990 Amber Mountain,Lake Cody,IL,31544,001-309-948-7114,contact@andersonplcsupplies.com,Kerri Gallagher,25-5542017,True,Kaiser PAP,2023-11-26,2026-11-08,True,False,2024-11-27
VEN10047,"Lynch, Pena and Collins Healthcare",Transportation,3676 Daniel Club,Lake Heather,FL,57122,001-590-415-0440x907,"contact@lynch,penaandcollinshealthcare.com",Matthew White,86-3059548,False,,2026-04-19,2027-10-05,True,False,2021-11-07
VEN10048,Bryant-Ortiz Pharmacy,Medical Supply,62003 Coleman Ways,New Deborah,IL,76557,9129617653,contact@bryant-ortizpharmacy.com,Kendra Howell,21-2986886,False,Kaiser PAP,2022-05-06,2027-01-18,True,False,2025-01-17
VEN10049,Saunders-Johnson Medical,Home Health,1281 Mendoza Turnpike,Lake Kristina,NC,70001,(874)273-3929x8078,contact@saunders-johnsonmedical.com,John Watkins,46-1991641,True,,2023-05-24,2027-08-31,True,False,2024-02-02
VEN10050,Crawford-Hardin Supplies,Pharmacy,0975 Amy Ford,Brittanymouth,OH,89197,+1-650-973-2110,contact@crawford-hardinsupplies.com,Angelica Shaffer,64-6499739,True,,2023-08-12,2027-04-25,True,False,2022-07-03
VEN10051,Long and Sons Supplies,Medical Supply,6286 Young Roads,Vegaview,NY,58731,926-226-2320,contact@longandsonssupplies.com,Robert Scott,74-9472148,False,Kaiser PAP,2021-12-02,2027-02-08,True,False,2024-04-03
VEN10052,"Williams, Miller and Smith Medical",Medical Supply,257 Vargas Plains Apt. 098,East Crystalstad,MI,67056,(617)974-6052x635,"contact@williams,millerandsmithmedical.com",Tiffany Davis,54-7102106,True,,2025-06-23,2026-10-02,True,False,2022-01-24
VEN10053,"Bowers, Harris and Bruce Medical",Pharmacy,19449 Christian Inlet,Leonardchester,OH,98353,001-316-488-5283x034,"contact@bowers,harrisandbrucemedical.com",Veronica Miller,55-7927220,False,,2023-02-18,2026-08-21,True,False,2026-06-03
VEN10054,Snyder-Thomas Healthcare,Home Health,125 Ayala Ramp Apt. 482,Gibbsland,MI,83346,967.655.6713x7088,contact@snyder-thomashealthcare.com,Johnny Nguyen,22-1276198,True,Kaiser PAP,2026-01-01,2026-09-09,True,False,2025-03-19
VEN10055,"Sandoval, Hendrix and Shaffer Pharmacy",Pharmacy,427 Booth Stravenue,Bishopside,MI,29167,001-346-420-4745x3832,"contact@sandoval,hendrixandshafferpharmacy.com",Stephen Brown,24-9057194,False,Kaiser PAP,2024-10-14,2028-01-04,True,False,2025-10-11
VEN10056,Lawson Group Medical,Lab,51998 Kim Roads,Bishopmouth,FL,72230,264-980-2608,contact@lawsongroupmedical.com,Eric Gardner,17-3382673,True,,2024-05-25,2027-09-27,True,False,2023-06-07
VEN10057,Henson Inc Pharmacy,Home Health,64907 Solomon Spring,Lake Peter,IL,71613,+1-666-568-4684x7220,contact@hensonincpharmacy.com,Samantha Reeves,89-6838180,True,Kaiser PAP,2024-10-21,2028-03-09,True,False,2024-02-12
VEN10058,Sosa Inc Healthcare,DME Supplier,97564 Rios Fort,Port Megan,CA,43524,918-832-2987x9676,contact@sosainchealthcare.com,Hannah Rosales,12-3670896,True,Kaiser PAP,2024-04-26,2027-10-10,True,False,2024-06-16
VEN10059,"Chambers, Ellis and Gregory Healthcare",DME Supplier,797 Dean Underpass,Shortshire,IL,60954,(669)215-4186x5433,"contact@chambers,ellisandgregoryhealthcare.com",Ronald Whitaker,94-8069689,True,,2024-11-24,2028-03-14,True,False,2025-11-06
VEN10060,Moore LLC Pharmacy,Transportation,926 White Spurs Suite 030,Timberg,IL,84503,8689492635,contact@moorellcpharmacy.com,Kevin Robinson,97-9072788,True,,2023-10-05,2026-10-06,True,False,2022-11-19
VEN10061,Valencia-Pierce Supplies,DME Supplier,40030 Ashley Pike Suite 997,West Timothy,GA,50670,278.617.6945x76859,contact@valencia-piercesupplies.com,Vanessa Allen,68-6390897,True,Kaiser PAP,2023-05-06,2026-11-01,True,False,2023-05-31
VEN10062,"Sellers, Obrien and Miller Healthcare",Home Health,5662 Kevin Plain Apt. 346,West Ryanstad,MI,62086,(866)858-9011,"contact@sellers,obrienandmillerhealthcare.com",Tracy Nolan,28-6941841,False,Kaiser PAP,2022-01-27,2027-03-04,True,False,2024-08-19
VEN10063,Wilson-Collins Supplies,Home Health,6637 Rivers Knoll Suite 382,Leonbury,GA,28344,001-342-812-0056x555,contact@wilson-collinssupplies.com,Eric Warner,21-5549591,True,Kaiser PAP,2023-09-08,2027-12-28,True,False,2025-11-20
VEN10064,"Harrison, Bailey and West Supplies",Transportation,69760 Adams Manor,Lake Martha,IL,15966,(760)928-2010x97860,"contact@harrison,baileyandwestsupplies.com",Michelle Kidd,71-2448254,True,,2023-04-08,2027-12-10,True,False,2022-07-06
VEN10065,"Alvarez, Johnson and Cameron Supplies",Pharmacy,4934 Susan Squares,Port Angelaport,MI,53954,990-880-6898x08270,"contact@alvarez,johnsonandcameronsupplies.com",Thomas Richardson,49-9132100,True,Kaiser PAP,2023-07-24,2028-04-07,True,False,2026-05-29
VEN10066,Rodriguez-Lopez Supplies,Medical Supply,866 Rodriguez Vista Apt. 465,Rogersburgh,IL,779,+1-742-800-7880x94361,contact@rodriguez-lopezsupplies.com,Theodore Anderson MD,48-2577175,True,Kaiser PAP,2025-10-01,2027-12-23,True,False,2023-03-21
VEN10067,Smith-Sloan Healthcare,Transportation,03422 Powers Manor Apt. 152,Richardton,NC,93695,(742)716-6757x481,contact@smith-sloanhealthcare.com,Elizabeth Adams,72-3525940,True,Kaiser PAP,2023-09-05,2026-09-21,True,False,2022-08-06
VEN10068,Johnson-Melton Medical,Transportation,507 Alexander Meadow,New Patrick,NC,85393,238.628.7880,contact@johnson-meltonmedical.com,Bryan Jackson,43-8632516,True,,2021-10-01,2028-06-19,True,False,2021-09-15
VEN10069,Paul Group Pharmacy,DME Supplier,2085 Aaron Street,Haileyland,FL,17979,3218027804,contact@paulgrouppharmacy.com,Michael Cole,12-2103333,False,Kaiser PAP,2022-03-12,2027-06-20,True,False,2021-07-20
VEN10070,"Morton, Anderson and Lamb Pharmacy",Pharmacy,1375 Davidson Mission Apt. 061,Victoriamouth,OH,43723,(249)385-7308,"contact@morton,andersonandlambpharmacy.com",Craig Bennett,54-3165649,True,Kaiser PAP,2025-02-16,2028-05-23,True,False,2026-05-13
VEN10071,Underwood-Wright Pharmacy,Medical Supply,362 Duane Gateway Apt. 377,Michelleberg,CA,71518,802-936-0080x908,contact@underwood-wrightpharmacy.com,Rachel Leblanc,79-6630543,True,Kaiser PAP,2021-12-25,2028-04-28,True,False,2026-02-14
VEN10072,Norton LLC Supplies,Lab,2955 Kim Mountain,Jesusberg,PA,20031,985.522.8921x09312,contact@nortonllcsupplies.com,Natalie Bonilla,59-6576184,True,,2026-03-12,2027-01-28,True,False,2025-11-13
VEN10073,"Cantrell, Lewis and Garcia Pharmacy",Medical Supply,3702 Estrada Lodge Apt. 175,Pittsville,NC,73430,(532)433-0080x12189,"contact@cantrell,lewisandgarciapharmacy.com",Timothy Burnett,44-6999063,False,Kaiser PAP,2022-06-13,2027-03-11,True,False,2022-09-23
VEN10074,"Mccoy, Hubbard and Ford Medical",Lab,80678 Weaver Ville Apt. 268,Shawstad,IL,99685,+1-260-450-3850,"contact@mccoy,hubbardandfordmedical.com",Christopher Johnson,83-4520522,True,,2025-07-30,2027-04-16,True,False,2024-08-24
VEN10075,Pearson-Mcgee Healthcare,Transportation,0696 David Hollow Suite 139,South Harrymouth,NY,24885,464-456-4197,contact@pearson-mcgeehealthcare.com,Matthew Anderson MD,49-9494317,False,,2024-07-07,2027-07-14,True,False,2026-01-22
VEN10076,Peterson-Crosby Pharmacy,Transportation,588 Roberts Coves Suite 719,Lake Jeremyview,IL,43667,001-739-613-0979x277,contact@peterson-crosbypharmacy.com,Frederick Hudson,37-2721607,True,Kaiser PAP,2024-12-04,2027-09-04,True,False,2025-04-08
VEN10077,Duke Group Healthcare,Pharmacy,515 Jason Motorway Suite 062,Laurahaven,CA,66124,991.896.6501x0096,contact@dukegrouphealthcare.com,Nicholas Johnson,38-2676407,True,Kaiser PAP,2023-11-04,2026-12-30,True,False,2026-05-11
VEN10078,Webster-Smith Healthcare,DME Supplier,663 Thompson Shores,Bernardbury,GA,26653,001-524-874-6402x4782,contact@webster-smithhealthcare.com,Zachary Contreras,43-9040615,False,Kaiser PAP,2025-02-14,2026-10-11,True,False,2026-04-02
VEN10079,Salazar LLC Supplies,Pharmacy,947 Thomas Camp Apt. 940,East Meganshire,IL,57867,918.585.2605x66403,contact@salazarllcsupplies.com,Zachary Anderson,57-5330831,False,Kaiser PAP,2022-01-10,2027-07-18,True,False,2025-09-28
VEN10080,Andrews-Vaughn Healthcare,Lab,367 Mcdaniel Garden,Lake Jennifershire,CA,94453,930-726-1035x2465,contact@andrews-vaughnhealthcare.com,Kayla Richmond,32-9869268,False,Kaiser PAP,2025-05-18,2028-03-22,True,False,2025-09-14
VEN10081,"Ryan, Shaw and Roy Supplies",Medical Supply,080 Rodriguez Ramp Suite 810,Lake Amyton,NC,1583,(216)243-7963x54429,"contact@ryan,shawandroysupplies.com",Robert Warren,43-8696009,False,,2023-05-19,2027-08-19,True,False,2021-11-10
VEN10082,"Martin, Murphy and Garrett Pharmacy",Transportation,88541 Martin Island Apt. 290,Karenshire,CA,26943,514.436.1603x1445,"contact@martin,murphyandgarrettpharmacy.com",Matthew Dillon,86-2397983,True,Kaiser PAP,2025-01-18,2026-07-12,True,False,2025-04-19
VEN10083,Pittman-Roberts Supplies,Lab,348 Anderson Mall Suite 996,Port Howardbury,CA,39731,624-811-4257,contact@pittman-robertssupplies.com,Stephanie Hamilton,44-9253373,False,,2022-04-01,2026-10-11,True,False,2024-07-01
VEN10084,Stein Group Medical,Lab,30255 Rachel Squares Suite 544,New Phillip,TX,90609,+1-660-655-1609x798,contact@steingroupmedical.com,Jessica Peterson,92-9689562,False,Kaiser PAP,2026-01-17,2027-01-26,True,False,2023-02-16
VEN10085,Avila Group Pharmacy,Medical Supply,64255 Kelly Drives Suite 140,Andrewchester,TX,81359,369.900.3168,contact@avilagrouppharmacy.com,Tracy Burns,57-4152110,True,Kaiser PAP,2024-03-05,2026-12-17,True,False,2026-04-13
VEN10086,Vega Ltd Supplies,Transportation,634 Perry Island Suite 725,Caseyville,IL,63014,8933157101,contact@vegaltdsupplies.com,Adam Walker,16-9282287,False,,2023-08-02,2026-11-11,True,False,2023-08-06
VEN10087,"Carrillo, Young and Parrish Medical",DME Supplier,393 Allen Terrace,East Hannah,NY,38193,001-244-256-6367x0041,"contact@carrillo,youngandparrishmedical.com",Kristin Hernandez,80-1904920,False,Kaiser PAP,2026-01-25,2027-12-05,True,False,2022-06-30
VEN10088,Hayden PLC Pharmacy,Pharmacy,2805 Katrina Springs,New Michael,NY,8018,756-478-1064,contact@haydenplcpharmacy.com,Paul Williams,64-8156808,False,,2023-08-25,2028-03-20,True,False,2022-03-03
VEN10089,Taylor-Miller Medical,Home Health,12221 Johnson Plains,Christopherfort,GA,47351,958.665.9201,contact@taylor-millermedical.com,Harry Smith,58-6447898,True,Kaiser PAP,2024-10-08,2027-12-17,True,False,2022-09-27
VEN10090,Freeman Group Supplies,Transportation,2884 Moore Islands,South Robertborough,NC,84192,282.578.3364x6840,contact@freemangroupsupplies.com,Julian Jackson,29-9778895,False,,2022-05-09,2026-09-15,True,False,2022-03-21
VEN10091,Mcdonald Group Healthcare,Pharmacy,5660 Maria Creek,East Joshuastad,NC,11243,001-888-815-0271x57781,contact@mcdonaldgrouphealthcare.com,Morgan Thomas,39-5954983,True,Kaiser PAP,2024-09-09,2027-11-16,True,False,2025-08-05
VEN10092,Pearson-Gonzalez Healthcare,DME Supplier,061 Murray Divide Apt. 223,Schmidtstad,NY,50941,860.750.3606,contact@pearson-gonzalezhealthcare.com,Luis Perry,69-5391640,True,Kaiser PAP,2022-01-16,2026-07-30,True,False,2021-09-26
VEN10093,Hays Ltd Supplies,Medical Supply,926 Angela Causeway Suite 672,Pamelachester,GA,91133,444-472-1542x42808,contact@haysltdsupplies.com,Philip Townsend,46-3780359,False,,2023-10-07,2028-01-26,True,False,2023-07-12
VEN10094,Foley-Gutierrez Healthcare,DME Supplier,83752 Velez Fall Apt. 557,Joyceton,TX,804,663.668.1190,contact@foley-gutierrezhealthcare.com,Rodney Johnson,17-1963379,True,Kaiser PAP,2026-04-10,2028-05-09,True,False,2025-07-24
VEN10095,"Brown, Cooper and Moore Pharmacy",Lab,6537 Maria Landing,Judyfort,NY,89130,001-362-211-0760x4846,"contact@brown,cooperandmoorepharmacy.com",Karen Barker,94-9899469,False,Kaiser PAP,2022-12-08,2027-09-19,True,False,2024-11-10
VEN10096,Cuevas and Sons Pharmacy,Home Health,0493 Vasquez Stravenue Suite 810,Hamptonside,PA,33771,400.339.0673x580,contact@cuevasandsonspharmacy.com,Kathryn Chambers,50-5890124,False,,2026-01-21,2028-05-18,True,False,2022-11-11
VEN10097,"Walker, Edwards and Cox Medical",Pharmacy,382 Wright Rapids Suite 167,Jonesmouth,PA,86694,+1-909-793-6773,"contact@walker,edwardsandcoxmedical.com",Jennifer Brown,45-8259991,True,Kaiser PAP,2023-09-20,2026-10-14,True,False,2025-09-23
VEN10098,Turner-Williams Supplies,DME Supplier,1416 Young Bypass,Sweeneychester,OH,99644,+1-757-694-0174x0091,contact@turner-williamssupplies.com,Kathryn Parker,11-2178325,True,Kaiser PAP,2021-12-26,2027-05-09,True,False,2025-11-30
VEN10099,Martin Inc Healthcare,Transportation,10677 Deborah Forge Apt. 903,North Lindsey,FL,15133,+1-374-979-9824,contact@martininchealthcare.com,Stacey Gonzalez,33-1765292,False,Kaiser PAP,2024-07-28,2026-12-16,True,False,2024-06-25
VEN10100,Thomas and Sons Supplies,Medical Supply,5423 Jason Lodge,Angelaside,IL,19746,725.485.4207,contact@thomasandsonssupplies.com,Andrew Mendez,52-8704865,True,Kaiser PAP,2023-05-29,2028-06-12,True,False,2026-05-31
VEN10101,Castaneda-Fowler Healthcare,Lab,4367 Michael Fork Suite 075,Jenniferhaven,PA,85785,+1-717-968-5141x68277,contact@castaneda-fowlerhealthcare.com,Lindsay Lawson,64-5493533,True,Kaiser PAP,2022-02-07,2026-09-13,True,False,2025-12-21
VEN10102,Grant LLC Supplies,Pharmacy,4604 Watts Ford,Suzannemouth,OH,36378,+1-744-469-2495,contact@grantllcsupplies.com,Ryan Martin,45-8911284,True,Kaiser PAP,2023-11-24,2026-09-28,True,False,2021-07-04
VEN10103,"Johnson, Rodriguez and Scott Medical",Pharmacy,65492 Long Pass,South Karenville,FL,84124,(538)374-9940x79145,"contact@johnson,rodriguezandscottmedical.com",Denise Williams,88-7105958,True,Kaiser PAP,2025-06-10,2026-11-28,True,False,2026-06-30
VEN10104,Jennings LLC Medical,DME Supplier,2493 Kristine Mission,Clarkside,OH,5114,(417)819-7199,contact@jenningsllcmedical.com,Destiny Fisher,53-7751786,True,,2022-05-01,2026-10-04,True,False,2024-09-07
VEN10105,"Simon, Snyder and Brown Healthcare",DME Supplier,82930 Wiggins View,Timothyfurt,PA,63668,947.746.3880,"contact@simon,snyderandbrownhealthcare.com",Michael Mccullough,46-4933927,True,Kaiser PAP,2022-12-23,2027-06-01,True,False,2022-02-19
VEN10106,Jenkins-Johnson Supplies,Home Health,57161 Martin Mountains,Lake Karen,TX,66859,001-770-645-6039x6568,contact@jenkins-johnsonsupplies.com,Cory Potter,66-4292189,True,Kaiser PAP,2023-10-10,2027-01-10,True,False,2026-01-03
VEN10107,King LLC Pharmacy,Transportation,15307 Collins Cape,Jamesstad,GA,62435,(215)507-3516x49973,contact@kingllcpharmacy.com,Tony Trujillo,55-1603249,False,,2021-10-24,2027-01-01,True,False,2024-07-29
VEN10108,Stout and Sons Healthcare,DME Supplier,5006 Villa Ferry,Penningtonshire,MI,43093,419.817.4782x429,contact@stoutandsonshealthcare.com,Ashley Barnes,37-4197698,False,,2022-09-27,2028-02-04,True,False,2023-09-25
VEN10109,"Evans, Patterson and Christensen Pharmacy",Pharmacy,585 Lauren Flats,Ginafurt,NC,32384,001-531-762-7227x0837,"contact@evans,pattersonandchristensenpharmacy.com",Marcus Salas,45-3018238,True,Kaiser PAP,2025-12-01,2027-01-28,True,False,2024-03-04
VEN10110,Boyd-Leonard Medical,Transportation,753 Joshua Street Apt. 968,Johnland,NC,38578,(400)927-2496x0543,contact@boyd-leonardmedical.com,Melissa Smith,48-6300521,True,Kaiser PAP,2024-03-27,2026-10-22,True,False,2023-09-15
VEN10111,Fields-Mason Supplies,Pharmacy,161 Roger Mills,Lake Jennifer,MI,76357,(885)982-9701x661,contact@fields-masonsupplies.com,Catherine Grant,24-9949811,True,Kaiser PAP,2023-02-04,2027-07-30,True,False,2023-06-01
VEN10112,"Wilcox, Davis and Wilson Pharmacy",Pharmacy,4527 Michael Creek Suite 193,Erikaton,PA,76191,(816)669-6288x07732,"contact@wilcox,davisandwilsonpharmacy.com",Anna Porter,96-9558074,True,,2025-04-27,2027-06-25,True,False,2024-01-30
VEN10113,Evans LLC Pharmacy,DME Supplier,3553 Doyle Way Apt. 717,East Dianamouth,PA,95125,(814)502-6394,contact@evansllcpharmacy.com,Jennifer Dennis,74-7450847,True,Kaiser PAP,2021-09-17,2027-11-15,True,False,2023-05-09
VEN10114,Lee-Johnson Medical,Lab,03735 Cooper Shores Suite 711,Port Courtney,MI,2134,741-302-0938x2714,contact@lee-johnsonmedical.com,Cheryl Olson,93-2583698,False,Kaiser PAP,2025-09-18,2027-08-14,True,False,2024-01-15
VEN10115,Rhodes LLC Supplies,Home Health,0312 Newton Grove,West Kyle,PA,85609,965-671-6253x2111,contact@rhodesllcsupplies.com,Kenneth Wheeler,76-1745044,True,Kaiser PAP,2023-08-20,2027-03-30,True,False,2024-07-23
VEN10116,Collins-Carter Supplies,Transportation,75141 Jones Crescent Apt. 941,Robertstad,CA,88412,737.206.3921x818,contact@collins-cartersupplies.com,Kim Austin,47-6310035,True,Kaiser PAP,2023-07-11,2028-03-26,True,False,2023-06-20
VEN10117,Johnson-Snyder Healthcare,DME Supplier,94504 William Corner,Watsonfurt,TX,62489,6054366311,contact@johnson-snyderhealthcare.com,Karen Archer,33-5843990,True,Kaiser PAP,2021-10-02,2027-08-24,True,False,2026-06-11
VEN10118,Sanders Ltd Supplies,Transportation,10546 James Falls,Port Brianna,PA,8277,+1-816-437-0318x7696,contact@sandersltdsupplies.com,Jessica Griffin,61-8560422,True,Kaiser PAP,2025-08-17,2028-05-30,True,False,2025-10-15
VEN10119,"Castro, Savage and Chavez Pharmacy",Lab,7835 April Extension,Lake Richard,CA,19761,+1-689-583-0438x260,"contact@castro,savageandchavezpharmacy.com",Christopher Hunt,10-4686575,True,Kaiser PAP,2025-03-21,2026-12-29,True,False,2026-03-04
VEN10120,Robinson Ltd Healthcare,Pharmacy,938 Katelyn Trafficway Apt. 614,Olsenport,TX,70799,001-727-735-4321x43017,contact@robinsonltdhealthcare.com,Sarah Burke,60-7614489,True,,2021-06-30,2027-01-01,True,False,2022-05-01
VEN10121,"Riggs, Ramirez and Bell Pharmacy",Lab,34570 Richardson Rue Apt. 025,West Vincentborough,PA,58497,(274)487-2990,"contact@riggs,ramirezandbellpharmacy.com",Rebekah Mosley PhD,51-3820903,False,,2025-03-30,2028-05-06,True,False,2021-12-30
VEN10122,"Miller, Johns and Guzman Medical",Pharmacy,036 Jonathan Plaza Suite 793,Tamaraborough,TX,97245,(589)470-5024x3866,"contact@miller,johnsandguzmanmedical.com",Bradley Nelson,27-2348457,True,,2022-01-14,2027-11-04,True,False,2021-11-18
VEN10123,"Reed, Salazar and Salazar Medical",Pharmacy,13351 Hernandez Crescent,West Sarahberg,CA,46113,(744)270-8924x96610,"contact@reed,salazarandsalazarmedical.com",Christopher Liu,24-6488256,True,Kaiser PAP,2022-12-05,2027-10-20,True,False,2026-06-14
VEN10124,Sullivan Inc Medical,Home Health,870 Gregory Crossing,Marissahaven,OH,8181,+1-380-398-1796,contact@sullivanincmedical.com,Jose Flores,92-5747906,True,Kaiser PAP,2025-08-05,2026-11-29,True,False,2024-05-29
VEN10125,"Carrillo, Ramirez and Martin Supplies",Home Health,9093 John Lodge Suite 654,Kimberlyburgh,NC,40158,294-491-2990x7051,"contact@carrillo,ramirezandmartinsupplies.com",Jacqueline Taylor,11-4885141,False,Kaiser PAP,2025-11-28,2028-04-24,True,False,2022-12-19
VEN10126,Roman and Sons Healthcare,Medical Supply,77603 Michael Brooks,East Lindsey,PA,86317,287-829-4022x8235,contact@romanandsonshealthcare.com,Stephen Rodriguez,39-5426471,False,Kaiser PAP,2025-02-13,2027-09-14,True,False,2026-01-11
VEN10127,Allen LLC Healthcare,Lab,25422 Henderson Springs,Matthewchester,PA,45562,234.634.6185x7190,contact@allenllchealthcare.com,Elizabeth Barnes,33-9586142,False,Kaiser PAP,2024-12-05,2027-01-29,True,False,2024-11-04
VEN10128,Garcia Inc Pharmacy,Pharmacy,86809 Phillips Prairie,Port Cherylton,TX,59936,613-747-3048x69507,contact@garciaincpharmacy.com,Dylan Walls,38-2289721,True,,2025-06-15,2026-10-15,True,False,2025-07-25
VEN10129,"Wade, Smith and Walton Pharmacy",Pharmacy,35808 Michael Alley,South Joshua,MI,82005,773-273-7320,"contact@wade,smithandwaltonpharmacy.com",Shelly Mcbride,24-4470192,True,Kaiser PAP,2025-09-01,2027-11-20,True,False,2024-08-12
VEN10130,Mueller-Washington Medical,Home Health,74021 Obrien Road Apt. 156,Brooksmouth,NC,5946,(877)657-5029x103,contact@mueller-washingtonmedical.com,Daniel Luna,17-1084778,True,Kaiser PAP,2026-03-19,2028-03-28,True,False,2023-08-22
VEN10131,Cunningham-Webb Healthcare,DME Supplier,89780 Ashley Ports Suite 343,Port Dawn,GA,48308,722.908.5075x35758,contact@cunningham-webbhealthcare.com,Bradley Haynes,85-4404657,True,Kaiser PAP,2023-11-07,2027-08-27,True,False,2021-08-01
VEN10132,Davies and Sons Medical,Transportation,73712 Ferrell Heights Apt. 348,Trujilloside,PA,52405,997.935.7924x903,contact@daviesandsonsmedical.com,Steven Ortega,47-3751886,False,,2024-09-30,2027-06-07,True,False,2023-11-06
VEN10133,Alvarez-Nichols Supplies,Lab,949 Nichols Bridge Apt. 171,Meghanchester,OH,78787,(767)709-7217x291,contact@alvarez-nicholssupplies.com,Rachel Robles,98-8718861,True,,2024-07-30,2027-12-15,True,False,2025-07-22
VEN10134,"Turner, Harris and Hancock Supplies",DME Supplier,75366 Zachary Row,Ellismouth,OH,36781,731-230-0514x642,"contact@turner,harrisandhancocksupplies.com",Steven Johnson,99-1261654,True,Kaiser PAP,2021-11-14,2027-07-20,True,False,2023-02-12
VEN10135,Spence PLC Pharmacy,DME Supplier,9786 Barbara Trail Suite 611,North Angel,TX,11045,4014967552,contact@spenceplcpharmacy.com,Nicholas Woods,27-5254971,True,Kaiser PAP,2025-04-15,2026-07-22,True,False,2025-09-21
VEN10136,"Sullivan, Deleon and Lopez Healthcare",Home Health,89105 Hernandez Wall Apt. 367,Port Brianna,TX,62350,8084181838,"contact@sullivan,deleonandlopezhealthcare.com",Kelsey Benson,95-4284000,True,Kaiser PAP,2021-11-15,2027-04-06,True,False,2025-01-18
VEN10137,Blair-Blackburn Medical,Home Health,8813 Kenneth View,Cristianview,GA,99875,338-805-4532x423,contact@blair-blackburnmedical.com,Kevin Sawyer,25-5666262,True,,2022-03-27,2027-01-18,True,False,2026-03-03
VEN10138,Harrington Group Supplies,Transportation,671 Vincent Port Suite 912,Port Douglas,NC,42278,(923)930-4010x4919,contact@harringtongroupsupplies.com,Julie Mcdaniel,11-9774889,False,Kaiser PAP,2025-11-30,2027-03-03,True,False,2023-05-07
VEN10139,"Reilly, White and Gutierrez Healthcare",Home Health,2351 Gomez Spur Apt. 637,Johnsonmouth,PA,28351,952.529.1826x10027,"contact@reilly,whiteandgutierrezhealthcare.com",Nicholas Wood,35-4861435,False,,2025-03-16,2028-02-23,True,False,2022-06-07
VEN10140,"Robinson, Nelson and Wilson Medical",Pharmacy,0234 Todd Squares Suite 150,Popechester,GA,44732,9307517447,"contact@robinson,nelsonandwilsonmedical.com",Krystal Chandler,26-6343234,True,,2025-04-10,2027-08-28,True,False,2026-06-21
VEN10141,Lawrence-Howard Medical,Home Health,3546 Day Points,Manntown,PA,45196,207-579-5352x945,contact@lawrence-howardmedical.com,David Hicks,24-9483156,True,Kaiser PAP,2025-06-19,2027-07-04,True,False,2026-05-16
VEN10142,"Orr, Roberts and Hicks Medical",Medical Supply,27893 Sanchez Junctions,Gonzalesmouth,IL,25932,646.206.7057x6410,"contact@orr,robertsandhicksmedical.com",Alexis Torres,56-9467280,True,,2025-09-21,2027-03-01,True,False,2025-10-22
VEN10143,Bird-Martin Healthcare,Medical Supply,579 Donald Lodge,Donaldstad,PA,64910,+1-536-951-7551x427,contact@bird-martinhealthcare.com,Johnny Wilcox,74-3506197,True,Kaiser PAP,2026-03-06,2028-03-21,True,False,2023-10-17
VEN10144,Williams and Sons Medical,Lab,90526 Brittany Inlet Apt. 861,Loriton,CA,62131,(327)490-2140,contact@williamsandsonsmedical.com,Rebecca Beard,10-4464148,True,Kaiser PAP,2024-08-16,2027-04-23,True,False,2025-07-16
VEN10145,Cook PLC Medical,Medical Supply,2569 Simmons Fields,East Yvonne,NY,75797,(273)302-7502,contact@cookplcmedical.com,Trevor Travis,94-8740853,True,,2022-04-30,2027-06-09,True,False,2023-05-30
VEN10146,"Campbell, Mcguire and Harvey Healthcare",DME Supplier,5478 Bennett Stream,Brittanyfurt,CA,43560,628-573-0698x958,"contact@campbell,mcguireandharveyhealthcare.com",Jennifer Myers,98-5147393,True,Kaiser PAP,2022-06-27,2026-10-10,True,False,2024-05-12
VEN10147,"Meyer, Hernandez and Allen Medical",Medical Supply,391 Benjamin Springs,North Thomasview,FL,87188,415-446-0281,"contact@meyer,hernandezandallenmedical.com",Jenny Cox,10-3140313,True,Kaiser PAP,2023-06-12,2027-03-15,True,False,2023-01-25
VEN10148,"Taylor, Rivera and Reyes Pharmacy",Home Health,192 Lauren Coves,New Jonathan,OH,89494,572-711-0877,"contact@taylor,riveraandreyespharmacy.com",Colin Simmons,51-6667274,False,Kaiser PAP,2024-06-11,2027-03-30,True,False,2022-03-11
VEN10149,Russell LLC Pharmacy,Home Health,103 Miller Mission Suite 903,Lake Zacharyburgh,PA,70038,641-404-3638x740,contact@russellllcpharmacy.com,Anthony Anderson,52-7382088,True,Kaiser PAP,2025-12-25,2027-02-07,True,False,2026-02-23
VEN10150,Owens-Flores Pharmacy,Transportation,3308 Dylan Lodge Suite 885,West Carolton,TX,84283,+1-852-781-7474x64571,contact@owens-florespharmacy.com,David Miles,56-5868259,True,Kaiser PAP,2024-09-17,2027-05-31,True,False,2025-03-26
VEN10151,Gentry Ltd Healthcare,DME Supplier,272 Nicholson Island Apt. 247,Shawbury,CA,11976,877-942-0471,contact@gentryltdhealthcare.com,Gary Turner,96-4742141,True,Kaiser PAP,2021-09-10,2027-10-29,True,False,2025-06-19
VEN10152,Mccullough Inc Medical,Lab,072 Ashley Spurs,Lisamouth,TX,35593,001-808-255-3639x249,contact@mcculloughincmedical.com,Matthew Patel,36-5722744,False,Kaiser PAP,2026-01-16,2027-02-16,True,False,2023-05-30
VEN10153,"Bryant, Thomas and Oliver Healthcare",Pharmacy,82853 Sarah Mews,Kimberg,NY,11562,539-999-1989x5179,"contact@bryant,thomasandoliverhealthcare.com",William Vasquez,75-6134403,True,Kaiser PAP,2025-09-09,2026-07-15,True,False,2022-05-29
VEN10154,"Gibson, Keller and Moyer Pharmacy",DME Supplier,92569 Stephanie Lock Apt. 398,Lindaland,FL,3194,443-774-9555x02430,"contact@gibson,kellerandmoyerpharmacy.com",George Gonzalez,87-4929021,False,,2023-08-14,2027-02-10,True,False,2023-08-01
VEN10155,"Harper, Cobb and Davis Pharmacy",Medical Supply,738 Maria Orchard,Jeremyport,TX,77417,+1-479-467-8469x014,"contact@harper,cobbanddavispharmacy.com",Emily Sanchez,13-5292608,True,Kaiser PAP,2026-01-16,2027-10-18,True,False,2025-12-08
VEN10156,White-Richardson Medical,Home Health,5248 Andrew Dale,Anthonyburgh,GA,27689,251-983-8259x4936,contact@white-richardsonmedical.com,Travis Lewis,92-7286967,False,Kaiser PAP,2025-04-24,2027-05-24,True,False,2025-01-03
VEN10157,Parrish-Lee Medical,Home Health,5909 Nicole Lodge,East Tinashire,TX,98901,(485)688-5861x70040,contact@parrish-leemedical.com,Kendra Martin,33-1891433,True,Kaiser PAP,2025-02-09,2027-11-04,True,False,2021-07-19
VEN10158,"Barnes, Fritz and Harrell Pharmacy",DME Supplier,72390 Lisa Falls,Payneton,MI,70857,613.295.7465,"contact@barnes,fritzandharrellpharmacy.com",Sarah Woods,63-2589749,True,Kaiser PAP,2022-02-08,2026-10-11,True,False,2021-11-02
VEN10159,Clark Ltd Healthcare,Transportation,4879 Bradley Club,Orozcoton,MI,68539,7568850050,contact@clarkltdhealthcare.com,Erin Butler,57-2043617,True,Kaiser PAP,2022-11-11,2026-12-09,True,False,2024-05-21
VEN10160,"Armstrong, Garcia and White Supplies",Pharmacy,886 Jessica Square,Camposport,MI,23042,001-578-601-8954x069,"contact@armstrong,garciaandwhitesupplies.com",Derrick Mcclain,58-2209820,True,Kaiser PAP,2025-06-28,2027-09-13,True,False,2026-01-13
VEN10161,Garrett-Kaiser Medical,Transportation,65033 Jacob Inlet,Heatherchester,NC,87771,001-366-729-2169x27414,contact@garrett-kaisermedical.com,Stephen Hansen,61-1710332,True,,2024-04-14,2027-03-01,True,False,2025-08-21
VEN10162,Palmer-Tucker Healthcare,Pharmacy,899 Williams Falls,Reidfort,FL,29075,001-598-323-7618x7159,contact@palmer-tuckerhealthcare.com,Nicholas Austin,71-7779617,True,Kaiser PAP,2025-01-24,2026-07-05,True,False,2025-11-26
VEN10163,Patterson Inc Healthcare,Medical Supply,9906 Greene Mill Suite 943,West Lindamouth,FL,77743,251-859-9838,contact@pattersoninchealthcare.com,Paula Contreras,86-6558020,True,Kaiser PAP,2025-03-15,2026-07-17,True,False,2021-10-26
VEN10164,Underwood-Pearson Supplies,Medical Supply,2852 Erica Junction,Christopherland,GA,26089,+1-864-829-2674,contact@underwood-pearsonsupplies.com,Sarah Robinson,23-9609931,False,Kaiser PAP,2021-10-05,2026-07-31,True,False,2023-10-07
VEN10165,"Gibson, White and Taylor Healthcare",DME Supplier,545 Catherine Freeway,New Ricky,NY,73452,8456594949,"contact@gibson,whiteandtaylorhealthcare.com",Brandon Kirby,27-6230237,True,,2026-01-13,2026-08-30,True,False,2024-12-28
VEN10166,Robinson-Green Supplies,Medical Supply,3595 Pineda Vista Apt. 427,South Brandonland,NY,21711,+1-615-371-9118x606,contact@robinson-greensupplies.com,Nathaniel Richardson,56-6135154,True,Kaiser PAP,2022-01-16,2026-12-27,True,False,2025-04-10
VEN10167,"Sellers, Stone and Meyers Supplies",Transportation,2321 Cody Prairie Apt. 043,Port Christopher,IL,38398,(580)466-8567x5991,"contact@sellers,stoneandmeyerssupplies.com",Joseph Lara,16-8715456,True,,2026-03-20,2027-12-25,True,False,2025-09-24
VEN10168,"Ramirez, Jennings and Santana Pharmacy",Lab,43925 Tracey Forge Suite 126,West Antonioland,CA,68446,+1-463-552-5780x250,"contact@ramirez,jenningsandsantanapharmacy.com",Traci Miller,85-4811604,True,,2026-03-27,2026-09-11,True,False,2023-05-28
VEN10169,Buchanan-Sandoval Healthcare,Home Health,0450 Taylor Canyon Apt. 235,West Stephenshire,GA,16708,9483994216,contact@buchanan-sandovalhealthcare.com,Debra Simpson,65-4017643,False,,2023-01-14,2027-05-13,True,False,2025-03-04
VEN10170,"Summers, Lee and Taylor Medical",Lab,773 Philip Locks Apt. 245,Charleshaven,NY,68247,(477)843-4693,"contact@summers,leeandtaylormedical.com",Justin Chang,52-7841078,True,,2025-11-04,2026-08-17,True,False,2022-10-09
VEN10171,"Lane, Smith and Cooley Pharmacy",Lab,1610 Briggs Island Apt. 020,Port Monica,NY,55766,506.247.2608x3800,"contact@lane,smithandcooleypharmacy.com",David Mason,74-2052411,True,Kaiser PAP,2026-01-07,2026-08-20,True,False,2023-02-14
VEN10172,Morales-Craig Supplies,Pharmacy,0091 Jennifer Grove,Lake Samanthaside,MI,88092,6946404312,contact@morales-craigsupplies.com,Kaylee Blackwell,19-9548866,True,,2023-02-28,2027-07-11,True,False,2024-07-26
VEN10173,Meyer PLC Healthcare,Medical Supply,820 Thomas Village Suite 552,West Jefferybury,NY,31484,905-513-0563x498,contact@meyerplchealthcare.com,Keith Acosta,96-2229124,False,Kaiser PAP,2021-07-29,2027-02-04,True,False,2022-09-17
VEN10174,Jennings-Norton Pharmacy,DME Supplier,89041 Howard Ridge,East Candicetown,TX,90191,+1-650-879-2097x98716,contact@jennings-nortonpharmacy.com,Katie Moore,30-5141466,False,,2025-10-16,2026-08-13,True,False,2024-02-26
VEN10175,Clark and Sons Supplies,Medical Supply,027 Sarah Passage,Robertfurt,PA,68605,5729688511,contact@clarkandsonssupplies.com,Rodney Watkins,85-9550527,True,,2021-07-09,2027-08-04,True,False,2023-04-29
VEN10176,Gray LLC Pharmacy,Pharmacy,30085 Johnson Prairie Apt. 192,North Joanland,MI,52715,+1-854-664-3105x522,contact@grayllcpharmacy.com,Dakota Lara,54-5140676,True,Kaiser PAP,2024-04-21,2026-09-02,True,False,2024-06-14
VEN10177,Perry and Sons Supplies,Pharmacy,091 Elizabeth Ports,Jasmineberg,GA,52355,001-832-840-3281x599,contact@perryandsonssupplies.com,Mary Rhodes,87-1630385,False,Kaiser PAP,2022-09-06,2027-07-20,True,False,2024-07-13
VEN10178,Martin-Herrera Medical,Medical Supply,78481 Johnson Trail,Jasonmouth,FL,44290,401-284-5144x0390,contact@martin-herreramedical.com,Peter Scott,28-7800524,False,Kaiser PAP,2024-04-01,2027-06-29,True,False,2023-11-15
VEN10179,"Myers, Cooper and Hayes Supplies",Pharmacy,3766 Michael Plain Apt. 529,Lindaside,FL,15103,001-444-776-5303x647,"contact@myers,cooperandhayessupplies.com",Jamie Gray,40-4374783,True,,2025-02-19,2026-07-03,True,False,2025-11-25
VEN10180,"Tucker, Campbell and Miranda Pharmacy",Medical Supply,9248 Ricky Run,West Antonio,FL,56769,411-964-7313,"contact@tucker,campbellandmirandapharmacy.com",Susan Price,66-7310744,True,Kaiser PAP,2025-10-13,2027-12-29,True,False,2022-10-27
VEN10181,Miller Group Healthcare,Medical Supply,229 Doyle Ridges Apt. 973,Rossstad,PA,1110,366.584.8304,contact@millergrouphealthcare.com,Brian Holt,55-4392087,True,Kaiser PAP,2023-09-02,2027-08-01,True,False,2021-12-07
VEN10182,"Johnson, Finley and Gonzales Pharmacy",Medical Supply,7430 Cooper Isle Apt. 579,West Pamela,FL,83109,759.738.6737,"contact@johnson,finleyandgonzalespharmacy.com",Rhonda Wong,53-8852656,True,Kaiser PAP,2025-03-18,2026-11-09,True,False,2025-01-08
VEN10183,Pollard PLC Pharmacy,Transportation,20501 Stevenson Spurs,Marcchester,NY,74435,+1-297-996-2785,contact@pollardplcpharmacy.com,Joseph Johnson,63-5589662,True,Kaiser PAP,2023-02-17,2028-01-28,True,False,2026-01-05
VEN10184,"Olson, Smith and Craig Healthcare",DME Supplier,0601 Tony Views Apt. 712,Rileyberg,GA,31334,(457)210-5974x962,"contact@olson,smithandcraighealthcare.com",Deborah Davidson,14-4907643,True,Kaiser PAP,2024-11-19,2028-03-18,True,False,2022-08-07
VEN10185,"Howard, Richards and Wilkinson Healthcare",Home Health,05568 Macdonald Turnpike,Bishopmouth,FL,19298,437-927-1654x01746,"contact@howard,richardsandwilkinsonhealthcare.com",Jeffrey Gill,55-7746012,False,Kaiser PAP,2024-10-05,2028-04-29,True,False,2026-04-09
VEN10186,Pineda-Gardner Healthcare,Pharmacy,827 Sanchez Lock Suite 497,North Kevinview,TX,46527,(470)741-1518x55553,contact@pineda-gardnerhealthcare.com,Kelly Taylor,27-7267194,True,Kaiser PAP,2026-06-24,2027-11-28,True,False,2022-05-05
VEN10187,Fisher Ltd Healthcare,Lab,332 Abigail Vista,Carriefurt,OH,16989,001-938-521-6268x41729,contact@fisherltdhealthcare.com,John Rodriguez,47-1847859,False,Kaiser PAP,2023-04-27,2028-01-17,True,False,2025-10-27
VEN10188,"Clark, Salazar and Walker Supplies",Home Health,9793 Robinson Crescent,Foxborough,NC,69032,(439)855-1844x855,"contact@clark,salazarandwalkersupplies.com",Eric Glover,99-9608212,True,,2026-03-26,2027-12-13,True,False,2021-07-26
VEN10189,Gomez Ltd Medical,DME Supplier,996 Gallagher Lock Apt. 899,Port Jonathan,IL,62136,5562316757,contact@gomezltdmedical.com,Charlotte Garcia,21-7278943,True,Kaiser PAP,2021-09-23,2028-04-29,True,False,2023-04-04
VEN10190,Meyer-Wilson Medical,DME Supplier,218 Hammond Mill Apt. 021,Laurieton,PA,96280,+1-810-329-1472x5258,contact@meyer-wilsonmedical.com,Caleb Fitzgerald,26-9120902,False,,2025-08-29,2026-08-15,True,False,2025-03-13
VEN10191,Thomas Ltd Pharmacy,DME Supplier,5409 Jones Port Apt. 455,Knoxfurt,IL,52349,001-928-501-1670x3252,contact@thomasltdpharmacy.com,Rachel Summers,17-3473463,True,Kaiser PAP,2025-01-20,2027-05-01,True,False,2023-01-30
VEN10192,Fleming-Henderson Supplies,Transportation,9110 Harris Turnpike,South Amber,TX,68754,+1-904-304-9906x88493,contact@fleming-hendersonsupplies.com,Ernest Howell,50-7587553,True,Kaiser PAP,2023-04-12,2027-05-24,True,False,2023-12-25
VEN10193,Miller LLC Pharmacy,Home Health,694 David Bridge,Gordonton,CA,12506,(697)730-0656,contact@millerllcpharmacy.com,Sandra Williams,92-5848857,False,,2026-06-23,2028-04-20,True,False,2024-01-30
VEN10194,Harris and Sons Healthcare,Pharmacy,097 Joseph Center,Davidsonton,IL,74734,+1-857-812-9772,contact@harrisandsonshealthcare.com,Thomas Kelly,63-7021998,False,,2023-03-16,2027-11-19,True,False,2025-08-25
VEN10195,Garcia LLC Medical,Lab,098 Watts Drives,North Paul,MI,3186,+1-630-851-7005x6833,contact@garciallcmedical.com,Antonio Wood,57-3595322,False,Kaiser PAP,2022-10-16,2026-07-15,True,False,2022-02-08
VEN10196,"Thomas, Chapman and Baker Pharmacy",Home Health,60525 Romero Lake Apt. 495,Port Craig,NC,54093,+1-613-289-9010x86536,"contact@thomas,chapmanandbakerpharmacy.com",Sally Atkins,35-1856624,False,,2024-07-16,2027-02-16,True,False,2023-06-01
VEN10197,"Nielsen, Johnson and Roberts Pharmacy",Lab,1163 Hayes Shore,New William,NC,67546,(848)551-1306x39224,"contact@nielsen,johnsonandrobertspharmacy.com",Peter Villegas,37-5942963,False,,2022-09-13,2027-12-11,True,False,2023-12-02
VEN10198,Harding-Gibbs Pharmacy,DME Supplier,2455 Adams Manors,Hopkinsfurt,OH,43254,(775)678-8924x24827,contact@harding-gibbspharmacy.com,Deborah Mack,27-4336942,False,Kaiser PAP,2021-10-30,2028-05-17,True,False,2025-11-15
VEN10199,Anderson Group Healthcare,Transportation,7680 Christopher Causeway Apt. 662,Ericland,FL,83300,352.613.8540,contact@andersongrouphealthcare.com,Brian Taylor,84-5776244,True,Kaiser PAP,2022-10-15,2026-12-31,True,False,2022-07-20
VEN10200,Carson-Mcdaniel Healthcare,Lab,10975 Ballard Islands Apt. 762,South Todd,PA,76374,(837)417-6720,contact@carson-mcdanielhealthcare.com,Julie Smith,14-4504406,True,,2026-06-18,2027-06-18,True,False,2025-07-18
VEN10201,Moss-King Pharmacy,Medical Supply,79049 Hunter Keys Apt. 757,North Brittany,TX,53700,566-791-1442x460,contact@moss-kingpharmacy.com,Shannon Johnson,28-3452070,True,,2022-04-21,2028-06-24,True,False,2024-05-22
VEN10202,"Nelson, Campbell and Mathews Medical",Pharmacy,417 Andrew Corner Apt. 535,Cannonville,PA,67565,651-503-6211,"contact@nelson,campbellandmathewsmedical.com",Samantha Austin,99-9658341,True,,2025-04-22,2028-02-20,True,False,2021-11-05
VEN10203,"Alvarez, Chang and Bradley Healthcare",Transportation,6976 Stephanie Passage Suite 069,Lake Carolyn,MI,29547,6022731018,"contact@alvarez,changandbradleyhealthcare.com",Mary Anderson,14-1913251,False,Kaiser PAP,2024-11-18,2027-04-19,True,False,2026-02-03
VEN10204,Berry Inc Supplies,Home Health,7408 Christopher Courts,Gabrielport,PA,27784,001-548-664-1225x058,contact@berryincsupplies.com,Tammy Estrada,30-4473796,False,Kaiser PAP,2023-03-10,2028-05-21,True,False,2026-06-11
VEN10205,Riley and Sons Supplies,DME Supplier,63937 Anthony Club Apt. 050,Shawnfurt,TX,29588,696.530.0044x757,contact@rileyandsonssupplies.com,Michelle Rodriguez,60-8287025,True,Kaiser PAP,2023-01-23,2028-05-12,True,False,2023-01-07
VEN10206,"Franklin, Tate and Stewart Supplies",DME Supplier,4030 Leah Square Suite 518,Port Kellybury,MI,48796,+1-360-809-2004x04936,"contact@franklin,tateandstewartsupplies.com",David Vega,14-9409695,True,Kaiser PAP,2024-09-16,2026-11-02,True,False,2024-07-02
VEN10207,Vincent and Sons Supplies,Pharmacy,65110 Perez Mill Apt. 558,West Christopherport,FL,98140,9614763722,contact@vincentandsonssupplies.com,Cory Hill,48-4414341,False,Kaiser PAP,2023-08-10,2026-09-15,True,False,2026-02-27
VEN10208,"Bruce, Ferguson and Conley Medical",Home Health,7863 Steven Mountains,Johnsonborough,NY,8306,889-609-2787x6139,"contact@bruce,fergusonandconleymedical.com",Kim Mccormick,18-4610467,True,Kaiser PAP,2023-09-16,2028-04-21,True,False,2024-11-07
VEN10209,Wood-Woods Supplies,Home Health,11518 Brown Knolls,Lake Jenna,NC,97604,(557)718-4225x5317,contact@wood-woodssupplies.com,Dr. John Robinson,17-6472247,True,,2025-03-03,2028-03-04,True,False,2025-07-23
VEN10210,White-White Medical,DME Supplier,8353 Susan Walk Suite 505,South Kristenside,MI,39924,(794)807-6046,contact@white-whitemedical.com,Daniel Vaughn,63-8710443,True,,2023-12-19,2027-03-06,True,False,2025-02-26
VEN10211,"Hodges, Bowers and Rodriguez Healthcare",Medical Supply,400 Smith Fall,Lake Charlesfort,IL,21415,312.907.0171x703,"contact@hodges,bowersandrodriguezhealthcare.com",Gina Li,85-5232075,True,Kaiser PAP,2026-04-25,2028-06-04,True,False,2026-05-11
VEN10212,King PLC Medical,Pharmacy,9103 Johnson Extension,Cynthiaton,GA,17860,557.878.9268x435,contact@kingplcmedical.com,Bailey Perkins,78-1136463,True,,2021-08-20,2028-02-03,True,False,2022-02-12
VEN10213,Guzman and Sons Supplies,Lab,8122 Tucker Isle Apt. 570,North Ginaview,CA,733,(752)538-6268,contact@guzmanandsonssupplies.com,Chelsea Wolf,61-6805107,True,,2023-08-20,2027-03-26,True,False,2021-11-05
VEN10214,Hughes Group Medical,Medical Supply,858 Owens Divide Suite 090,Singletonton,GA,67865,214.709.9967x775,contact@hughesgroupmedical.com,Sherri Knight,20-4834588,True,Kaiser PAP,2024-04-24,2027-01-29,True,False,2021-07-18
VEN10215,"Hays, Young and Acevedo Supplies",Pharmacy,31125 Daniel Fields,South Gerald,FL,73233,632.458.1835,"contact@hays,youngandacevedosupplies.com",Alan Lee,44-7189462,True,Kaiser PAP,2022-01-29,2026-09-17,True,False,2023-03-21
VEN10216,Mitchell and Sons Pharmacy,Lab,787 Veronica Lodge Apt. 712,East Arthurbury,NC,68053,859-552-8527x183,contact@mitchellandsonspharmacy.com,Angela Allen,91-2120740,True,Kaiser PAP,2022-04-09,2027-01-15,True,False,2025-10-16
VEN10217,Jenkins LLC Pharmacy,Lab,11500 Stein Extension,Johnsonville,IL,38953,001-468-521-4931x4877,contact@jenkinsllcpharmacy.com,Lori Melton,19-6742455,True,Kaiser PAP,2022-02-20,2028-01-10,True,False,2021-08-15
VEN10218,Pope-Williams Pharmacy,Transportation,0932 Giles Square,Rochafurt,FL,88113,(868)792-3068,contact@pope-williamspharmacy.com,Alfred Rodriguez,58-9393462,True,Kaiser PAP,2025-01-14,2026-09-10,True,False,2025-09-19
VEN10219,"Stout, Hickman and Nunez Supplies",Home Health,9716 Matthew Rest Suite 853,Trantown,NY,97520,+1-381-439-8029x292,"contact@stout,hickmanandnunezsupplies.com",Kaylee Allen,86-6567192,True,Kaiser PAP,2023-06-21,2027-09-21,True,False,2026-06-02
VEN10220,"Martinez, Meyer and Pacheco Medical",Lab,24084 Ethan Bypass,Alanhaven,GA,76589,001-386-294-7286x79667,"contact@martinez,meyerandpachecomedical.com",Aaron Price,31-1663919,False,,2026-01-08,2026-08-21,True,False,2024-05-15
VEN10221,Turner Inc Pharmacy,Home Health,815 Lee Estates,Lake Thomasbury,GA,72172,001-809-525-3596,contact@turnerincpharmacy.com,Kimberly Watts,11-1450279,False,,2022-08-05,2026-10-18,True,False,2025-01-08
VEN10222,"Blake, Burns and Phillips Medical",Transportation,0171 Robles Motorway,Nathanborough,PA,24394,001-484-553-9701x4713,"contact@blake,burnsandphillipsmedical.com",Shelly Deleon,78-3907983,True,Kaiser PAP,2024-08-18,2026-09-18,True,False,2021-12-01
VEN10223,Gonzalez and Sons Pharmacy,Home Health,01548 Adams Parkway,Garrisonburgh,GA,68208,+1-850-793-3196x3863,contact@gonzalezandsonspharmacy.com,Ronald Smith,66-4797199,True,Kaiser PAP,2025-06-10,2027-11-16,True,False,2024-03-05
VEN10224,Gross Ltd Supplies,DME Supplier,9903 Martin Corner,Julieville,CA,80890,(561)955-7662x809,contact@grossltdsupplies.com,Hannah Mccann,81-2311826,False,,2024-09-11,2028-02-15,True,False,2024-04-30
VEN10225,"Avila, Johnson and Sanders Healthcare",Medical Supply,3760 Brittney Plaza,New Alexandraview,IL,77456,635-655-6224x36714,"contact@avila,johnsonandsandershealthcare.com",Jessica Peck,61-6493576,True,Kaiser PAP,2025-12-23,2026-09-23,True,False,2024-02-18
VEN10226,Jones-Mcknight Pharmacy,Medical Supply,36444 John Junction Apt. 993,South Brandon,TX,27486,5158096867,contact@jones-mcknightpharmacy.com,Lindsay Lopez,15-4048580,True,Kaiser PAP,2025-05-20,2028-06-24,True,False,2025-03-05
VEN10227,Long-Garcia Medical,Medical Supply,17929 Cortez Street,New Kristinaborough,NY,4657,838-292-3739x2381,contact@long-garciamedical.com,Mark Fuller,27-1637632,True,Kaiser PAP,2024-06-05,2027-10-13,True,False,2025-05-21
VEN10228,King-Gonzalez Healthcare,Pharmacy,024 Jason Plaza,Chadberg,FL,15659,(643)422-3436x7450,contact@king-gonzalezhealthcare.com,Deanna Harper,25-9897092,False,,2022-07-03,2026-07-06,True,False,2024-11-09
VEN10229,"Davenport, Reynolds and Garcia Healthcare",Pharmacy,514 Jackson Row Suite 615,Edwardstown,NC,62430,333.723.1681x94405,"contact@davenport,reynoldsandgarciahealthcare.com",James Rush,47-9868715,True,Kaiser PAP,2022-04-11,2028-06-16,True,False,2023-12-13
VEN10230,"Moore, Lee and Brooks Supplies",DME Supplier,71106 Kimberly Burgs Suite 088,New Richard,NC,23438,240.817.3696,"contact@moore,leeandbrookssupplies.com",Amanda Sharp,15-1543644,False,,2024-12-22,2027-03-07,True,False,2023-12-13
VEN10231,"Woods, Dean and Johnson Pharmacy",Home Health,345 Mark Meadow Apt. 672,Scottmouth,OH,49171,(263)589-8914,"contact@woods,deanandjohnsonpharmacy.com",Monica Nash,79-6044642,False,,2021-10-03,2027-09-22,True,False,2023-05-28
VEN10232,Hunt-Jennings Healthcare,Pharmacy,586 Carr Field,East Kevinview,NC,63702,830.343.8597,contact@hunt-jenningshealthcare.com,Vanessa Phelps,31-8634757,False,Kaiser PAP,2024-11-07,2028-03-30,True,False,2022-03-12
VEN10233,"Lee, Vargas and Wood Supplies",Pharmacy,8025 James Court,Snyderhaven,FL,68166,001-716-927-0833,"contact@lee,vargasandwoodsupplies.com",Christopher Scott,74-6310316,False,Kaiser PAP,2022-10-22,2026-09-21,True,False,2025-02-19
VEN10234,Brown-Flores Pharmacy,Lab,5774 Salas Garden,Chelseaburgh,NY,96956,524.219.3383,contact@brown-florespharmacy.com,Valerie Ford,42-6682625,False,,2025-08-29,2026-12-10,True,False,2022-05-13
VEN10235,"Sampson, Pennington and Arnold Healthcare",Pharmacy,50713 Smith Fall Suite 152,New Warrenbury,CA,16814,(772)679-9277,"contact@sampson,penningtonandarnoldhealthcare.com",Dennis Stewart,46-3538299,True,Kaiser PAP,2024-04-27,2028-02-10,True,False,2025-08-07
VEN10236,Allen-Mason Supplies,Medical Supply,34794 Antonio Rapids,Ginachester,IL,75889,387-393-8864,contact@allen-masonsupplies.com,David Jenkins,61-3860228,True,,2023-09-20,2028-05-04,True,False,2022-01-29
VEN10237,"Nelson, Guerrero and Roberts Healthcare",DME Supplier,36189 Megan Station Apt. 953,Lopezmouth,GA,19362,(298)542-1642x847,"contact@nelson,guerreroandrobertshealthcare.com",Joann Wright,91-2106457,True,Kaiser PAP,2022-01-19,2027-12-06,True,False,2026-05-12
VEN10238,Wilson-James Pharmacy,Lab,44558 Graham Shore,East Jeffreyborough,FL,10344,765.952.6151x191,contact@wilson-jamespharmacy.com,Samantha Wilson,80-9440435,True,Kaiser PAP,2022-11-17,2026-12-10,True,False,2024-03-02
VEN10239,"Hughes, Novak and Gomez Supplies",Medical Supply,449 Cisneros Path Apt. 347,Blacktown,CA,18484,316-858-8799,"contact@hughes,novakandgomezsupplies.com",Paul Davis,41-1166319,True,Kaiser PAP,2025-06-08,2027-08-05,True,False,2026-06-30
VEN10240,"Haney, Bautista and Harper Healthcare",Transportation,92489 Weeks Island Apt. 144,Port Lindafurt,GA,53749,762-309-4609x0978,"contact@haney,bautistaandharperhealthcare.com",Ronald Jones,64-1298847,True,Kaiser PAP,2026-02-03,2027-09-17,True,False,2024-02-11
VEN10241,"Harrison, Elliott and Hernandez Medical",Lab,024 Brandon Knolls Apt. 548,Chadside,CA,2188,353-560-2561x67271,"contact@harrison,elliottandhernandezmedical.com",David Williams,99-6336690,False,Kaiser PAP,2023-01-05,2028-01-23,True,False,2022-12-13
VEN10242,Henry-Edwards Healthcare,Medical Supply,00119 Bonnie Common,Watsonview,GA,95344,+1-688-695-8739x984,contact@henry-edwardshealthcare.com,William Day,59-3094634,False,Kaiser PAP,2023-09-12,2028-01-14,True,False,2023-04-08
VEN10243,"Reynolds, Reyes and Gray Healthcare",DME Supplier,8061 Nancy Plaza,New Robertstad,NY,26175,001-779-707-4818,"contact@reynolds,reyesandgrayhealthcare.com",Andrea Clark,96-4577237,False,Kaiser PAP,2023-09-26,2027-07-22,True,False,2026-06-19
VEN10244,"Graham, Tyler and Haynes Pharmacy",Medical Supply,1313 Nicole Lakes Apt. 836,Katherineshire,IL,81350,(667)651-9014,"contact@graham,tylerandhaynespharmacy.com",Alyssa Arnold,57-1068159,True,Kaiser PAP,2024-12-05,2026-12-29,True,False,2023-12-27
VEN10245,Alvarado-Lowe Supplies,Medical Supply,9694 Matthew Land Suite 750,Lake Jasonfort,MI,31349,561-966-7245,contact@alvarado-lowesupplies.com,Jonathan Garrison,41-7370996,True,Kaiser PAP,2025-12-27,2027-02-28,True,False,2022-08-08
VEN10246,Morales-Jackson Pharmacy,Home Health,933 Margaret Club Suite 709,Davidstad,TX,39686,+1-642-737-0488x76797,contact@morales-jacksonpharmacy.com,Susan Smith,12-6846379,False,Kaiser PAP,2024-11-01,2026-10-04,True,False,2024-09-08
VEN10247,"Dunn, Chang and Weeks Supplies",Transportation,12892 Tracey Via Suite 315,East Helenburgh,NY,27392,(395)852-9812x16144,"contact@dunn,changandweekssupplies.com",Anthony Evans,37-9562479,True,Kaiser PAP,2021-09-17,2028-02-26,True,False,2023-10-01
VEN10248,"Meyer, Lyons and Sullivan Supplies",DME Supplier,9148 Santos Fields,West Amberburgh,NC,64311,871.206.5319x041,"contact@meyer,lyonsandsullivansupplies.com",Benjamin Massey,76-1151311,True,Kaiser PAP,2025-03-12,2027-11-02,True,False,2024-12-20
VEN10249,"Haas, Mccoy and Guerrero Medical",Transportation,175 Joel Track,Millertown,NC,3016,001-887-404-5000x6124,"contact@haas,mccoyandguerreromedical.com",James Larson,67-8869826,False,Kaiser PAP,2024-07-08,2027-09-30,True,False,2024-05-13
VEN10250,Vasquez-Barry Healthcare,DME Supplier,325 Rodriguez Shores Suite 864,Lisaborough,MI,61572,+1-756-286-4860x0372,contact@vasquez-barryhealthcare.com,John Boyer,81-7125073,False,Kaiser PAP,2025-06-27,2027-04-08,True,False,2024-06-28
VEN10251,"Diaz, Campos and Jones Healthcare",Transportation,768 Jesus Mission,Lake Jonathan,GA,86132,234-449-7224x065,"contact@diaz,camposandjoneshealthcare.com",Christina Jacobs,68-1607559,True,Kaiser PAP,2025-03-21,2028-05-05,True,False,2024-04-16
VEN10252,Orozco-Jones Healthcare,Transportation,721 Steve Fall Apt. 055,Davishaven,OH,83258,+1-819-566-9650x8385,contact@orozco-joneshealthcare.com,Carmen Owens,23-2291668,False,Kaiser PAP,2023-07-14,2026-12-27,True,False,2022-03-23
VEN10253,"Smith, Garcia and Alvarez Pharmacy",Medical Supply,871 Roth Trail,Banksbury,IL,86148,968.784.2813x93269,"contact@smith,garciaandalvarezpharmacy.com",Bradley Bowman,87-3901660,False,Kaiser PAP,2022-03-19,2027-02-21,True,False,2022-07-21
VEN10254,"Harrell, Shepard and Russell Supplies",Lab,59548 Arthur Oval Suite 523,Stephenbury,OH,90366,3227579124,"contact@harrell,shepardandrussellsupplies.com",Kenneth Foster,76-9166655,True,Kaiser PAP,2022-09-18,2026-11-12,True,False,2021-08-03
VEN10255,"Holmes, Vaughn and Combs Supplies",Home Health,925 Jonathan Turnpike Suite 417,Lake Nathan,CA,77216,(974)450-8511,"contact@holmes,vaughnandcombssupplies.com",John Fowler,53-4651939,False,Kaiser PAP,2022-07-21,2027-08-24,True,False,2021-11-14
VEN10256,"Wilson, Combs and Martin Medical",DME Supplier,2404 Phillips Brooks Suite 024,Alisonmouth,PA,3342,(240)896-0769,"contact@wilson,combsandmartinmedical.com",Manuel Andrews,42-8369658,True,Kaiser PAP,2021-07-30,2026-09-23,True,False,2026-05-10
VEN10257,Jones Group Supplies,Lab,6501 Matthew Underpass,East Ryanfort,NC,18627,001-841-897-1323,contact@jonesgroupsupplies.com,Wanda Knight,50-4612859,False,,2022-03-09,2026-09-08,True,False,2021-09-07
VEN10258,Parks PLC Pharmacy,DME Supplier,384 Lisa Spurs Suite 717,Ryanshire,MI,96808,(696)394-0905x746,contact@parksplcpharmacy.com,Rebecca Zuniga,59-6999941,True,,2023-12-14,2027-03-15,True,False,2022-01-11
VEN10259,Jackson-Rubio Healthcare,Pharmacy,33178 Julie Circle,North Markchester,IL,97365,832.738.7149x2641,contact@jackson-rubiohealthcare.com,James Dawson,38-5823167,False,Kaiser PAP,2025-10-16,2026-09-15,True,False,2022-03-23
VEN10260,"Martin, Patel and Kennedy Healthcare",DME Supplier,31328 Ali Burgs Apt. 732,West Mary,OH,35365,773-681-2656,"contact@martin,patelandkennedyhealthcare.com",Rebecca Cole,65-8057807,True,Kaiser PAP,2024-01-11,2027-06-10,True,False,2024-10-23
VEN10261,West-Jones Medical,Medical Supply,26067 Robertson Keys,Lake Robertland,FL,63808,479-512-9786x44356,contact@west-jonesmedical.com,Nicole Ross,62-7670215,True,,2022-06-26,2027-12-18,True,False,2021-09-19
VEN10262,Savage-Butler Supplies,Pharmacy,358 Smith Plaza,Kathleenfurt,NC,79042,+1-326-678-1478x10390,contact@savage-butlersupplies.com,Stephanie Estrada,20-9333587,False,,2026-01-27,2027-04-20,True,False,2025-07-25
VEN10263,Miller-Davis Pharmacy,Transportation,72536 Leonard Village,New Kathy,NC,26078,5586462923,contact@miller-davispharmacy.com,Alexa Parks,46-7259815,False,Kaiser PAP,2024-10-23,2026-11-29,True,False,2022-06-18
VEN10264,Ortega Inc Healthcare,Transportation,255 Joseph Key Apt. 620,North Johnshire,IL,65908,603-890-3943,contact@ortegainchealthcare.com,Lori Perez,86-1650273,True,Kaiser PAP,2022-09-05,2028-04-18,True,False,2022-07-27
VEN10265,White-Schneider Supplies,Transportation,4173 Dawn Mountain Suite 203,Martinezland,OH,42913,+1-730-442-6273x23724,contact@white-schneidersupplies.com,Cheryl Stein,39-2140567,True,Kaiser PAP,2026-05-02,2028-04-15,True,False,2023-01-13
VEN10266,"Cole, Phillips and Garcia Supplies",Home Health,733 Nicholas Mission,West Nancytown,NY,48780,3084688982,"contact@cole,phillipsandgarciasupplies.com",Steven Sampson II,59-3954047,True,Kaiser PAP,2023-06-03,2027-01-01,True,False,2025-05-20
VEN10267,"Dominguez, Mahoney and Richardson Pharmacy",DME Supplier,916 Denise Ranch Suite 685,Christinamouth,CA,23380,(787)222-0444,"contact@dominguez,mahoneyandrichardsonpharmacy.com",Heather Deleon,15-8260571,False,,2023-09-08,2027-05-08,True,False,2022-03-27
VEN10268,Jones-Taylor Supplies,Lab,085 Brown Cove Apt. 000,Charlesshire,MI,39092,(461)257-4063x42064,contact@jones-taylorsupplies.com,Victor Eaton,73-9720942,True,,2025-08-22,2028-04-28,True,False,2024-07-20
VEN10269,"Bennett, Watson and Noble Supplies",Transportation,62416 Garcia Mountain,Kevinfort,OH,72391,+1-769-895-7718,"contact@bennett,watsonandnoblesupplies.com",Adam Garrett,38-8249158,True,,2022-05-26,2028-06-15,True,False,2026-06-21
VEN10270,Fields-Decker Medical,Transportation,34517 Eric Spur Suite 288,New Jessicabury,NY,10583,257-937-4755x0477,contact@fields-deckermedical.com,Mark Martinez,78-3060715,True,Kaiser PAP,2024-07-15,2026-09-15,True,False,2022-03-19
VEN10271,"Coleman, Cook and Chen Healthcare",Home Health,560 Humphrey Wells Suite 460,Pearsonbury,OH,67675,(471)209-3091x9040,"contact@coleman,cookandchenhealthcare.com",Steve Jones,79-3011079,False,Kaiser PAP,2023-06-27,2028-03-23,True,False,2024-03-05
VEN10272,"Clark, Hamilton and Palmer Supplies",Lab,714 Jorge Drive Apt. 376,Port Thomashaven,OH,76499,001-320-888-5897x5215,"contact@clark,hamiltonandpalmersupplies.com",Corey Salazar,25-8916201,True,Kaiser PAP,2021-09-12,2026-10-28,True,False,2024-06-15
VEN10273,Zuniga Inc Medical,Medical Supply,95161 Dale Hill,Lake Olivia,MI,89472,3242801931,contact@zunigaincmedical.com,Stephanie Ramirez,25-4163768,True,Kaiser PAP,2024-08-11,2027-09-09,True,False,2025-11-23
VEN10274,Hernandez Ltd Supplies,Lab,053 Ross Spring,Vickieland,OH,37673,376-572-4512x6614,contact@hernandezltdsupplies.com,Jennifer Jones,62-6394792,True,,2022-04-28,2028-03-01,True,False,2024-07-26
VEN10275,Johnson-Coleman Healthcare,Home Health,25295 Jenkins Radial Apt. 213,Pattersonton,PA,90649,404-661-5442x3506,contact@johnson-colemanhealthcare.com,Anna Reynolds,29-6383119,False,Kaiser PAP,2024-03-15,2026-10-25,True,False,2025-12-28
VEN10276,"Byrd, Robinson and Novak Healthcare",Medical Supply,6900 Solomon Camp,Heatherport,FL,36466,+1-377-405-7591x331,"contact@byrd,robinsonandnovakhealthcare.com",Misty Lopez,31-1272943,True,Kaiser PAP,2023-02-16,2028-02-26,True,False,2026-04-20
VEN10277,"Schroeder, Stone and Webb Medical",Lab,5411 Chad Fall Apt. 091,Port Brian,NC,67980,(999)299-9838x4583,"contact@schroeder,stoneandwebbmedical.com",Miguel Sandoval,21-8466219,True,,2022-07-30,2027-11-16,True,False,2024-01-03
VEN10278,"Baldwin, Richard and Perry Supplies",Home Health,55434 Rebecca Camp,West Jillmouth,OH,3397,412-688-7308x6181,"contact@baldwin,richardandperrysupplies.com",Michael Dudley,86-6236313,True,Kaiser PAP,2023-08-18,2027-10-11,True,False,2024-05-23
VEN10279,Mcfarland PLC Supplies,DME Supplier,76125 Fisher Route Apt. 974,Victorialand,GA,6766,877.872.3768,contact@mcfarlandplcsupplies.com,Thomas Harris,75-6884981,True,Kaiser PAP,2026-06-27,2028-02-14,True,False,2025-02-18
VEN10280,Lewis PLC Pharmacy,Medical Supply,9204 Bishop Mountains Suite 031,Coreybury,GA,45140,407.317.5338x4811,contact@lewisplcpharmacy.com,Wesley Walker,31-5606714,True,Kaiser PAP,2023-12-11,2028-03-02,True,False,2022-07-28
VEN10281,"Pearson, Olson and Padilla Supplies",Home Health,8723 Katherine Island,Williamfort,PA,70839,420.230.2854,"contact@pearson,olsonandpadillasupplies.com",Alex Thompson,73-4641440,False,,2025-10-08,2027-10-21,True,False,2024-05-25
VEN10282,Griffin-Williams Medical,Transportation,68266 Samantha Garden Suite 412,Lake Lawrence,MI,84371,+1-336-700-4069x7227,contact@griffin-williamsmedical.com,Ruben Payne,85-6886956,True,,2025-05-10,2027-06-28,True,False,2023-01-09
VEN10283,West-Bell Healthcare,Transportation,12471 Snyder Camp Apt. 214,East Patricialand,FL,45961,211.283.5343x345,contact@west-bellhealthcare.com,Mr. Brandon Lee,57-2149540,True,,2023-07-14,2027-10-30,True,False,2024-02-03
VEN10284,Allen and Sons Pharmacy,Pharmacy,6112 Thompson Run Suite 715,Rowebury,GA,77644,891.495.6199,contact@allenandsonspharmacy.com,Travis Wilson,50-5396273,True,Kaiser PAP,2021-10-26,2027-10-09,True,False,2025-05-15
VEN10285,Anderson-Golden Medical,Home Health,163 Craig Circle Apt. 788,Dustinport,OH,53131,401-798-0059x9305,contact@anderson-goldenmedical.com,Amanda Floyd,96-8908633,True,Kaiser PAP,2022-08-11,2028-05-05,True,False,2021-10-06
VEN10286,Johnson-Tran Healthcare,Medical Supply,8938 Mary Roads Apt. 341,South Danielside,PA,50407,+1-949-705-3942x7559,contact@johnson-tranhealthcare.com,Vanessa Rodriguez,45-3521354,True,Kaiser PAP,2023-02-05,2026-10-14,True,False,2024-09-11
VEN10287,Lopez-Gregory Supplies,Home Health,52205 Rebecca Grove Suite 293,Lake Carriestad,PA,69934,+1-272-523-6123x6884,contact@lopez-gregorysupplies.com,Robert Hernandez,20-8068452,True,Kaiser PAP,2022-07-16,2027-02-03,True,False,2024-03-15
VEN10288,Waters Ltd Supplies,Home Health,869 Dylan Oval,Floresfurt,OH,57521,001-990-409-2389x586,contact@watersltdsupplies.com,Jamie Lee,78-6455149,False,,2023-11-15,2027-07-27,True,False,2026-01-21
VEN10289,Garcia-Franklin Pharmacy,Transportation,08916 Alexis Forges Apt. 835,Samanthachester,GA,95680,921.768.2022,contact@garcia-franklinpharmacy.com,Julie Braun,75-8845244,False,,2023-07-17,2026-12-22,True,False,2023-11-08
VEN10290,Taylor-Santos Pharmacy,DME Supplier,0132 Amanda Underpass Suite 688,Hallhaven,GA,51488,001-599-383-0097x81892,contact@taylor-santospharmacy.com,Shawn Kelly,59-1332263,False,Kaiser PAP,2025-02-06,2028-04-05,True,False,2021-08-25
VEN10291,"Spencer, Frye and Clark Supplies",Transportation,75549 Howard Spur,New Katherine,PA,8885,001-428-865-8183x749,"contact@spencer,fryeandclarksupplies.com",Madison Lang,83-8841586,True,Kaiser PAP,2026-04-02,2028-01-11,True,False,2024-02-23
VEN10292,"Shelton, Clark and Alexander Medical",Pharmacy,4766 Andrews Fort Apt. 930,Nicholasstad,IL,40890,601.309.8989,"contact@shelton,clarkandalexandermedical.com",Lisa Moore,94-3690291,True,Kaiser PAP,2023-06-18,2027-05-29,True,False,2026-02-22
VEN10293,"Donovan, Wright and Johnson Healthcare",DME Supplier,30406 Martinez Knoll,Colemanland,FL,26318,890-877-8422,"contact@donovan,wrightandjohnsonhealthcare.com",Jesse Robbins MD,95-5068209,False,Kaiser PAP,2026-03-25,2027-04-04,True,False,2025-03-27
VEN10294,Price Group Supplies,Medical Supply,134 David River Suite 014,Boonefort,NC,26077,001-776-608-4614x835,contact@pricegroupsupplies.com,Ronald Peterson,95-4084761,True,,2024-11-24,2028-06-15,True,False,2021-12-26
VEN10295,Jones PLC Pharmacy,Pharmacy,844 Joshua Union Suite 148,New Pamelaberg,IL,49284,001-402-693-1951x681,contact@jonesplcpharmacy.com,Jonathan Nash,78-3349022,False,,2025-06-14,2027-03-14,True,False,2023-06-06
VEN10296,Lawrence-Harris Supplies,DME Supplier,3637 Diaz Forges Suite 961,East Jasmineborough,GA,46471,371-777-6557,contact@lawrence-harrissupplies.com,Eric Ward,74-2306508,True,Kaiser PAP,2023-12-09,2027-11-30,True,False,2023-02-16
VEN10297,Garcia Ltd Supplies,Pharmacy,048 Lisa Pike,Hughesside,CA,5760,395-716-9340,contact@garcialtdsupplies.com,Stephen Holland,80-9388267,False,Kaiser PAP,2025-10-27,2026-07-21,True,False,2024-10-09
VEN10298,Mckinney-King Medical,Home Health,59382 John Drives Apt. 767,West Kyle,FL,34060,368.544.4659x99888,contact@mckinney-kingmedical.com,Brittany Davis,85-3956937,False,,2025-11-13,2026-11-21,True,False,2022-09-13
VEN10299,Wyatt-Newman Supplies,Home Health,0122 Jones Extensions Apt. 751,Robinsonville,IL,39024,992-546-0939,contact@wyatt-newmansupplies.com,Susan Price,63-8955866,False,Kaiser PAP,2026-03-11,2027-11-08,True,False,2021-10-30
VEN10300,Bradley-Kennedy Pharmacy,DME Supplier,19383 Phillips Oval Apt. 931,Lake Brandon,OH,60471,(487)658-9693x521,contact@bradley-kennedypharmacy.com,Barbara Black,57-1314005,False,Kaiser PAP,2026-02-10,2028-06-03,True,False,2026-01-22
VEN10301,Bauer-Reyes Supplies,Lab,98241 Cory Trafficway,South Ashley,OH,86325,+1-758-406-7500x345,contact@bauer-reyessupplies.com,Scott Patrick,93-8398421,True,Kaiser PAP,2022-07-21,2027-04-14,True,False,2026-04-14
VEN10302,Miller LLC Medical,Pharmacy,1571 Rios Common Apt. 465,New Christopherhaven,NY,21367,(527)501-4792,contact@millerllcmedical.com,David Yang,79-7283294,True,Kaiser PAP,2024-04-08,2027-10-13,True,False,2024-06-01
VEN10303,Roach Group Supplies,Pharmacy,047 Barton Court Apt. 978,Lake Troy,TX,39507,495-274-0309x48398,contact@roachgroupsupplies.com,Daniel Brennan,32-8476636,True,,2023-11-07,2027-05-27,True,False,2024-03-01
VEN10304,"Hall, Parker and Davis Medical",Lab,530 Shea Wall Suite 970,New Kevinmouth,CA,39217,971.595.7588x6946,"contact@hall,parkeranddavismedical.com",Jessica Harris,78-8990049,True,,2024-02-27,2028-03-26,True,False,2026-01-25
VEN10305,Jones-Sanders Pharmacy,Lab,644 Hess Station,Lake Shawn,GA,66823,772.773.6280,contact@jones-sanderspharmacy.com,Jennifer Lara,51-1009073,True,Kaiser PAP,2023-06-22,2028-04-04,True,False,2025-05-31
VEN10306,Newman-Benton Medical,Transportation,389 Kenneth Pike,Stevensmouth,NC,10878,(209)853-7878x313,contact@newman-bentonmedical.com,Julian Long Jr.,80-3264919,True,Kaiser PAP,2025-05-05,2027-07-21,True,False,2023-06-14
VEN10307,"Marshall, Jefferson and Day Medical",Lab,241 Melissa Estate Apt. 900,Lloydport,CA,19803,447.360.7658,"contact@marshall,jeffersonanddaymedical.com",Desiree Reilly,53-2098669,True,,2025-02-10,2026-12-16,True,False,2023-02-25
VEN10308,Krueger Ltd Pharmacy,Transportation,51790 Justin Mall Apt. 807,Kellyfurt,OH,57751,001-677-854-2507,contact@kruegerltdpharmacy.com,Eric Taylor,95-8294166,False,Kaiser PAP,2021-07-23,2028-02-20,True,False,2022-05-23
VEN10309,"Huff, Henderson and Townsend Pharmacy",Lab,626 Joseph Pine Apt. 815,Port Maria,GA,36388,882-829-5292x725,"contact@huff,hendersonandtownsendpharmacy.com",Angela Wilson,72-5737381,True,Kaiser PAP,2022-11-21,2028-04-20,True,False,2024-03-31
VEN10310,"Holmes, Johnson and Sullivan Healthcare",Medical Supply,93546 Alexander Flat,Rodriguezmouth,OH,41478,+1-929-308-0657x1243,"contact@holmes,johnsonandsullivanhealthcare.com",Crystal Thompson,66-4433429,False,Kaiser PAP,2023-11-20,2027-12-25,True,False,2023-05-13
VEN10311,Ross PLC Pharmacy,Medical Supply,2613 Jessica Pines,Adamton,FL,90500,+1-400-446-4780x778,contact@rossplcpharmacy.com,Tiffany Sandoval,15-5219557,False,,2025-09-18,2028-01-02,True,False,2025-12-17
VEN10312,"Brennan, Moore and Bender Supplies",Home Health,50492 Cameron Union,Christinebury,MI,67559,489-698-0228x1046,"contact@brennan,mooreandbendersupplies.com",Christopher Burns,13-4244733,True,Kaiser PAP,2022-10-18,2026-10-28,True,False,2024-03-16
VEN10313,"Fuentes, Smith and Johnson Healthcare",Transportation,2749 Boyd River Suite 264,West Timothyville,IL,31577,(457)257-8008x54660,"contact@fuentes,smithandjohnsonhealthcare.com",Sharon Chen,64-8630518,True,Kaiser PAP,2026-06-13,2027-07-11,True,False,2022-08-21
VEN10314,Hamilton-Love Healthcare,DME Supplier,61496 Victor Estates Suite 712,New Lauren,MI,39267,+1-428-867-8766x9804,contact@hamilton-lovehealthcare.com,Daniel Taylor,21-7528276,True,Kaiser PAP,2022-07-09,2026-08-18,True,False,2022-09-22
VEN10315,"Jackson, Hamilton and Pena Pharmacy",Medical Supply,96871 Brian Lane,Chrisstad,CA,45473,001-644-608-6423x375,"contact@jackson,hamiltonandpenapharmacy.com",Jason Brown,14-4424933,True,,2025-12-10,2028-04-10,True,False,2022-07-15
VEN10316,Wagner Group Healthcare,Pharmacy,885 Tom Track,Port Jeffrey,PA,47695,+1-496-445-7793x49591,contact@wagnergrouphealthcare.com,Robert Garcia,89-3587716,True,Kaiser PAP,2025-01-17,2027-08-09,True,False,2023-05-24
VEN10317,Peterson-Burgess Pharmacy,Lab,47717 Tamara Views,Michaelville,IL,42294,913.760.9857x19254,contact@peterson-burgesspharmacy.com,Jorge Lambert,21-5850268,False,,2025-11-25,2028-03-03,True,False,2022-09-17
VEN10318,Murphy and Sons Healthcare,Transportation,229 Johnson Parks,Franklinland,NY,80269,001-996-409-4158,contact@murphyandsonshealthcare.com,Amber Miller,88-4467464,True,Kaiser PAP,2024-12-22,2028-05-18,True,False,2026-04-22
VEN10319,Herrera-Anderson Medical,Medical Supply,1789 Richardson Village,Shelbytown,TX,88644,295-844-9798x69260,contact@herrera-andersonmedical.com,Jeremy Duarte,29-2830665,False,Kaiser PAP,2026-04-07,2026-12-08,True,False,2023-07-28
VEN10320,Burke-Diaz Medical,DME Supplier,915 Deborah Trafficway,Palmerberg,IL,12189,553.253.0377x18582,contact@burke-diazmedical.com,Amanda Walker,22-8854938,False,Kaiser PAP,2025-01-04,2027-07-26,True,False,2022-11-22
VEN10321,Rodriguez PLC Supplies,DME Supplier,85392 Johnson Island,New Georgeshire,IL,52987,333-435-7669x872,contact@rodriguezplcsupplies.com,Alexander Kelley,74-6297573,False,Kaiser PAP,2025-02-06,2028-04-29,True,False,2025-04-12
VEN10322,Payne-Rios Pharmacy,Home Health,0925 Haley Ramp Suite 903,Lake Brandiland,CA,74436,5203556198,contact@payne-riospharmacy.com,Gene Davidson,25-1100586,True,,2026-03-08,2026-10-29,True,False,2023-09-12
VEN10323,Klein PLC Supplies,DME Supplier,213 Edward Road,East Natasha,PA,33581,542-940-8842,contact@kleinplcsupplies.com,Maria Johnson,73-9818237,True,Kaiser PAP,2021-08-06,2027-09-07,True,False,2023-07-27
VEN10324,Randolph-Armstrong Pharmacy,Medical Supply,921 Deanna Plains,New Craigton,IL,24512,(441)266-0309x7237,contact@randolph-armstrongpharmacy.com,David Brown,27-2243561,True,Kaiser PAP,2022-08-04,2027-02-20,True,False,2023-08-07
VEN10325,"Petersen, Thomas and Smith Pharmacy",Lab,82729 Reyes Throughway Suite 990,Walshchester,CA,62561,855.479.3414,"contact@petersen,thomasandsmithpharmacy.com",Michael Palmer,32-9547119,False,Kaiser PAP,2026-02-15,2027-03-06,True,False,2023-10-17
VEN10326,"Yoder, Walker and James Healthcare",Pharmacy,791 Michael Manor Suite 898,Tinachester,CA,86925,564.733.9555x48529,"contact@yoder,walkerandjameshealthcare.com",Mr. Nicholas Myers MD,62-4861379,True,,2022-04-20,2028-01-12,True,False,2022-02-04
VEN10327,Tran LLC Healthcare,Pharmacy,67584 Caldwell Circle,Lake Craig,MI,92767,711-462-1174x10062,contact@tranllchealthcare.com,William Gomez,61-9285122,False,,2025-12-07,2027-12-16,True,False,2023-08-15
VEN10328,Payne-Cole Supplies,Pharmacy,399 Mark Prairie Suite 332,Lake Donald,OH,99199,(517)770-9802x67059,contact@payne-colesupplies.com,Victoria Roberts,51-5789958,True,Kaiser PAP,2022-06-20,2027-06-23,True,False,2026-06-04
VEN10329,"Chandler, Jensen and Graham Medical",Pharmacy,74169 Miller Estate Suite 944,South Benjamin,FL,5744,811.223.3566x0305,"contact@chandler,jensenandgrahammedical.com",Daniel Powers,16-8034815,True,Kaiser PAP,2023-07-01,2026-10-31,True,False,2025-12-28
VEN10330,"Cortez, Diaz and Reyes Medical",DME Supplier,5431 Jennifer Corners Suite 963,New Devin,PA,78433,+1-767-988-4299x61659,"contact@cortez,diazandreyesmedical.com",Justin Torres,17-3775191,False,,2022-06-26,2028-06-23,True,False,2025-06-11
VEN10331,Guzman and Sons Healthcare,Lab,983 Amber Viaduct,New Jessica,OH,47346,+1-758-918-7091x1562,contact@guzmanandsonshealthcare.com,Christian Taylor,45-2441413,True,,2026-05-21,2027-01-23,True,False,2021-07-08
VEN10332,Garza Inc Supplies,Home Health,252 Gomez Shoal Suite 182,Valeriestad,NY,75265,7803547829,contact@garzaincsupplies.com,Nicole Fields,99-7711581,True,Kaiser PAP,2025-01-02,2027-07-09,True,False,2024-04-18
VEN10333,"Anderson, Long and Hughes Healthcare",Pharmacy,674 Smith Ports Apt. 909,Jamesmouth,FL,83344,(677)765-4673,"contact@anderson,longandhugheshealthcare.com",Jordan Parker,58-8489340,True,Kaiser PAP,2022-07-16,2026-11-12,True,False,2022-11-29
VEN10334,Stone Inc Supplies,Lab,6146 Johnson Stream,East Ashley,GA,53954,001-710-935-4104x6832,contact@stoneincsupplies.com,Robert House,73-2957130,True,Kaiser PAP,2022-05-13,2026-08-26,True,False,2022-05-17
VEN10335,Miller-Middleton Supplies,DME Supplier,1202 Jessica Trail,Erinton,CA,33123,565.825.4506x54196,contact@miller-middletonsupplies.com,Sara Miller,69-1840862,False,,2023-08-26,2027-01-12,True,False,2023-06-04
VEN10336,Parsons PLC Pharmacy,Pharmacy,794 Lisa Dale Apt. 031,North Jacobfurt,OH,7619,205.565.1066,contact@parsonsplcpharmacy.com,Tara Gregory,41-3335811,True,Kaiser PAP,2025-03-07,2027-04-17,True,False,2022-10-07
VEN10337,Perez Group Healthcare,Lab,14201 Benson Port,Port Emma,IL,44368,(965)738-0867x665,contact@perezgrouphealthcare.com,David Rich,56-5684345,True,Kaiser PAP,2021-07-10,2027-07-22,True,False,2022-09-27
VEN10338,Hodge-Martin Healthcare,Pharmacy,174 Shelby Course Suite 362,Lake Juliahaven,FL,34333,001-410-416-1240x0731,contact@hodge-martinhealthcare.com,Harry Anderson,68-3186753,False,Kaiser PAP,2023-10-05,2028-06-03,True,False,2023-03-12
VEN10339,Tucker PLC Medical,Pharmacy,7140 Davis Plaza,Johnsonmouth,IL,72794,001-369-389-8221,contact@tuckerplcmedical.com,John Hutchinson,88-7119059,True,,2024-08-15,2026-07-02,True,False,2025-07-10
VEN10340,"Sexton, Hill and Adkins Supplies",Home Health,1832 Maria Centers,Hendersonfort,NY,56651,+1-668-553-7915x89420,"contact@sexton,hillandadkinssupplies.com",Wyatt Lopez,81-4596746,True,,2023-10-16,2026-07-27,True,False,2021-11-13
VEN10341,"Harrington, Mitchell and Hoover Pharmacy",Pharmacy,3906 Curtis Estates,East Joel,PA,73050,882.606.8139,"contact@harrington,mitchellandhooverpharmacy.com",Melissa Summers,11-1354287,False,,2025-12-03,2027-04-25,True,False,2022-09-18
VEN10342,Hughes Group Healthcare,Transportation,87983 Gillespie Canyon Suite 775,East Elizabethland,OH,57380,001-712-671-5356x30070,contact@hughesgrouphealthcare.com,Monique Anderson,46-7036434,True,,2024-08-06,2028-01-16,True,False,2022-10-18
VEN10343,Martinez Group Healthcare,Home Health,04897 Williams Road,South Henry,PA,82660,714-911-1047,contact@martinezgrouphealthcare.com,Victor Duncan,87-8173576,False,,2024-05-15,2026-08-05,True,False,2023-03-01
VEN10344,"Parrish, Harris and Mercado Supplies",Lab,55572 Johnson Crossing,Lake Katrinahaven,FL,78103,358-524-9826,"contact@parrish,harrisandmercadosupplies.com",Nicole Case,74-7217452,False,,2023-11-03,2027-07-21,True,False,2023-08-04
VEN10345,"Sharp, Walters and Boyer Pharmacy",Medical Supply,628 Morales Isle Apt. 315,North Rodneyport,IL,80425,2736990767,"contact@sharp,waltersandboyerpharmacy.com",Jacob Blanchard,34-1273307,True,Kaiser PAP,2022-03-07,2027-07-13,True,False,2025-02-14
VEN10346,Brown-White Pharmacy,Pharmacy,223 Nelson Rue Suite 180,West David,NC,13404,+1-429-383-0879x927,contact@brown-whitepharmacy.com,Megan Brewer,49-5625971,True,,2025-12-29,2028-06-03,True,False,2026-04-17
VEN10347,Guerra LLC Healthcare,Transportation,97801 Wood Inlet Apt. 234,Alvaradoland,IL,28462,264-848-5570,contact@guerrallchealthcare.com,William Parker,56-9839763,False,,2023-10-06,2028-06-01,True,False,2022-07-01
VEN10348,Mann-Smith Healthcare,Medical Supply,3359 Garner Ramp Apt. 490,New Raystad,GA,86588,+1-992-333-0546x962,contact@mann-smithhealthcare.com,Samantha Garcia,54-8301872,False,,2024-06-08,2028-06-19,True,False,2023-02-18
VEN10349,"Williams, Morris and Leonard Medical",Pharmacy,18158 Jordan Center,Johnborough,NY,12486,(723)644-7779,"contact@williams,morrisandleonardmedical.com",Lisa Johnson,89-1242984,True,Kaiser PAP,2024-04-01,2026-09-18,True,False,2022-02-19
VEN10350,Osborne-Mckay Supplies,Transportation,13382 Matthew Walks,South Danielchester,OH,82064,697.534.0391x352,contact@osborne-mckaysupplies.com,Molly Blair,71-5433286,True,Kaiser PAP,2023-12-18,2026-12-25,True,False,2025-11-10
VEN10351,Mccarthy and Sons Pharmacy,Pharmacy,3448 Ivan Brooks Suite 988,Garciaville,GA,91343,326.322.4659x3638,contact@mccarthyandsonspharmacy.com,Cassie Ball,97-6540109,False,Kaiser PAP,2022-08-11,2028-03-10,True,False,2022-02-02
VEN10352,Meadows Inc Supplies,Pharmacy,444 Elizabeth Green,Rayberg,OH,78996,823-393-5122,contact@meadowsincsupplies.com,Kendra Rios,34-7482477,False,,2023-08-20,2027-01-12,True,False,2025-06-01
VEN10353,"Poole, Hughes and Smith Healthcare",Transportation,701 Michael Avenue,Lake Rachel,NC,77275,577-986-2037,"contact@poole,hughesandsmithhealthcare.com",Michael Webster,28-5923023,True,Kaiser PAP,2026-06-13,2027-11-17,True,False,2025-04-22
VEN10354,Martinez-Young Supplies,DME Supplier,36521 Smith Fields Apt. 956,North Amandastad,MI,49658,451-400-7914,contact@martinez-youngsupplies.com,Jennifer Whitaker,34-7038972,True,Kaiser PAP,2023-06-25,2027-06-17,True,False,2023-04-15
VEN10355,Peters Inc Supplies,Medical Supply,123 Troy Neck,East Kevinland,CA,30064,577-960-4982,contact@petersincsupplies.com,David Austin,20-9538348,False,,2021-12-02,2026-08-12,True,False,2025-12-27
VEN10356,Jackson and Sons Healthcare,Home Health,9612 Luke Cliffs,New Ashleyburgh,GA,22951,9654748765,contact@jacksonandsonshealthcare.com,Steven Scott,24-4376310,False,Kaiser PAP,2025-07-26,2027-05-12,True,False,2025-12-01
VEN10357,Shelton-Snyder Healthcare,Transportation,4785 Brittney Fort,Meganfort,NY,61817,847.441.8758x486,contact@shelton-snyderhealthcare.com,Wendy Riddle,26-6551100,True,Kaiser PAP,2023-12-19,2028-02-22,True,False,2023-12-04
VEN10358,Carter PLC Supplies,Home Health,05802 Conner Manor,Cookton,FL,48197,724.773.6697,contact@carterplcsupplies.com,Kristin Carrillo,12-3805447,True,Kaiser PAP,2022-02-16,2027-02-07,True,False,2024-04-20
VEN10359,"Ortega, Brown and Walters Healthcare",Medical Supply,98401 Smith Divide,Christopherfurt,CA,59155,001-544-807-3172x29542,"contact@ortega,brownandwaltershealthcare.com",Crystal Grant,85-1609951,True,Kaiser PAP,2025-11-14,2028-02-26,True,False,2022-07-11
VEN10360,"Perez, Moss and Mccarthy Pharmacy",DME Supplier,185 George Mountain Apt. 136,Kennedyton,PA,85853,(889)813-0117x4599,"contact@perez,mossandmccarthypharmacy.com",Patricia Dixon,59-6212630,True,,2024-06-11,2027-08-14,True,False,2022-11-10
VEN10361,Morales LLC Pharmacy,Transportation,185 Smith Place,Wadeport,NY,13982,(332)417-5260,contact@moralesllcpharmacy.com,James Harmon,69-3628758,True,Kaiser PAP,2024-08-08,2026-08-30,True,False,2024-06-02
VEN10362,Smith and Sons Medical,Lab,4277 Susan Pass,New Jacquelinefurt,FL,35641,001-225-789-9463x2003,contact@smithandsonsmedical.com,Kenneth Mccarthy,41-1307965,True,Kaiser PAP,2022-08-15,2027-02-09,True,False,2024-11-08
VEN10363,Miller-Smith Supplies,Home Health,7806 Parker Skyway,Lake Johnmouth,NY,3172,+1-424-417-3569x554,contact@miller-smithsupplies.com,Douglas Williams DVM,76-3904805,True,Kaiser PAP,2026-02-06,2026-09-02,True,False,2021-10-10
VEN10364,Gray-Olson Healthcare,DME Supplier,530 Stevenson Place,South Cynthiatown,TX,98024,(774)452-2081,contact@gray-olsonhealthcare.com,Nicole Miller MD,65-8086274,True,Kaiser PAP,2022-02-27,2027-09-27,True,False,2023-03-31
VEN10365,Smith PLC Healthcare,Transportation,57105 Rebecca Junction,Lake Andrewmouth,NY,2525,001-428-398-4986x44483,contact@smithplchealthcare.com,Joseph Allen,60-2895873,True,Kaiser PAP,2022-11-07,2027-03-17,True,False,2025-06-08
VEN10366,Adams-Beck Supplies,DME Supplier,665 Griffin Junction Suite 512,Meyerton,CA,66749,+1-278-842-4523x085,contact@adams-becksupplies.com,Taylor Poole,70-2947630,True,Kaiser PAP,2022-12-10,2027-02-03,True,False,2021-11-18
VEN10367,Olsen-Riley Pharmacy,Medical Supply,418 Brian Lights,Moodyshire,MI,15624,(905)261-8481,contact@olsen-rileypharmacy.com,Lindsay Webster,63-4014669,False,Kaiser PAP,2023-04-30,2026-11-25,True,False,2022-02-06
VEN10368,Mcdowell-Salazar Healthcare,Pharmacy,7947 David Cove Suite 941,South Rayland,OH,2623,629.423.3727x8664,contact@mcdowell-salazarhealthcare.com,Alexis Edwards,76-3664642,True,Kaiser PAP,2024-12-15,2028-03-09,True,False,2023-05-28
VEN10369,Chang Ltd Supplies,Lab,07617 Brianna Shore Apt. 401,South Sharon,CA,26845,001-389-983-2905x938,contact@changltdsupplies.com,Lawrence Davis,82-8261714,False,Kaiser PAP,2026-06-29,2027-06-18,True,False,2026-01-27
VEN10370,Pratt Inc Medical,Lab,690 Kim Bridge,Leahburgh,OH,62390,+1-747-420-4356x9476,contact@prattincmedical.com,Cynthia Hanson,74-3366196,False,Kaiser PAP,2023-09-06,2027-03-22,True,False,2022-08-06
VEN10371,Gibson-Barnett Pharmacy,Lab,605 Christopher Light Apt. 193,New Loriborough,PA,83648,400.388.5995x19641,contact@gibson-barnettpharmacy.com,James Brown,64-1905261,False,Kaiser PAP,2024-03-27,2026-11-01,True,False,2023-12-25
VEN10372,Lang-Valenzuela Pharmacy,Medical Supply,15356 Bradley Dam,Lake Robertview,PA,24079,001-285-821-5267x317,contact@lang-valenzuelapharmacy.com,Courtney Sanchez,24-2417720,True,Kaiser PAP,2024-05-20,2026-12-31,True,False,2025-01-18
VEN10373,Mitchell and Sons Healthcare,Pharmacy,27297 Mark Common,Scottshire,FL,88293,+1-606-213-7185,contact@mitchellandsonshealthcare.com,Lydia Herrera,55-9305333,False,Kaiser PAP,2022-08-12,2027-09-29,True,False,2023-10-20
VEN10374,Gordon-Conway Healthcare,DME Supplier,733 Joshua Valley Apt. 223,North Phillip,NY,18800,482.760.7826,contact@gordon-conwayhealthcare.com,Sarah Morales,47-7387918,False,,2026-05-06,2026-09-01,True,False,2023-05-03
VEN10375,"Robles, Smith and Myers Medical",Home Health,66715 Medina Station Apt. 079,Scottmouth,GA,36538,(802)390-8159,"contact@robles,smithandmyersmedical.com",Gabriel Williams,18-1878669,False,Kaiser PAP,2025-08-14,2027-12-05,True,False,2021-07-24
VEN10376,"Ferguson, Day and Edwards Healthcare",DME Supplier,00152 Hensley Turnpike Suite 758,Kylebury,TX,18502,+1-966-703-2390x1005,"contact@ferguson,dayandedwardshealthcare.com",Mark Donovan,43-5840945,True,Kaiser PAP,2021-07-02,2027-09-28,True,False,2025-10-05
VEN10377,"Brown, Lopez and Le Medical",Pharmacy,68050 Sanders Canyon,South Justin,CA,20492,(706)339-6332x6039,"contact@brown,lopezandlemedical.com",Bobby Allen,80-9787007,True,Kaiser PAP,2024-05-03,2026-11-22,True,False,2022-09-14
VEN10378,"Bailey, Mclean and Wright Supplies",Transportation,45765 Ray Terrace Apt. 088,Lake Meagan,TX,74311,411.976.7744,"contact@bailey,mcleanandwrightsupplies.com",Cody Brown,71-3510967,True,,2022-12-16,2028-04-01,True,False,2023-10-15
VEN10379,Ross-Mccoy Medical,Lab,86389 Hardy Trafficway,Steventon,FL,71080,5499010086,contact@ross-mccoymedical.com,Michael Harding,65-1077889,True,Kaiser PAP,2026-02-23,2027-01-13,True,False,2023-12-05
VEN10380,Graham LLC Supplies,Transportation,882 Patricia Station Apt. 736,Simmonsmouth,NC,19986,6003594805,contact@grahamllcsupplies.com,Cheryl Morrison,77-3167411,True,Kaiser PAP,2022-10-14,2027-12-02,True,False,2022-04-09
VEN10381,"Greer, Everett and Payne Supplies",Home Health,04405 Oneal Canyon Suite 447,Port Kevinchester,GA,71681,001-910-396-6584x70129,"contact@greer,everettandpaynesupplies.com",Roger Young,93-8249775,True,Kaiser PAP,2024-11-03,2026-09-20,True,False,2021-12-05
VEN10382,"Rodriguez, Livingston and Wilcox Medical",Transportation,77185 Olsen Underpass Apt. 219,Garciabury,GA,16450,001-808-554-6200,"contact@rodriguez,livingstonandwilcoxmedical.com",Laura Adkins,93-5727554,True,,2025-01-11,2028-05-28,True,False,2025-10-19
VEN10383,Russell LLC Pharmacy,Lab,65406 Brooke Parkway Suite 900,Port Joseph,CA,27359,853-585-7813x99637,contact@russellllcpharmacy.com,Cody Rodriguez,28-6038232,True,Kaiser PAP,2025-06-12,2027-05-10,True,False,2026-06-05
VEN10384,Lee-Walker Healthcare,Lab,397 Lindsey Valley,North Kathleen,MI,80663,991-202-0823x75692,contact@lee-walkerhealthcare.com,David Martinez,20-5838207,False,Kaiser PAP,2022-01-06,2028-01-11,True,False,2026-01-16
VEN10385,Freeman-Cummings Supplies,Medical Supply,08332 Reed Road,Rodriguezburgh,OH,86571,830-858-0719,contact@freeman-cummingssupplies.com,Julie Li,41-8175374,True,Kaiser PAP,2023-12-24,2028-06-24,True,False,2022-04-30
VEN10386,"Valdez, Reed and Dalton Healthcare",Transportation,849 Philip Junction,Lake Jessicaland,GA,31728,288.374.2929x1202,"contact@valdez,reedanddaltonhealthcare.com",Eric Wood,95-5503297,True,Kaiser PAP,2022-11-18,2028-06-13,True,False,2026-02-21
VEN10387,Nelson-Phillips Pharmacy,Transportation,0937 Frank Well Suite 520,Josephfort,IL,65441,615-625-1479x0832,contact@nelson-phillipspharmacy.com,Brandon White,85-3799117,False,Kaiser PAP,2024-02-22,2027-07-06,True,False,2026-05-22
VEN10388,Richardson Ltd Supplies,Transportation,13221 Lin Spurs Apt. 515,Jamesshire,TX,27713,(206)917-3961x98202,contact@richardsonltdsupplies.com,Elizabeth Crawford,51-9856538,True,Kaiser PAP,2023-08-07,2028-06-29,True,False,2023-08-18
VEN10389,Hamilton Group Healthcare,Lab,06642 Martin Common,Port Erin,IL,76264,565.923.3706,contact@hamiltongrouphealthcare.com,Andrew Baker,93-5513894,True,Kaiser PAP,2024-04-16,2026-11-06,True,False,2025-12-18
VEN10390,"Edwards, Jackson and Johnson Healthcare",Medical Supply,60457 Walton Harbor,New Steventown,FL,2884,+1-789-732-1788x2134,"contact@edwards,jacksonandjohnsonhealthcare.com",Larry Potter,68-9730224,False,Kaiser PAP,2025-08-31,2026-12-21,True,False,2021-10-18
VEN10391,"Price, Davis and Levy Medical",Medical Supply,340 Bailey Flats Apt. 530,Faithton,PA,91753,+1-560-910-0869x163,"contact@price,davisandlevymedical.com",Terry Hernandez,84-4005017,False,,2025-02-18,2027-12-09,True,False,2023-10-12
VEN10392,Hudson Group Pharmacy,Home Health,06550 Wilson Overpass,Bethfort,IL,92969,930-955-2253x4103,contact@hudsongrouppharmacy.com,Joshua Herman,51-4512066,False,,2022-08-21,2027-05-26,True,False,2024-11-10
VEN10393,Kelly PLC Medical,Lab,839 Angela Gardens,New Paulland,GA,13790,+1-472-264-7356x441,contact@kellyplcmedical.com,Mary Olson,14-3801893,False,,2026-03-16,2026-09-14,True,False,2024-03-21
VEN10394,"Soto, Jimenez and Moore Healthcare",Lab,161 Snyder Stream Suite 404,West Christopherview,PA,18295,3252480059,"contact@soto,jimenezandmoorehealthcare.com",Summer Brooks,15-4408751,False,,2022-10-15,2028-06-22,True,False,2022-06-24
VEN10395,Torres-Medina Medical,Home Health,6742 Derek Street Apt. 790,Brockton,PA,36519,9505300406,contact@torres-medinamedical.com,John Long,46-5145019,False,,2021-09-13,2026-12-16,True,False,2022-08-16
VEN10396,"Manning, Ramirez and Smith Pharmacy",Lab,907 James Common,North Terri,TX,64496,7537777926,"contact@manning,ramirezandsmithpharmacy.com",Joe Mcneil,45-6237793,False,,2025-01-14,2027-06-08,True,False,2022-04-10
VEN10397,Bradley Group Healthcare,Transportation,795 Maxwell Shoal Suite 613,Port Christophershire,IL,64449,261.492.2372,contact@bradleygrouphealthcare.com,Tanya Robinson,85-3573527,False,,2026-01-24,2028-02-01,True,False,2022-09-25
VEN10398,Rice LLC Healthcare,Transportation,4723 Johnson Inlet Suite 167,Port Kaitlinfort,FL,23323,001-698-656-8824,contact@ricellchealthcare.com,Kevin Erickson,52-1835551,False,Kaiser PAP,2023-06-04,2027-10-02,True,False,2022-09-18
VEN10399,Schroeder-Baldwin Medical,Transportation,1199 Roberts Greens,Loganland,IL,43009,(835)697-3087,contact@schroeder-baldwinmedical.com,Anthony Bryant,37-4843600,True,,2022-10-10,2027-03-11,True,False,2025-08-17
VEN10400,Rodriguez LLC Supplies,Transportation,65298 Stevenson Field Suite 623,West Ericport,MI,85446,001-664-882-7139x847,contact@rodriguezllcsupplies.com,Todd Sandoval,31-4212693,True,,2024-12-02,2027-12-29,True,False,2024-02-28
VEN10401,Welch-Richardson Supplies,Pharmacy,13025 Adam Corner Apt. 767,Port Stacey,FL,96557,390.508.2765x517,contact@welch-richardsonsupplies.com,Stephanie Mcdonald,61-4210442,False,Kaiser PAP,2023-10-09,2027-12-26,True,False,2025-03-07
VEN10402,"Ward, Long and Henson Medical",Medical Supply,043 Colon Lake Suite 838,East Jeremytown,OH,23906,+1-493-821-0925,"contact@ward,longandhensonmedical.com",Robert Rivera,40-8463257,True,Kaiser PAP,2025-06-15,2028-04-17,True,False,2024-03-05
VEN10403,Coleman Ltd Supplies,Medical Supply,15605 Kevin Forges Suite 290,South Bradleyland,FL,81606,938.755.5963x0347,contact@colemanltdsupplies.com,Rebecca Lopez,49-6955757,True,Kaiser PAP,2022-12-01,2027-02-05,True,False,2025-07-29
VEN10404,Doyle Inc Supplies,Home Health,383 Carolyn Flat,Melissamouth,FL,68967,+1-231-933-3916,contact@doyleincsupplies.com,Rachel Garcia,94-6021530,True,,2022-03-15,2028-02-23,True,False,2023-02-12
VEN10405,Miller-Todd Pharmacy,Lab,8526 Macdonald Trace Apt. 991,New John,OH,45816,001-777-325-8908,contact@miller-toddpharmacy.com,John Mills,95-4117539,True,Kaiser PAP,2021-12-20,2028-04-13,True,False,2023-11-13
VEN10406,Craig PLC Pharmacy,Pharmacy,532 John Prairie Apt. 873,Longburgh,PA,77883,931.284.3020x11191,contact@craigplcpharmacy.com,George Anderson,37-7969247,True,Kaiser PAP,2024-03-24,2027-07-04,True,False,2025-09-08
VEN10407,"Collier, Powell and Mendez Pharmacy",DME Supplier,0156 Baxter Hills,East Kevinview,MI,26000,727-760-4938,"contact@collier,powellandmendezpharmacy.com",Brad Lester,84-9929231,True,Kaiser PAP,2026-01-18,2026-12-31,True,False,2026-02-04
VEN10408,"Snyder, Simpson and Martin Healthcare",Home Health,921 Baldwin Island,Jonesville,GA,38405,347-463-0254x34283,"contact@snyder,simpsonandmartinhealthcare.com",Angela Mccall,16-1706385,True,Kaiser PAP,2022-08-01,2027-12-06,True,False,2021-07-28
VEN10409,Rodriguez PLC Pharmacy,Lab,08667 Nicholas Estate Suite 830,Lake Shawnafort,IL,27771,+1-602-805-5401,contact@rodriguezplcpharmacy.com,Courtney Burns,27-3160131,False,Kaiser PAP,2025-01-31,2027-10-10,True,False,2024-06-20
VEN10410,Curry and Sons Pharmacy,Pharmacy,5023 Carter Ports,New Stevenberg,MI,79479,4818289099,contact@curryandsonspharmacy.com,Jeff Frank,24-4324084,True,Kaiser PAP,2026-04-24,2027-05-23,True,False,2024-06-25
VEN10411,Berry Ltd Healthcare,Home Health,79960 Kathleen Crossing,New Tiffany,TX,19096,(637)914-9694,contact@berryltdhealthcare.com,Gary Stanley,50-9310230,True,Kaiser PAP,2023-04-15,2026-11-20,True,False,2021-09-10
VEN10412,"Rich, Chambers and Meyer Supplies",Medical Supply,8465 Bowen Haven,Port Gregory,NY,64871,8899021230,"contact@rich,chambersandmeyersupplies.com",Sarah Young,78-2627431,False,Kaiser PAP,2022-02-12,2027-05-08,True,False,2021-11-04
VEN10413,"Scott, Baker and Griffin Healthcare",Medical Supply,118 Fletcher Point Apt. 420,West Brianstad,IL,52893,976.488.3840x03685,"contact@scott,bakerandgriffinhealthcare.com",Juan Flores,41-3918027,False,Kaiser PAP,2023-05-08,2027-08-07,True,False,2021-11-23
VEN10414,Lloyd Group Healthcare,Lab,251 Banks Haven,North Paul,NY,94794,861.200.0516,contact@lloydgrouphealthcare.com,David Mcgee,95-6356590,True,Kaiser PAP,2026-03-29,2026-09-18,True,False,2022-03-28
VEN10415,"Martinez, Campbell and Pacheco Healthcare",DME Supplier,211 Veronica Valleys Apt. 082,Port Adrienne,IL,31433,001-664-990-7078,"contact@martinez,campbellandpachecohealthcare.com",Brandon Powers DDS,78-2650283,True,Kaiser PAP,2022-12-21,2028-06-11,True,False,2024-05-08
VEN10416,Buck LLC Healthcare,Home Health,64212 Gallagher Fall Suite 949,North Vanessaville,TX,60892,828-740-9210x758,contact@buckllchealthcare.com,Jessica Riley,33-6724977,False,Kaiser PAP,2026-04-19,2027-07-18,True,False,2021-06-30
VEN10417,Simpson-Duran Supplies,Medical Supply,281 Manuel Green,Johnport,PA,1414,7206602013,contact@simpson-duransupplies.com,Mr. Jerry Hoover MD,99-8848422,True,Kaiser PAP,2023-06-16,2028-01-10,True,False,2023-07-31
VEN10418,Jones-Martinez Healthcare,DME Supplier,0813 Monica Alley Suite 914,West Brandon,PA,43335,884-788-6882x9789,contact@jones-martinezhealthcare.com,Nicole Brooks,16-8390086,False,Kaiser PAP,2022-03-24,2027-06-06,True,False,2024-02-06
VEN10419,Wallace-Poole Pharmacy,Home Health,0194 Foster View Suite 179,Brownview,FL,56206,001-840-397-8322x11444,contact@wallace-poolepharmacy.com,Darrell Dalton,16-6031228,False,,2026-01-06,2027-05-12,True,False,2025-04-18
VEN10420,"Rodriguez, Clark and Jones Supplies",DME Supplier,2446 Doyle Creek Suite 518,East Adam,CA,32279,(374)735-8369,"contact@rodriguez,clarkandjonessupplies.com",Phillip Jacobson,72-5910097,True,,2022-09-26,2026-11-21,True,False,2023-06-19
VEN10421,Wright Ltd Medical,Pharmacy,07471 Courtney Turnpike,Edwardsland,FL,88693,(876)575-4580,contact@wrightltdmedical.com,Becky Smith,61-4486067,True,Kaiser PAP,2024-12-30,2027-08-08,True,False,2025-05-19
VEN10422,Long-Fry Healthcare,Transportation,668 Mathews Highway Apt. 826,Nicholashaven,CA,23391,713.774.8144,contact@long-fryhealthcare.com,Richard Schmidt,66-2172668,True,Kaiser PAP,2025-10-06,2027-01-13,True,False,2022-05-01
VEN10423,Taylor Ltd Supplies,Medical Supply,13846 Gray Mountains Suite 340,New Angelaview,OH,32549,391-984-5232x265,contact@taylorltdsupplies.com,Mr. Darrell Yoder Jr.,59-1574137,False,Kaiser PAP,2024-05-01,2026-07-27,True,False,2025-01-13
VEN10424,Clark LLC Medical,Transportation,22685 Daniel Field Apt. 813,Port Donaldton,OH,92915,(848)561-1381x68432,contact@clarkllcmedical.com,Ryan Lewis,33-7197162,False,Kaiser PAP,2023-03-13,2027-01-28,True,False,2024-03-20
VEN10425,"Keller, Wade and Foster Pharmacy",Transportation,6226 Robert Fort Apt. 279,New Deborah,OH,73507,001-412-297-8942x12035,"contact@keller,wadeandfosterpharmacy.com",John Rodriguez,76-9697983,False,,2024-10-25,2027-04-25,True,False,2021-08-22
VEN10426,Davis Ltd Supplies,DME Supplier,258 Dana Oval,South Robert,GA,42133,5197456506,contact@davisltdsupplies.com,Ms. Madison Gonzalez,87-7626550,True,,2024-09-08,2027-08-12,True,False,2024-02-05
VEN10427,Anderson-Taylor Medical,Home Health,63748 Rodriguez Island,Janetview,IL,80712,+1-238-601-9514x6155,contact@anderson-taylormedical.com,Stacey Martinez,50-8557272,False,Kaiser PAP,2025-11-03,2027-02-27,True,False,2023-07-09
VEN10428,Smith-Bridges Pharmacy,Pharmacy,654 Lambert Grove Apt. 102,Morabury,MI,61938,+1-313-941-7164x4983,contact@smith-bridgespharmacy.com,Kelly Garcia,34-7620911,False,Kaiser PAP,2026-04-11,2026-10-15,True,False,2023-11-21
VEN10429,"Roberts, Collins and Taylor Healthcare",Medical Supply,6158 Mccoy Garden,North Cynthia,PA,88801,+1-271-376-4539x91112,"contact@roberts,collinsandtaylorhealthcare.com",Cheryl Burns,71-5289529,True,Kaiser PAP,2023-01-03,2026-08-06,True,False,2024-10-30
VEN10430,"Moore, Sharp and Jackson Healthcare",DME Supplier,36139 Aguilar Brook Apt. 157,Rachelfurt,PA,74287,(448)497-0095,"contact@moore,sharpandjacksonhealthcare.com",Jesse Riley,75-2403054,True,Kaiser PAP,2025-12-06,2026-08-04,True,False,2025-01-26
VEN10431,Barnett and Sons Pharmacy,Transportation,49522 Gilmore Point Suite 117,Mckinneymouth,OH,72481,772-729-4477x84869,contact@barnettandsonspharmacy.com,Jennifer Welch,95-1241546,False,Kaiser PAP,2021-08-17,2027-07-14,True,False,2024-02-23
VEN10432,"Short, Carter and Williams Medical",DME Supplier,1673 Weber Flat,Michaelville,FL,61075,001-522-721-6166x63300,"contact@short,carterandwilliamsmedical.com",Vanessa Baldwin,59-8589031,True,Kaiser PAP,2024-04-24,2026-07-28,True,False,2024-09-07
VEN10433,"Mora, Barber and Lara Supplies",Medical Supply,910 Murray Roads Apt. 341,East Breannachester,TX,37623,(331)882-2119,"contact@mora,barberandlarasupplies.com",Stacy Higgins,46-3755278,True,Kaiser PAP,2024-02-10,2027-06-09,True,False,2024-02-22
VEN10434,Warren PLC Healthcare,Lab,932 Miller Gardens,North Matthew,PA,17997,001-893-575-7611x73702,contact@warrenplchealthcare.com,Victoria Walton,23-4228537,True,,2022-08-19,2027-03-04,True,False,2023-12-03
VEN10435,"Thompson, Glenn and Young Pharmacy",Lab,38271 Smith Wall,Huffmanshire,GA,17933,+1-780-877-7664x705,"contact@thompson,glennandyoungpharmacy.com",Jason Hernandez,92-6821842,False,Kaiser PAP,2026-01-01,2026-11-10,True,False,2024-12-28
VEN10436,Jones-Rosario Healthcare,Home Health,11462 Neal Cliffs,Walkerfurt,GA,95251,001-940-935-8696x41124,contact@jones-rosariohealthcare.com,Terry Fisher,80-2467285,True,Kaiser PAP,2026-06-30,2027-08-17,True,False,2024-01-06
VEN10437,Green-Sanchez Medical,Lab,6772 Anthony Heights,Brownton,GA,62565,001-937-464-4842x051,contact@green-sanchezmedical.com,Christopher Paul,91-5632492,False,,2023-09-02,2028-06-22,True,False,2026-01-28
VEN10438,"Mitchell, Foster and Porter Supplies",Transportation,29113 Elizabeth Groves Suite 376,Port Jonathan,MI,59602,+1-638-781-5761,"contact@mitchell,fosterandportersupplies.com",Shannon Moore,83-5100850,True,Kaiser PAP,2022-01-27,2028-01-05,True,False,2023-03-31
VEN10439,"Spence, Randall and Olsen Pharmacy",Home Health,592 Brandy Pike Apt. 930,Port Laurieview,FL,97280,(502)433-6882,"contact@spence,randallandolsenpharmacy.com",Thomas Joyce,70-7675839,True,Kaiser PAP,2023-06-24,2028-03-07,True,False,2023-02-02
VEN10440,"Anderson, Green and Roberts Supplies",Medical Supply,29462 Robles Unions Apt. 157,Hunterfort,GA,61967,326.433.0756,"contact@anderson,greenandrobertssupplies.com",Carol Moore,99-2689382,False,Kaiser PAP,2024-06-16,2027-07-21,True,False,2021-12-23
VEN10441,Sims-Brown Supplies,Transportation,09324 Stephanie Road Apt. 432,Meghanport,MI,60648,001-851-582-1091x239,contact@sims-brownsupplies.com,Joseph Jordan,60-2679222,True,,2023-06-08,2027-06-03,True,False,2023-02-14
VEN10442,"Mcintyre, Davis and Russell Pharmacy",Pharmacy,254 William Falls,Karabury,NC,50420,001-899-871-5643,"contact@mcintyre,davisandrussellpharmacy.com",Jennifer George,64-1249562,True,Kaiser PAP,2023-06-14,2028-01-02,True,False,2026-06-23
VEN10443,Herrera-Mills Healthcare,Home Health,87291 Raymond Stream Suite 958,West Russellton,IL,24011,001-359-388-9031x61255,contact@herrera-millshealthcare.com,Nancy Gray,42-6220290,False,,2025-09-01,2028-02-08,True,False,2023-12-29
VEN10444,"Jones, Hernandez and Norris Medical",Home Health,48353 Munoz Parkway,Schneiderstad,OH,2621,+1-586-816-5402x1589,"contact@jones,hernandezandnorrismedical.com",Katherine Li,54-4007394,True,Kaiser PAP,2022-05-12,2027-08-11,True,False,2023-04-24
VEN10445,"Brown, Smith and Dunn Healthcare",Transportation,242 Sarah Divide,Spearsland,PA,1656,628-217-9495x09416,"contact@brown,smithanddunnhealthcare.com",David George DDS,44-3101386,False,Kaiser PAP,2022-05-03,2028-05-28,True,False,2024-07-25
VEN10446,"Rivera, Webb and Price Healthcare",Medical Supply,447 Brian Burg Suite 181,South Pamelaberg,OH,93930,534.576.0649,"contact@rivera,webbandpricehealthcare.com",Kristin Henderson,14-2266646,False,Kaiser PAP,2022-08-26,2028-04-23,True,False,2023-08-15
VEN10447,"Humphrey, Robles and Smith Supplies",Pharmacy,17967 David Springs Apt. 823,Port Sarah,TX,60102,396.624.2026,"contact@humphrey,roblesandsmithsupplies.com",Derrick Acosta,31-7774690,True,Kaiser PAP,2023-05-14,2028-01-14,True,False,2024-03-13
VEN10448,Rios-Zamora Pharmacy,Lab,01997 Patricia Drive,West Betty,IL,36293,8443263314,contact@rios-zamorapharmacy.com,Kenneth Sandoval,69-1585063,True,Kaiser PAP,2024-08-21,2026-09-07,True,False,2023-01-14
VEN10449,Larsen Inc Healthcare,DME Supplier,46303 Olson Isle,Evanmouth,FL,77215,001-442-615-1430x362,contact@larseninchealthcare.com,Robert Drake,61-6510668,False,Kaiser PAP,2023-03-20,2028-04-20,True,False,2024-04-10
VEN10450,Smith PLC Supplies,DME Supplier,52249 Mcdowell Ranch Suite 404,Nashmouth,GA,88334,001-273-392-0350,contact@smithplcsupplies.com,Jill Dickerson,82-3082977,True,Kaiser PAP,2024-06-19,2026-12-26,True,False,2022-11-21
VEN10451,Holmes and Sons Pharmacy,Transportation,7884 Gray Tunnel,Davidhaven,TX,58091,+1-265-552-2575x010,contact@holmesandsonspharmacy.com,Lucas Craig,34-4899657,True,Kaiser PAP,2023-06-14,2027-09-05,True,False,2022-01-27
VEN10452,Jordan-Mosley Pharmacy,Home Health,007 Christensen Cape,Marcusfurt,CA,84899,+1-707-639-8181x300,contact@jordan-mosleypharmacy.com,Mary Hernandez,75-1697494,True,Kaiser PAP,2025-09-21,2027-03-06,True,False,2022-10-19
VEN10453,"Zimmerman, Miranda and Mcgee Medical",Lab,43699 Brown Rest Suite 310,Ryanfurt,FL,50962,692.930.3991,"contact@zimmerman,mirandaandmcgeemedical.com",Kenneth Davidson,87-8971099,False,,2024-02-04,2026-10-22,True,False,2025-04-02
VEN10454,Gallagher Inc Pharmacy,DME Supplier,87623 Torres Streets,New Lukechester,FL,31982,426-451-6954x5285,contact@gallagherincpharmacy.com,Mark Brown,17-1420075,True,,2024-04-04,2027-02-27,True,False,2021-08-17
VEN10455,"Trujillo, Huber and Garcia Supplies",Pharmacy,35358 Adkins Mountain,Moorefurt,PA,63272,8474359356,"contact@trujillo,huberandgarciasupplies.com",John Arellano,82-1522208,True,Kaiser PAP,2024-05-03,2027-09-24,True,False,2024-06-30
VEN10456,Walter LLC Medical,Transportation,67825 Kenneth Cove,Jacobfurt,PA,18476,747-879-3709x63078,contact@walterllcmedical.com,Michelle Tran,65-6623953,False,Kaiser PAP,2026-05-30,2026-11-24,True,False,2024-04-05
VEN10457,"Lee, Cruz and Mccullough Supplies",Medical Supply,7199 Martin View,South Scottfurt,OH,61950,8667619961,"contact@lee,cruzandmcculloughsupplies.com",Melissa Stokes,86-5948964,True,Kaiser PAP,2023-04-23,2027-10-26,True,False,2025-04-23
VEN10458,"Cortez, Robertson and Andrade Supplies",Transportation,171 Charles Mount,Karenbury,CA,96715,001-763-498-3023x309,"contact@cortez,robertsonandandradesupplies.com",Daniel Huber,58-7971582,True,Kaiser PAP,2022-03-27,2027-02-13,True,False,2025-10-03
VEN10459,Gordon LLC Supplies,Medical Supply,51802 Cindy Freeway Suite 862,New Marcus,OH,87392,505-724-0036x66113,contact@gordonllcsupplies.com,Lisa Ruiz,36-2918904,False,,2022-02-03,2026-08-14,True,False,2026-01-03
VEN10460,Christensen Inc Medical,Pharmacy,5852 Kathy Village,East Jasonland,CA,61472,001-850-226-8848,contact@christensenincmedical.com,Kathryn Parker,72-2359949,True,Kaiser PAP,2023-09-21,2027-10-19,True,False,2025-04-07
VEN10461,Smith LLC Pharmacy,Transportation,6499 Galvan Path Suite 023,West Matthewchester,OH,52856,660-813-8768x41825,contact@smithllcpharmacy.com,Kristie Simmons,20-3476391,True,Kaiser PAP,2022-07-19,2026-09-23,True,False,2025-09-18
VEN10462,"Davis, Graham and Carr Supplies",Transportation,588 Mason Forges Suite 274,East Patricia,CA,30733,737-979-9923,"contact@davis,grahamandcarrsupplies.com",Heather Frank,11-8449452,True,Kaiser PAP,2025-10-08,2027-08-28,True,False,2022-05-08
VEN10463,"Spencer, Robbins and Gordon Healthcare",Home Health,11378 Rodney Valleys,South Timothybury,NC,94593,274-569-3801x483,"contact@spencer,robbinsandgordonhealthcare.com",Adrienne Jordan,67-3635846,False,,2022-10-19,2027-10-13,True,False,2023-06-11
VEN10464,Hanson LLC Pharmacy,Transportation,00484 Kaitlin Stravenue Apt. 086,Hallfort,MI,73236,368-639-7511,contact@hansonllcpharmacy.com,Jose Lee,93-9537477,False,,2025-06-26,2028-05-12,True,False,2022-09-07
VEN10465,Rose Group Supplies,Home Health,360 Andrews Village Apt. 116,East David,MI,47866,+1-485-620-7606,contact@rosegroupsupplies.com,Daniel Bailey,56-5436757,True,,2025-12-17,2028-04-05,True,False,2025-07-17
VEN10466,Miller-Taylor Medical,Transportation,44217 Wilson Lane Apt. 928,Lucasmouth,OH,11458,866.540.0438x0243,contact@miller-taylormedical.com,Teresa Jenkins,81-7423937,True,Kaiser PAP,2024-07-26,2027-07-29,True,False,2024-11-08
VEN10467,"Hensley, Wright and Pham Supplies",DME Supplier,89864 Keith Camp,Christopherfort,FL,83206,+1-428-923-4252x7629,"contact@hensley,wrightandphamsupplies.com",Francisco Bartlett,45-6809350,True,Kaiser PAP,2025-05-30,2027-07-07,True,False,2025-11-22
VEN10468,"Landry, Sanders and Jackson Healthcare",DME Supplier,72824 Klein Skyway,Anitaview,NC,39477,(474)700-9893x63894,"contact@landry,sandersandjacksonhealthcare.com",Joshua Gould,92-4611222,False,,2024-07-28,2027-04-22,True,False,2021-07-22
VEN10469,Lawrence and Sons Pharmacy,Medical Supply,470 Garcia Loaf Suite 076,Wallaceton,FL,93197,509.769.5028x393,contact@lawrenceandsonspharmacy.com,Billy Sharp,10-7911761,False,,2026-02-28,2026-07-21,True,False,2023-05-09
VEN10470,Daniel-Cochran Healthcare,Medical Supply,400 Delacruz Squares Apt. 935,Melendezchester,PA,13722,385.913.9659x24186,contact@daniel-cochranhealthcare.com,Matthew Hill,12-5162961,True,,2021-08-20,2027-12-24,True,False,2022-11-30
VEN10471,Bray-Mays Pharmacy,Pharmacy,020 Phillip Fords,South Johnland,OH,39118,459.680.2091,contact@bray-mayspharmacy.com,James Smith,31-8109274,True,Kaiser PAP,2022-09-02,2027-05-17,True,False,2023-12-12
VEN10472,Garner-Quinn Supplies,DME Supplier,191 Jason Freeway Suite 141,New Connie,OH,25057,621.356.7275x794,contact@garner-quinnsupplies.com,Blake Meyer,61-8500597,True,Kaiser PAP,2023-12-28,2027-06-13,True,False,2026-03-20
VEN10473,Boone-Thompson Medical,Transportation,08126 Robert Ville,Raymondmouth,OH,1736,822.665.9990,contact@boone-thompsonmedical.com,Dalton Wells,21-8835279,True,Kaiser PAP,2026-03-25,2027-10-04,True,False,2024-05-08
VEN10474,Torres-Navarro Healthcare,Transportation,0394 Kara Plain,Zacharymouth,MI,4620,735-379-9811x59850,contact@torres-navarrohealthcare.com,Anne Pham,75-3611532,False,,2024-06-14,2027-09-19,True,False,2024-06-20
VEN10475,"Jones, Gibson and Turner Healthcare",Transportation,7273 Daniel Lane Apt. 754,South Dawnport,GA,77257,(702)445-6942x43364,"contact@jones,gibsonandturnerhealthcare.com",Melissa Sawyer,92-7268391,False,Kaiser PAP,2023-11-28,2026-12-01,True,False,2024-04-28
VEN10476,"Mann, Underwood and Dunlap Healthcare",Lab,573 Jane Burg,Elaineshire,MI,58306,(944)586-8073,"contact@mann,underwoodanddunlaphealthcare.com",Tiffany Martinez,15-4134081,True,Kaiser PAP,2023-03-29,2027-11-29,True,False,2024-07-17
VEN10477,Lopez-Barrett Medical,Transportation,661 Jessica Row,West Margaretbury,OH,70030,826-535-7593x3172,contact@lopez-barrettmedical.com,Cristian Torres,67-8231187,False,,2025-08-11,2027-02-15,True,False,2025-01-23
VEN10478,Woodward-Flores Healthcare,Pharmacy,05552 Rios Corners,Wendybury,NC,72693,001-682-248-7125x7047,contact@woodward-floreshealthcare.com,Mary Downs,74-3207403,True,Kaiser PAP,2023-11-24,2027-09-05,True,False,2025-01-18
VEN10479,Weeks-Jones Supplies,Medical Supply,15294 Pamela Burg Apt. 380,Port Philip,TX,92513,+1-948-444-4791x7528,contact@weeks-jonessupplies.com,Raymond Chambers,84-5380412,True,Kaiser PAP,2025-08-08,2027-01-05,True,False,2025-11-20
VEN10480,"Jones, Fox and Curry Medical",Pharmacy,507 Elizabeth Prairie,Dunnside,CA,68452,+1-323-681-8989x618,"contact@jones,foxandcurrymedical.com",Deborah Cruz,26-2148737,False,Kaiser PAP,2022-08-06,2028-01-13,True,False,2026-03-02
VEN10481,Martin LLC Healthcare,DME Supplier,5464 Rosales Vista Apt. 722,Port Meghan,CA,80379,8585366288,contact@martinllchealthcare.com,Nicholas Brooks,46-1886187,True,Kaiser PAP,2025-02-10,2028-05-30,True,False,2026-02-28
VEN10482,"Long, Rojas and Lin Supplies",Transportation,169 Morgan Junctions Suite 499,Tiffanybury,NC,60394,+1-932-468-7183x707,"contact@long,rojasandlinsupplies.com",Jennifer Henry,59-2480641,False,Kaiser PAP,2024-04-13,2028-06-22,True,False,2024-02-06
VEN10483,Sanders-Hudson Supplies,Pharmacy,26117 Diaz Pike,South Christinaburgh,NY,88593,001-607-554-6957,contact@sanders-hudsonsupplies.com,Rachel Joyce,47-8589888,False,Kaiser PAP,2023-02-18,2026-11-19,True,False,2025-02-03
VEN10484,Clay PLC Healthcare,Transportation,996 Lewis Forks,North Abigailborough,CA,36909,231-939-8884x767,contact@clayplchealthcare.com,Jennifer Turner,26-4972448,True,,2022-04-30,2026-08-13,True,False,2026-03-06
VEN10485,"Gregory, Jimenez and Castillo Pharmacy",Lab,6795 Morgan Island,Heidiview,NC,99104,(290)566-4769x9552,"contact@gregory,jimenezandcastillopharmacy.com",Lori Peters,81-8602333,True,Kaiser PAP,2023-07-24,2027-02-04,True,False,2023-06-27
VEN10486,"Vasquez, Carr and Cox Pharmacy",Medical Supply,7198 Tracy Valley Apt. 000,Chadshire,NC,28794,517-885-3378,"contact@vasquez,carrandcoxpharmacy.com",Grace Oliver,87-5667545,False,Kaiser PAP,2025-04-01,2026-10-30,True,False,2026-02-06
VEN10487,"Hernandez, Sanchez and Watson Medical",DME Supplier,81852 Isabel Passage Apt. 343,Taylorshire,IL,97313,307-818-8084x8894,"contact@hernandez,sanchezandwatsonmedical.com",Kelly Jones,16-3952193,True,,2024-10-26,2027-01-31,True,False,2026-01-14
VEN10488,Holloway Ltd Healthcare,Pharmacy,189 Jonathan Forks,Lawsonside,MI,48581,+1-435-620-6879,contact@hollowayltdhealthcare.com,Crystal Kelley,92-7589458,True,Kaiser PAP,2024-05-13,2027-08-05,True,False,2023-05-07
VEN10489,"West, Mills and Reynolds Supplies",Home Health,64931 Steven Extension Apt. 937,Deborahmouth,NC,49896,962-961-9082x566,"contact@west,millsandreynoldssupplies.com",Ryan Hunt,96-9199798,True,Kaiser PAP,2024-01-02,2028-03-13,True,False,2024-01-20
VEN10490,"Reed, Morales and Morgan Medical",Lab,352 Guerrero Union,Robertsonhaven,NC,36528,681-743-1981x72190,"contact@reed,moralesandmorganmedical.com",Margaret Barber,92-5621801,True,Kaiser PAP,2021-07-01,2028-02-29,True,False,2022-10-29
VEN10491,Whitney Group Pharmacy,Lab,17056 Barbara Cliffs,Lake Seth,MI,18900,+1-698-676-0127x6055,contact@whitneygrouppharmacy.com,Terry Baldwin,61-9416447,False,Kaiser PAP,2022-01-25,2026-09-17,True,False,2023-07-16
VEN10492,Rivera-Brown Supplies,Home Health,199 Wright Causeway,Griffinport,OH,14165,(674)572-8008x5808,contact@rivera-brownsupplies.com,Rebecca Rivera,71-9979246,True,,2022-12-09,2027-05-30,True,False,2022-01-20
VEN10493,Miles LLC Healthcare,Transportation,430 Christine Inlet,West Harrystad,PA,10567,(491)917-6005x34845,contact@milesllchealthcare.com,Christina Blackwell,57-6474950,False,Kaiser PAP,2024-01-22,2027-01-16,True,False,2025-11-21
VEN10494,Walker-Young Pharmacy,Lab,45755 Felicia Rest Apt. 783,Clarkberg,PA,24179,001-363-665-7728x1415,contact@walker-youngpharmacy.com,Lucas Miller,31-9712141,False,,2021-10-25,2028-01-21,True,False,2022-06-04
VEN10495,Young Ltd Healthcare,Medical Supply,7682 Medina Viaduct,Daughertymouth,CA,38878,775-698-9562x184,contact@youngltdhealthcare.com,George Black,19-1733086,False,Kaiser PAP,2024-06-03,2027-10-04,True,False,2022-09-08
VEN10496,"Mack, Kirby and Bailey Healthcare",DME Supplier,15090 Olsen Island,Williamsfort,TX,55303,+1-531-648-4562x88542,"contact@mack,kirbyandbaileyhealthcare.com",Kendra Carpenter,35-7753298,False,,2026-03-03,2027-12-11,True,False,2025-06-07
VEN10497,Gomez Group Supplies,Transportation,380 Alan Divide Apt. 918,Ashleeview,NC,76439,001-614-347-5964x5945,contact@gomezgroupsupplies.com,Angela Stokes,86-7219568,False,,2023-03-25,2027-11-14,True,False,2023-04-18
VEN10498,Burch and Sons Medical,Pharmacy,6126 English Rest,Lake Lindsay,NY,23849,+1-367-640-4348x275,contact@burchandsonsmedical.com,Natalie Bailey,74-4718813,False,Kaiser PAP,2026-01-11,2027-07-19,True,False,2022-12-08
VEN10499,"Johnston, Carroll and Bell Medical",Transportation,79653 Melinda Plain,Joneschester,OH,43128,925-876-9563x868,"contact@johnston,carrollandbellmedical.com",Jennifer Cooper,47-7355766,True,Kaiser PAP,2021-08-08,2027-08-16,True,False,2025-04-16
VEN10500,Mendoza Group Supplies,Home Health,59303 Krause Grove,Michelletown,MI,15521,+1-337-390-3190x5897,contact@mendozagroupsupplies.com,Robert Rodriguez,78-7669915,False,Kaiser PAP,2026-04-28,2028-06-01,True,False,2023-08-02
VEN10501,Smith Ltd Pharmacy,Transportation,403 Thomas Fall,South Derrick,NY,50524,744-499-9510x011,contact@smithltdpharmacy.com,Katelyn Beard,73-7724550,False,Kaiser PAP,2025-09-27,2027-11-15,True,False,2024-02-10
VEN10502,Wood-Andrews Medical,Medical Supply,951 Erin Coves,East Megan,OH,68251,9997236401,contact@wood-andrewsmedical.com,John Carroll,52-8989315,True,Kaiser PAP,2022-03-17,2027-03-14,True,False,2021-10-18
VEN10503,"Alexander, Carlson and Bell Healthcare",Home Health,94720 Webster Station Suite 321,Andreburgh,TX,25185,+1-726-962-0180x48420,"contact@alexander,carlsonandbellhealthcare.com",Robert Frye,95-5798757,False,,2021-07-06,2027-04-29,True,False,2024-03-16
VEN10504,Ward-Gonzalez Medical,Lab,31799 Julia Pines Suite 704,New Brianfurt,GA,89978,305.777.6285x640,contact@ward-gonzalezmedical.com,Debra Smith,14-8245474,False,,2026-05-31,2028-02-28,True,False,2024-07-14
VEN10505,Green-Lamb Healthcare,Lab,1892 Suarez Alley,Port Victoriaton,CA,88585,(302)757-7555,contact@green-lambhealthcare.com,Justin Watson,30-2378248,True,Kaiser PAP,2023-10-06,2026-07-20,True,False,2022-04-16
VEN10506,Wise-Sellers Healthcare,Lab,5766 Thomas Springs,East Robert,NC,54822,+1-927-346-3602,contact@wise-sellershealthcare.com,Shawn Flynn,92-9957273,True,Kaiser PAP,2025-04-19,2026-12-04,True,False,2026-03-09
VEN10507,Stuart LLC Pharmacy,Pharmacy,87206 Mackenzie Corners,South Sandy,NC,28339,232-618-4135,contact@stuartllcpharmacy.com,Dustin Crawford,56-9443362,False,,2022-12-20,2028-04-28,True,False,2024-05-28
VEN10508,Phillips-Powell Medical,DME Supplier,4685 Smith Drive Apt. 262,Davidbury,NC,43695,001-811-210-1477x6796,contact@phillips-powellmedical.com,Brian Travis,34-4231037,False,Kaiser PAP,2026-04-10,2028-06-16,True,False,2026-04-15
VEN10509,Bradley Group Supplies,Medical Supply,58458 Maxwell Circle,New Nicholas,CA,78881,311-537-7930x455,contact@bradleygroupsupplies.com,Henry Nielsen,47-6740798,True,,2022-01-16,2028-05-23,True,False,2022-07-12
VEN10510,Peters-White Healthcare,Home Health,7760 Sydney Viaduct Apt. 087,Brownborough,IL,73793,767-400-9038x577,contact@peters-whitehealthcare.com,Tyler Byrd,65-2666836,True,Kaiser PAP,2026-04-04,2027-01-18,True,False,2022-06-14
VEN10511,Williams PLC Medical,Pharmacy,15475 Allen Mountains,East Deborah,GA,46705,(200)863-0674x818,contact@williamsplcmedical.com,Steven Martinez,23-6828696,True,Kaiser PAP,2025-07-01,2027-12-09,True,False,2024-04-23
VEN10512,Stephens-Gamble Supplies,Pharmacy,781 David Roads Apt. 288,Evansfort,CA,32843,(574)991-9354,contact@stephens-gamblesupplies.com,Lisa Blankenship,66-1756643,True,Kaiser PAP,2025-03-24,2026-07-22,True,False,2025-11-28
VEN10513,Fox-Strickland Supplies,Home Health,73975 Derrick Hill,New Lisaview,CA,92273,673.665.3553x65537,contact@fox-stricklandsupplies.com,Morgan Jones,33-9407278,True,Kaiser PAP,2025-11-11,2027-10-09,True,False,2024-10-27
VEN10514,Frost Group Medical,Medical Supply,16302 Larson Key Suite 173,Michaelton,TX,67089,001-709-277-2088x20782,contact@frostgroupmedical.com,Jorge Forbes,93-7628622,True,,2023-08-26,2027-03-23,True,False,2022-10-13
VEN10515,"Rogers, Juarez and Keith Supplies",Lab,16521 Rebecca View Suite 840,Sarahshire,NC,54395,452.946.8419x752,"contact@rogers,juarezandkeithsupplies.com",Rebecca Brooks,98-9136760,False,Kaiser PAP,2022-05-29,2028-03-01,True,False,2025-03-18
VEN10516,Bridges Inc Supplies,Home Health,901 Tony Groves,Lake Jay,OH,77824,2255132968,contact@bridgesincsupplies.com,Ashley Thornton,42-3936322,True,Kaiser PAP,2023-08-28,2027-05-30,True,False,2024-09-14
VEN10517,"Rose, Moore and Lewis Healthcare",DME Supplier,53117 Huynh Field Apt. 906,North Kimberlyfort,NC,72204,288-353-1127x8753,"contact@rose,mooreandlewishealthcare.com",Mr. Trevor Sanders,66-2202982,True,,2025-11-16,2027-08-29,True,False,2023-01-05
VEN10518,Wright Ltd Supplies,Transportation,652 Nancy Terrace Apt. 793,Janetshire,IL,99581,7618367412,contact@wrightltdsupplies.com,Phillip Spencer,76-5654462,True,Kaiser PAP,2024-02-08,2028-01-25,True,False,2025-07-22
VEN10519,Jones and Sons Healthcare,Transportation,014 Austin Fords,Jamesmouth,OH,67169,846-885-4367x90375,contact@jonesandsonshealthcare.com,Jonathan Sanders Jr.,65-7041907,True,Kaiser PAP,2024-09-26,2027-04-04,True,False,2025-07-03
VEN10520,"Rodriguez, Sims and Rivera Pharmacy",Home Health,25763 Paul Rue Suite 034,Perryfurt,NY,16720,493.331.0301,"contact@rodriguez,simsandriverapharmacy.com",Andrew Watkins,46-7109259,True,Kaiser PAP,2025-12-18,2028-01-07,True,False,2022-09-16
VEN10521,"Goodman, Smith and Williams Medical",Transportation,38996 Harrell Mountains,Ruthport,NY,85880,(944)945-8239x899,"contact@goodman,smithandwilliamsmedical.com",Dominique Moran,67-5830144,False,Kaiser PAP,2026-05-08,2027-07-06,True,False,2023-05-22
VEN10522,"Nguyen, Owens and Walton Healthcare",Medical Supply,960 David Pines,North Victoria,IL,40331,(732)712-0329x032,"contact@nguyen,owensandwaltonhealthcare.com",Joseph Brown,83-4003762,True,,2022-08-31,2027-09-28,True,False,2022-12-04
VEN10523,Arias LLC Medical,Home Health,8231 Austin Extension,Milesborough,TX,20527,485-608-1420,contact@ariasllcmedical.com,Margaret Adkins,38-2959839,True,,2022-12-30,2027-09-19,True,False,2025-04-19
VEN10524,Tyler-Johnston Pharmacy,Medical Supply,76558 James Mission Apt. 325,Noahside,GA,82859,(654)773-1047x3183,contact@tyler-johnstonpharmacy.com,Ronald Brooks,68-5252317,True,Kaiser PAP,2025-10-26,2027-03-17,True,False,2025-10-23
VEN10525,"Smith, Pratt and Rowland Pharmacy",DME Supplier,6269 Fisher Land,Mariehaven,OH,11154,6447558190,"contact@smith,prattandrowlandpharmacy.com",Jennifer Williams,67-8700118,False,Kaiser PAP,2022-10-05,2027-08-23,True,False,2024-05-01
VEN10526,Brown-Rice Supplies,Pharmacy,260 Mills Mission,Harringtonside,NY,71261,(554)764-8066x8005,contact@brown-ricesupplies.com,Andrea Shields,87-9904189,False,Kaiser PAP,2024-11-14,2027-03-01,True,False,2022-06-18
VEN10527,"Wright, Stewart and Dillon Medical",Lab,90204 Michael Island Suite 278,North Nicole,TX,79320,001-617-726-6523x6655,"contact@wright,stewartanddillonmedical.com",David Marshall,12-6060789,False,Kaiser PAP,2026-01-31,2027-11-18,True,False,2024-04-04
VEN10528,Munoz and Sons Healthcare,Transportation,51916 Jordan Street Suite 907,Laurafort,CA,95662,463-822-7286x57443,contact@munozandsonshealthcare.com,Sherri Rhodes,53-2817160,False,,2024-04-16,2027-09-09,True,False,2022-06-01
VEN10529,"Daniel, Brown and Crosby Healthcare",Pharmacy,42568 Bryan Squares Suite 848,West Ryan,NC,64871,316-688-0970,"contact@daniel,brownandcrosbyhealthcare.com",Marissa Thomas,60-4635960,True,Kaiser PAP,2022-11-25,2027-06-20,True,False,2024-11-29
VEN10530,Bailey-Johnson Medical,Transportation,0435 Lopez Creek Suite 884,Port Thomas,NC,76876,8977030386,contact@bailey-johnsonmedical.com,Andrea Stokes,79-1319724,False,,2022-09-07,2028-03-16,True,False,2024-06-02
VEN10531,Cortez-Castro Supplies,Home Health,9190 Hartman Creek Suite 051,Meghanfort,NY,67458,505.436.1569x384,contact@cortez-castrosupplies.com,Kristin Gonzalez,31-5590744,False,,2022-07-18,2026-10-30,True,False,2023-04-05
VEN10532,"Lewis, Andrade and Murray Healthcare",Pharmacy,128 Harris Parkway Suite 936,Fostertown,OH,99473,+1-557-916-6208x071,"contact@lewis,andradeandmurrayhealthcare.com",Martin Brewer,12-3367706,True,Kaiser PAP,2023-05-14,2028-06-02,True,False,2022-12-18
VEN10533,"Mann, Williams and Mcdonald Medical",Lab,39635 Murphy Parkways,Melaniefurt,IL,13795,412-590-2601x14781,"contact@mann,williamsandmcdonaldmedical.com",Aimee Wilkins,14-1633293,False,Kaiser PAP,2023-11-25,2028-02-03,True,False,2023-05-08
VEN10534,"Rivera, Adams and Williams Pharmacy",Transportation,49172 Bartlett Turnpike,Lake Crystalside,NY,90148,676-974-1647x815,"contact@rivera,adamsandwilliamspharmacy.com",Ronald Horton,16-3194480,True,Kaiser PAP,2023-02-17,2027-02-13,True,False,2025-09-02
VEN10535,Lewis Inc Supplies,Lab,3658 Jesse Fields Suite 287,Robertoside,TX,61270,8923745817,contact@lewisincsupplies.com,Lori Davis,68-4260113,True,Kaiser PAP,2024-05-06,2027-07-08,True,False,2021-12-21
VEN10536,Hunter-Hart Pharmacy,Medical Supply,32949 Johnson Rapids Suite 156,Blankenshipport,PA,32999,332.201.6926,contact@hunter-hartpharmacy.com,Jacob Butler,53-6498979,True,Kaiser PAP,2021-07-08,2027-12-13,True,False,2023-03-26
VEN10537,"Payne, Smith and Summers Healthcare",Transportation,4212 Gutierrez Summit Apt. 982,Natalieville,IL,86627,584-743-1168,"contact@payne,smithandsummershealthcare.com",John Morgan,15-1759621,False,,2024-03-13,2028-03-05,True,False,2023-04-17
VEN10538,Jones Inc Medical,Medical Supply,4605 Gardner Station,East Robertburgh,TX,52676,(540)299-5506,contact@jonesincmedical.com,Chad Goodman,17-1192128,True,Kaiser PAP,2023-08-14,2028-06-25,True,False,2024-07-23
VEN10539,Lang and Sons Pharmacy,DME Supplier,863 Tina Underpass Apt. 245,New Kathleenburgh,NC,17667,001-839-853-9407x018,contact@langandsonspharmacy.com,Stacey Hughes,27-3816444,True,Kaiser PAP,2024-03-07,2027-11-08,True,False,2025-01-26
VEN10540,"Chen, Scott and Ayala Pharmacy",Medical Supply,329 Moore Drive,Johnland,GA,26906,466.715.9952,"contact@chen,scottandayalapharmacy.com",Thomas Mcclure,62-3629848,True,,2025-08-24,2026-12-27,True,False,2023-09-07
VEN10541,"Martinez, Davis and Parker Medical",Pharmacy,863 Richardson Highway Apt. 445,South Josephland,PA,31188,499-469-8718,"contact@martinez,davisandparkermedical.com",Rhonda Mueller,54-8950944,False,,2025-03-10,2028-05-19,True,False,2024-03-16
VEN10542,Thompson-Oneill Medical,Home Health,1984 Adam Cliffs,New Sherriberg,NC,94229,001-255-276-1356x36546,contact@thompson-oneillmedical.com,Danielle Hardin,89-8856973,False,,2022-01-07,2027-09-02,True,False,2026-03-02
VEN10543,Morales Inc Healthcare,Home Health,2284 Jenkins Squares Suite 549,Lake Manueltown,NC,78734,337.782.9527x6540,contact@moralesinchealthcare.com,Andrew Prince,98-6110052,False,Kaiser PAP,2024-03-22,2027-07-01,True,False,2022-09-29
VEN10544,Morales Inc Healthcare,Home Health,9552 Shelia Springs Suite 092,Seanville,MI,96106,979.210.7653,contact@moralesinchealthcare.com,Carlos Flynn,23-2005000,True,Kaiser PAP,2024-03-20,2027-02-27,True,False,2026-01-16
VEN10545,Williamson Group Pharmacy,DME Supplier,6193 Emily Divide,Nealview,FL,54502,393.694.7654x243,contact@williamsongrouppharmacy.com,Alexis Gray,31-1516243,True,Kaiser PAP,2024-10-31,2027-09-08,True,False,2023-01-15
VEN10546,Cooke-Trujillo Pharmacy,Home Health,57469 Cain Squares Suite 177,North Paigeview,PA,97789,271.821.5823,contact@cooke-trujillopharmacy.com,Crystal Martinez,93-9160647,True,Kaiser PAP,2021-11-27,2026-11-11,True,False,2024-05-02
VEN10547,Ryan-Jacobson Supplies,Transportation,8819 Courtney Grove,Port Victoria,NY,82108,+1-962-984-7628x5330,contact@ryan-jacobsonsupplies.com,Nancy Mccoy,59-2267347,True,Kaiser PAP,2025-11-17,2026-08-12,True,False,2024-04-23
VEN10548,Gray LLC Pharmacy,Transportation,95816 Gina Harbor Apt. 257,Lake Barbaraberg,FL,16819,001-224-479-7580x37087,contact@grayllcpharmacy.com,Laura Lopez,41-4427427,True,Kaiser PAP,2026-06-21,2028-02-24,True,False,2022-03-20
VEN10549,Bradley Ltd Pharmacy,Home Health,069 Tracy Lane Apt. 882,Fernandezchester,FL,11357,494-597-6840,contact@bradleyltdpharmacy.com,Mr. Gregory Webster PhD,93-1434557,True,,2023-06-18,2028-02-08,True,False,2023-03-20
VEN10550,Johnson-Tyler Supplies,Medical Supply,3045 Wanda Heights Apt. 864,Galvanfort,GA,78253,(582)578-8288x01345,contact@johnson-tylersupplies.com,Stanley Miller,81-3485109,False,Kaiser PAP,2024-08-05,2028-01-07,True,False,2024-09-17
VEN10551,Campos-Ryan Pharmacy,Home Health,7380 Charles Hollow,North Jennifer,OH,97202,(224)555-3432,contact@campos-ryanpharmacy.com,Natasha Allen,52-3472600,False,Kaiser PAP,2022-10-08,2027-09-11,True,False,2023-11-22
VEN10552,Harris Group Healthcare,Transportation,216 Alexander Roads,Pierceshire,OH,49765,945.963.1111x89566,contact@harrisgrouphealthcare.com,Deanna Maxwell,66-8971740,True,,2022-06-20,2027-05-28,True,False,2026-03-26
VEN10553,"Murphy, Bautista and Cobb Healthcare",Lab,28174 Danny Unions Apt. 814,Heathermouth,OH,16166,001-873-640-9948x656,"contact@murphy,bautistaandcobbhealthcare.com",Martha Davis,43-3368201,False,Kaiser PAP,2023-07-27,2027-03-01,True,False,2026-01-28
VEN10554,Weaver-Brooks Medical,Medical Supply,89537 Phillip Park Apt. 016,Port Deanburgh,FL,8597,648.820.6926x85524,contact@weaver-brooksmedical.com,Kelly Young,54-7785377,True,Kaiser PAP,2024-08-08,2027-04-24,True,False,2022-10-04
VEN10555,Adams PLC Supplies,Medical Supply,604 Rebecca Meadow Apt. 273,Torreschester,GA,34120,955.477.6306,contact@adamsplcsupplies.com,James Jones,88-2906270,False,Kaiser PAP,2024-09-20,2028-01-20,True,False,2023-06-13
VEN10556,"Dickerson, Price and Johnson Pharmacy",Pharmacy,319 Buck Garden Suite 257,Lake Rachelfort,MI,26262,001-491-534-7564x4491,"contact@dickerson,priceandjohnsonpharmacy.com",Paula Boyer,57-1749867,False,Kaiser PAP,2022-06-10,2027-01-28,True,False,2022-01-01
VEN10557,Hall-Lucas Pharmacy,Transportation,630 Nicholas Turnpike Apt. 882,Elizabethhaven,CA,96480,911-320-6691x44757,contact@hall-lucaspharmacy.com,Jody Hood,67-7743449,True,Kaiser PAP,2026-04-23,2027-01-29,True,False,2022-06-13
VEN10558,Allen-Potts Healthcare,Lab,89512 Brian Wells,South Aaronport,GA,64906,246-787-2321x35085,contact@allen-pottshealthcare.com,Barry Flowers,20-2350461,True,Kaiser PAP,2022-01-26,2026-07-18,True,False,2021-08-26
VEN10559,"Pearson, Stewart and Martinez Supplies",Home Health,50508 Long Vista Apt. 573,Jameshaven,GA,80052,674-733-8621,"contact@pearson,stewartandmartinezsupplies.com",Wendy Miller,80-7059133,True,,2024-11-25,2026-12-29,True,False,2024-05-18
VEN10560,Reeves-Heath Pharmacy,DME Supplier,83116 Caldwell Vista,Danashire,TX,35295,870.600.4740x647,contact@reeves-heathpharmacy.com,Brandon Willis,81-9090353,False,Kaiser PAP,2021-09-09,2028-03-05,True,False,2023-11-25
VEN10561,Meyer and Sons Medical,Lab,443 Mccarthy Course,East Ericview,NC,69135,+1-838-389-9483,contact@meyerandsonsmedical.com,Wayne Holder,78-9434054,True,Kaiser PAP,2025-10-13,2026-08-16,True,False,2025-08-16
VEN10562,"Sweeney, Murphy and Chavez Supplies",DME Supplier,8171 Samantha Motorway Suite 263,New Isabelport,CA,70986,001-361-639-8149,"contact@sweeney,murphyandchavezsupplies.com",Crystal Flowers,39-9011035,False,,2022-08-16,2027-02-15,True,False,2024-12-16
VEN10563,"Cortez, Ramos and Dalton Medical",DME Supplier,0616 Johnson Extensions,Glentown,IL,33527,355.398.5167,"contact@cortez,ramosanddaltonmedical.com",Francisco Hughes,62-5543482,True,,2023-02-28,2026-07-03,True,False,2025-10-04
VEN10564,Park PLC Medical,Lab,20991 Campbell Circle,East Joshuaside,IL,43265,(571)676-1846,contact@parkplcmedical.com,Tyler Adams DDS,18-4379202,False,,2022-11-18,2026-10-06,True,False,2025-10-28
VEN10565,Farmer and Sons Medical,DME Supplier,870 Andrew Streets,Padillaberg,MI,94447,557.904.6335x3162,contact@farmerandsonsmedical.com,Daniel Stanton,99-1784185,True,Kaiser PAP,2024-05-29,2026-08-06,True,False,2022-02-03
VEN10566,"Robinson, Ross and Frost Supplies",DME Supplier,685 Devon Drive,Sandratown,PA,22467,+1-595-998-1562x832,"contact@robinson,rossandfrostsupplies.com",Kelly Miller,23-4358506,True,Kaiser PAP,2024-09-03,2028-02-14,True,False,2024-12-11
VEN10567,Perkins Inc Supplies,DME Supplier,2379 Harris Glens,Jesusfort,FL,43564,878.597.0694,contact@perkinsincsupplies.com,Nicholas Martinez,65-2177245,True,Kaiser PAP,2025-01-27,2027-05-11,True,False,2023-03-03
VEN10568,"Hall, Rodriguez and Sandoval Healthcare",DME Supplier,0531 Diaz Crest Suite 228,Lake Karen,PA,40239,289.995.4242,"contact@hall,rodriguezandsandovalhealthcare.com",Tommy Poole,43-3207205,True,,2025-11-08,2027-03-11,True,False,2025-12-08
VEN10569,Herring LLC Pharmacy,Pharmacy,795 Mcdaniel Drives,Blanchardmouth,PA,57700,001-256-223-1555x50530,contact@herringllcpharmacy.com,Sabrina Russo,50-7822434,True,,2022-04-27,2027-04-12,True,False,2025-04-09
VEN10570,Bray-Richardson Pharmacy,Home Health,82145 Mosley Stream,North Ralph,PA,45461,726.471.6623x2799,contact@bray-richardsonpharmacy.com,Krista Spence,37-2421920,False,,2025-04-16,2026-12-02,True,False,2022-03-29
VEN10571,"Jordan, Guerra and Haley Healthcare",Pharmacy,12643 Lisa Locks Suite 440,Elizabethfurt,NY,95600,(937)513-4117x512,"contact@jordan,guerraandhaleyhealthcare.com",Gregory Smith,29-5306816,False,,2024-03-29,2027-07-15,True,False,2021-08-29
VEN10572,Hughes and Sons Medical,Lab,39844 April Ports Suite 745,Harveyborough,TX,48991,629.991.1977x10245,contact@hughesandsonsmedical.com,Daniel Dyer,35-7416395,False,,2021-11-06,2028-05-22,True,False,2025-09-30
VEN10573,Nelson-Young Medical,Home Health,235 Amanda Garden,North Megan,FL,8089,(628)673-2737x716,contact@nelson-youngmedical.com,Daniel Owen,79-6615188,True,Kaiser PAP,2023-02-06,2027-04-18,True,False,2025-08-15
VEN10574,"Martinez, Ortiz and Jackson Healthcare",Lab,757 Meyer Viaduct,West Brettburgh,OH,72614,290.795.8040x9969,"contact@martinez,ortizandjacksonhealthcare.com",James Oliver,64-3557903,False,,2024-09-11,2027-04-30,True,False,2021-11-10
VEN10575,Jones Group Supplies,Pharmacy,122 Tammy Cove,Leetown,FL,74412,427.395.4021x845,contact@jonesgroupsupplies.com,Troy Harris,19-7301558,True,Kaiser PAP,2024-10-10,2027-03-18,True,False,2023-03-27
VEN10576,Stevens LLC Healthcare,DME Supplier,015 Dennis Haven,Jamesside,PA,83811,(970)249-1381x070,contact@stevensllchealthcare.com,Raymond Wheeler,29-5448265,True,Kaiser PAP,2023-10-07,2026-08-01,True,False,2024-01-05
VEN10577,Bennett-Castillo Supplies,Lab,4300 Merritt Isle Apt. 432,Robertfurt,IL,3295,001-380-761-8932,contact@bennett-castillosupplies.com,Steven Conner,95-9337318,True,Kaiser PAP,2022-03-14,2027-11-10,True,False,2023-10-02
VEN10578,Ford and Sons Pharmacy,Transportation,817 Morgan Mountain,West Jennifer,OH,71752,(436)559-6127,contact@fordandsonspharmacy.com,Betty Dean,92-7252612,True,Kaiser PAP,2021-10-23,2027-06-23,True,False,2022-12-15
VEN10579,Collier-Reyes Supplies,DME Supplier,02988 Robert Loaf Suite 218,East Kellymouth,PA,3892,405-329-6513x03892,contact@collier-reyessupplies.com,Holly Archer PhD,89-8849270,True,Kaiser PAP,2022-06-09,2026-10-13,True,False,2021-08-03
VEN10580,Howell-Fletcher Pharmacy,Transportation,364 Baker Parkway,Bennettton,GA,26983,+1-654-871-5046,contact@howell-fletcherpharmacy.com,John Farmer,84-6210558,False,Kaiser PAP,2025-10-08,2026-07-17,True,False,2022-09-02
VEN10581,Murphy-Robinson Supplies,DME Supplier,039 Schmidt Parkway,Tonyaport,NY,62297,(227)991-2820x197,contact@murphy-robinsonsupplies.com,Daniel Horton,44-4139394,True,,2025-08-29,2026-07-16,True,False,2024-08-30
VEN10582,Carter Ltd Medical,Home Health,0161 Jones Center,Lewisbury,CA,72407,429.923.6147x95130,contact@carterltdmedical.com,Bobby Garcia,27-4178243,True,,2023-04-30,2028-06-17,True,False,2022-08-25
VEN10583,"Hayes, Hamilton and Conrad Pharmacy",Medical Supply,55791 Jose Brook Suite 836,South Julie,NC,26558,767-632-1746x151,"contact@hayes,hamiltonandconradpharmacy.com",Jason Mason,95-7965119,False,,2024-05-28,2028-05-05,True,False,2021-08-22
VEN10584,Salinas-Walker Supplies,Home Health,288 Larry Island,New Michael,PA,16453,574-513-3504,contact@salinas-walkersupplies.com,Corey Brown,29-4284052,False,Kaiser PAP,2024-08-29,2028-04-13,True,False,2023-12-09
VEN10585,Delgado PLC Healthcare,Medical Supply,449 Carroll Meadow Suite 898,Mcgrathborough,TX,88004,399.931.8554x51236,contact@delgadoplchealthcare.com,Shelby Mitchell,46-1615181,True,Kaiser PAP,2026-04-13,2028-01-18,True,False,2022-10-12
VEN10586,Adams-Murray Supplies,DME Supplier,660 Robinson Meadow Suite 320,Gonzaleztown,OH,12928,333-785-2907,contact@adams-murraysupplies.com,Michael Skinner,70-7973959,True,,2025-05-25,2026-08-19,True,False,2025-04-02
VEN10587,"Hobbs, Lynch and Spencer Medical",Home Health,07472 West Gateway,New Ianview,TX,34745,(937)366-4404,"contact@hobbs,lynchandspencermedical.com",Jessica Hill,52-5694576,True,,2025-05-07,2026-12-13,True,False,2023-07-20
VEN10588,Hawkins Inc Healthcare,Pharmacy,4651 Black Manors,Katelynstad,GA,7402,001-852-773-4790x407,contact@hawkinsinchealthcare.com,Vanessa Mejia,66-3018013,False,,2024-06-04,2028-01-17,True,False,2025-11-14
VEN10589,"Parrish, Black and Burnett Supplies",Lab,71430 Meyer Stream Suite 639,Baileyfurt,NY,77308,333.672.2622,"contact@parrish,blackandburnettsupplies.com",Robert Vang,99-9214077,False,,2023-03-20,2028-03-09,True,False,2023-11-17
VEN10590,Boyd-Cooper Supplies,Medical Supply,087 Gardner Lake Apt. 581,South James,PA,90079,230.419.6638x1213,contact@boyd-coopersupplies.com,Savannah Richard,38-8192878,True,Kaiser PAP,2024-11-03,2026-08-07,True,False,2025-05-02
VEN10591,Gibson-Nicholson Medical,Lab,0861 Gonzalez Street,Kristophermouth,PA,46307,851-547-6838,contact@gibson-nicholsonmedical.com,Melissa Bowman,63-7793969,True,Kaiser PAP,2023-09-30,2026-08-01,True,False,2023-10-02
VEN10592,"Mclean, Wilkins and Farmer Medical",Medical Supply,24612 Kimberly Parks Apt. 797,Friedmanmouth,CA,92136,934.952.7407x44225,"contact@mclean,wilkinsandfarmermedical.com",James Faulkner,77-3758634,True,Kaiser PAP,2021-11-06,2027-02-20,True,False,2026-01-14
VEN10593,Yates-Lewis Pharmacy,Lab,720 Rebecca Rue,South Daniellestad,TX,59108,414-270-8803,contact@yates-lewispharmacy.com,Kyle Griffin,52-8542308,True,,2022-07-28,2026-09-23,True,False,2024-02-05
VEN10594,White and Sons Healthcare,DME Supplier,2307 Hays Pike,North Elizabeth,MI,27922,605.275.8961x5405,contact@whiteandsonshealthcare.com,Jose Kramer,91-2126849,True,Kaiser PAP,2025-09-25,2027-01-25,True,False,2026-06-05
VEN10595,"Lee, Howell and Thomas Medical",Pharmacy,63221 Julie Cape,Laramouth,CA,44562,+1-759-648-9347,"contact@lee,howellandthomasmedical.com",Marie Marquez,24-9954076,False,,2022-07-24,2026-10-24,True,False,2022-04-13
VEN10596,Lewis-Watson Medical,Lab,3775 Brooks Knoll,New Jeffreystad,FL,65554,(227)415-2603,contact@lewis-watsonmedical.com,Robin Moore,54-9183977,True,Kaiser PAP,2024-03-09,2027-11-26,True,False,2021-12-13
VEN10597,Jones and Sons Supplies,Pharmacy,467 Michael Place Apt. 082,Lake Tanya,NC,63227,651.329.2625,contact@jonesandsonssupplies.com,Derek Williams,41-3035921,False,,2024-10-05,2026-09-08,True,False,2022-03-25
VEN10598,Obrien and Sons Medical,Medical Supply,0909 Jose Valley,Jamestown,FL,6568,(898)686-2689,contact@obrienandsonsmedical.com,Leslie Vasquez,46-4589498,False,Kaiser PAP,2024-10-06,2027-10-11,True,False,2022-06-28
VEN10599,Vargas-Norman Supplies,Transportation,8127 Phillips Walks,Erinmouth,GA,4836,226-358-8482x08639,contact@vargas-normansupplies.com,Lisa Stark,28-5589060,True,Kaiser PAP,2026-03-07,2027-03-07,True,False,2023-06-04
VEN10600,Roberts-Rogers Medical,DME Supplier,10952 Mckinney Views Suite 736,Wisebury,FL,42655,2604730661,contact@roberts-rogersmedical.com,Glenn Bailey,29-8866355,True,,2022-11-15,2027-04-10,True,False,2023-03-04
VEN10601,Gonzalez-Mendez Pharmacy,Lab,0623 Wilson Shoal,Port Glenn,TX,29482,+1-300-957-9768x84839,contact@gonzalez-mendezpharmacy.com,Christopher Klein,48-1138057,True,Kaiser PAP,2023-03-03,2027-01-05,True,False,2024-03-17
VEN10602,Alexander-Hoffman Healthcare,Home Health,21999 Paula Mountains,Williammouth,CA,96873,608-243-3716,contact@alexander-hoffmanhealthcare.com,Terri Fisher,39-8492184,True,Kaiser PAP,2025-01-04,2027-12-19,True,False,2024-08-09
VEN10603,"Maddox, Villanueva and Reyes Healthcare",Transportation,3667 Miller Court,North Christinashire,NC,95936,7118143119,"contact@maddox,villanuevaandreyeshealthcare.com",Maria Jones,96-9293800,False,Kaiser PAP,2022-09-26,2027-04-14,True,False,2022-11-03
VEN10604,Sanders-Osborne Supplies,Lab,17326 Shelton Neck Suite 541,Port Susanstad,NY,83597,(514)584-9125x29816,contact@sanders-osbornesupplies.com,Rebecca Merritt,42-8178443,True,Kaiser PAP,2024-06-11,2027-04-03,True,False,2026-01-21
VEN10605,"Russell, Nelson and Freeman Pharmacy",DME Supplier,500 Martin Course Suite 480,Lake Destiny,MI,75674,(669)580-5712x90529,"contact@russell,nelsonandfreemanpharmacy.com",Ashley Frost,67-6739942,True,Kaiser PAP,2023-10-10,2027-05-30,True,False,2024-12-23
VEN10606,Mendoza Group Supplies,Transportation,360 Snyder Circles,West Jimmy,NC,14681,+1-343-884-9969x541,contact@mendozagroupsupplies.com,Vicki Mays,28-5445687,True,,2025-04-10,2026-12-21,True,False,2023-06-03
VEN10607,"Flowers, Hernandez and Molina Pharmacy",Medical Supply,88938 Nelson View,Rhondashire,NC,59302,+1-909-403-9338x139,"contact@flowers,hernandezandmolinapharmacy.com",Janice Herrera,98-6952743,True,Kaiser PAP,2026-03-28,2027-10-11,True,False,2024-12-25
VEN10608,Boyd-Reed Healthcare,DME Supplier,080 Rhonda Glens,New Frances,NY,96376,587-691-0671,contact@boyd-reedhealthcare.com,Trevor Campbell,19-9272001,False,,2021-10-14,2027-12-21,True,False,2023-05-19
VEN10609,Cain-Morales Supplies,Transportation,75029 Christine Stream,Martinezburgh,CA,70613,(406)718-2543x48104,contact@cain-moralessupplies.com,Valerie Ashley,92-9965869,True,Kaiser PAP,2022-06-24,2027-02-09,True,False,2025-10-09
VEN10610,Ramsey-Perry Pharmacy,Medical Supply,919 Nelson Roads,Rodrigueztown,MI,6602,+1-858-358-5602x58932,contact@ramsey-perrypharmacy.com,David Kirk,22-5342788,False,,2021-08-27,2026-12-26,True,False,2024-03-09
VEN10611,"Johnson, Baker and Chang Supplies",Home Health,21454 Nancy Walk,Lake Jacqueline,NC,17273,001-297-702-0483x0557,"contact@johnson,bakerandchangsupplies.com",George Watson,34-8929806,True,Kaiser PAP,2022-06-02,2028-01-14,True,False,2022-01-28
VEN10612,Norton-Rhodes Healthcare,Transportation,592 Reynolds Overpass,South Keithview,PA,53949,(624)234-0517,contact@norton-rhodeshealthcare.com,Jason Green,42-9448252,True,Kaiser PAP,2025-11-15,2028-06-14,True,False,2023-05-21
VEN10613,Holmes-Henderson Pharmacy,Pharmacy,5935 Wendy Overpass,South Tiffanyburgh,MI,60211,710.767.0339x668,contact@holmes-hendersonpharmacy.com,Roy Lewis,55-4765547,False,,2026-03-16,2027-07-14,True,False,2021-09-11
VEN10614,Taylor PLC Pharmacy,Pharmacy,30250 West Hill Suite 018,Stewartland,PA,13272,888.882.8381,contact@taylorplcpharmacy.com,Tiffany Taylor,42-7612193,False,Kaiser PAP,2022-10-20,2026-07-03,True,False,2024-04-17
VEN10615,"Soto, Dean and Rodriguez Supplies",DME Supplier,624 Howard Corner,North Raven,TX,37573,001-871-429-3242x6611,"contact@soto,deanandrodriguezsupplies.com",Teresa Bowers,40-8199292,False,Kaiser PAP,2026-02-01,2026-12-27,True,False,2021-11-03
VEN10616,Hartman LLC Healthcare,Transportation,615 Smith Park Suite 176,South Samuel,TX,50878,+1-903-620-4477x325,contact@hartmanllchealthcare.com,Robert Nunez,13-9525414,True,,2025-08-07,2028-06-07,True,False,2024-04-27
VEN10617,"Garcia, Turner and Smith Medical",Transportation,92161 Guzman Summit Apt. 738,Harrellport,FL,18947,9119216076,"contact@garcia,turnerandsmithmedical.com",Kyle Rodriguez,56-6025528,True,Kaiser PAP,2023-04-26,2028-01-23,True,False,2026-05-06
VEN10618,Martin Inc Pharmacy,Pharmacy,4312 Cynthia Path Suite 210,West Lisabury,TX,56369,(217)588-2789x571,contact@martinincpharmacy.com,Jeremy Wilson,51-4689333,True,Kaiser PAP,2022-02-07,2028-06-15,True,False,2021-07-06
VEN10619,Miller-Palmer Supplies,Transportation,4205 Farmer Greens,Port Julieland,TX,40809,+1-465-968-5173x63700,contact@miller-palmersupplies.com,Tamara Williams MD,65-7298463,True,Kaiser PAP,2023-09-06,2028-03-11,True,False,2025-04-30
VEN10620,Bryant and Sons Medical,Transportation,87184 William Spring Apt. 589,Schaeferton,NY,92943,466.551.7609,contact@bryantandsonsmedical.com,Nicole Barnes,23-4736155,False,,2023-02-08,2026-11-27,True,False,2024-10-05
VEN10621,"Brown, Peterson and Meyer Supplies",DME Supplier,52133 Valerie Crossing,North Clarence,PA,23970,001-396-528-7522x47596,"contact@brown,petersonandmeyersupplies.com",Amber Nichols,75-9832855,True,Kaiser PAP,2026-01-27,2028-06-11,True,False,2024-02-09
VEN10622,Sanchez-Hawkins Healthcare,DME Supplier,1057 Elizabeth Mill Suite 431,Parkerland,NY,94485,001-300-267-6687x32377,contact@sanchez-hawkinshealthcare.com,Jamie Flores,82-1345048,False,Kaiser PAP,2025-06-17,2026-08-03,True,False,2022-05-02
VEN10623,Davis-Rice Pharmacy,Pharmacy,08537 Chloe Roads Suite 209,West Miranda,IL,48555,650-930-8730x5006,contact@davis-ricepharmacy.com,Patrick Moreno,85-4064604,True,Kaiser PAP,2023-06-22,2028-03-20,True,False,2024-04-10
VEN10624,Tucker Inc Medical,DME Supplier,8018 Howell Port Apt. 668,Bergview,CA,18056,5627379809,contact@tuckerincmedical.com,Caroline Oliver,65-6828738,True,Kaiser PAP,2023-02-04,2028-01-10,True,False,2025-06-24
VEN10625,"Harrison, Jones and Wilson Supplies",Transportation,174 Murphy Parks,Lake Kristin,OH,48499,9547104928,"contact@harrison,jonesandwilsonsupplies.com",Eric Green,18-2133184,False,,2025-11-09,2027-04-29,True,False,2024-09-14
VEN10626,Greene-Nguyen Pharmacy,Home Health,8311 Powell Falls,Caseychester,PA,85133,750.897.5643,contact@greene-nguyenpharmacy.com,Troy Rodriguez,22-8105429,False,Kaiser PAP,2024-01-11,2028-02-23,True,False,2025-02-26
VEN10627,Pennington PLC Medical,Medical Supply,37809 Elliott Neck Apt. 730,Port Monicaborough,GA,55874,528-459-8310x3625,contact@penningtonplcmedical.com,Vanessa Weaver,36-1643534,True,Kaiser PAP,2022-06-08,2028-04-11,True,False,2021-11-06
VEN10628,Lawson PLC Supplies,Medical Supply,6901 Scott Rapids,Jonathanfort,GA,35421,001-978-857-6342x93371,contact@lawsonplcsupplies.com,Lynn Gutierrez DDS,76-4008926,True,,2024-03-13,2027-09-28,True,False,2025-11-27
VEN10629,Hughes LLC Medical,Pharmacy,13189 Williams Meadow Suite 558,Karenshire,CA,76088,(768)401-1765,contact@hughesllcmedical.com,Ashley Maldonado,98-9490162,True,,2021-07-25,2027-09-09,True,False,2021-07-13
VEN10630,Guerra-Nguyen Medical,Home Health,84980 Allen Valleys Suite 952,Howardburgh,PA,42003,542-868-1354,contact@guerra-nguyenmedical.com,Matthew Galloway,75-6534287,False,Kaiser PAP,2024-08-23,2027-11-15,True,False,2025-10-14
VEN10631,Hernandez Group Supplies,Lab,1142 Michelle Path Apt. 414,South Angie,NY,86976,001-753-627-0694,contact@hernandezgroupsupplies.com,Lisa Parker,81-6039288,False,Kaiser PAP,2026-03-13,2028-06-06,True,False,2025-04-12
VEN10632,"Carter, Gonzales and Fox Medical",Pharmacy,32329 Michelle Pass Suite 678,Florestown,MI,14327,(915)892-3242,"contact@carter,gonzalesandfoxmedical.com",Samantha Waters,57-4930688,True,Kaiser PAP,2023-09-11,2027-08-12,True,False,2026-04-26
VEN10633,Brewer-Mullen Medical,DME Supplier,3270 Barrera Hollow,Lake Elizabeth,PA,83492,437-728-4629x001,contact@brewer-mullenmedical.com,Carla Robinson,47-2417565,False,Kaiser PAP,2023-07-16,2027-11-23,True,False,2021-10-17
VEN10634,"Calderon, Miller and Tran Supplies",Home Health,94454 Elijah Mews,Josephville,CA,54195,268.745.7149x76644,"contact@calderon,millerandtransupplies.com",Danielle Vance,87-6319012,True,Kaiser PAP,2024-11-02,2027-07-31,True,False,2021-12-25
VEN10635,Mitchell LLC Pharmacy,Lab,76843 Anthony Club Apt. 099,Parsonsborough,TX,66570,562.991.9557,contact@mitchellllcpharmacy.com,Matthew Kane,11-3337471,True,,2024-09-18,2027-09-30,True,False,2021-12-19
VEN10636,"Moore, Oconnor and Castillo Supplies",DME Supplier,513 Roberts Greens,East Tinaside,GA,52988,(552)829-0866,"contact@moore,oconnorandcastillosupplies.com",Tiffany Lee,81-1676672,True,,2022-08-07,2027-01-24,True,False,2023-05-22
VEN10637,Clark Ltd Supplies,DME Supplier,5583 Debra Street,East Paige,MI,43565,(555)929-1442x8807,contact@clarkltdsupplies.com,Erica Stone,29-7940652,True,Kaiser PAP,2024-01-26,2027-04-17,True,False,2024-06-12
VEN10638,Goodwin-Palmer Medical,Transportation,999 Nicholas Via Apt. 848,Coleland,PA,84238,3485421174,contact@goodwin-palmermedical.com,Christopher Faulkner,79-7146506,True,Kaiser PAP,2022-12-31,2027-06-23,True,False,2023-11-21
VEN10639,Johnson-Evans Supplies,Home Health,9814 Amy Light,Stephanieville,MI,35938,886.668.3542x979,contact@johnson-evanssupplies.com,Andrew Hensley,58-9659308,True,Kaiser PAP,2026-05-09,2026-10-14,True,False,2026-03-26
VEN10640,Mcintyre-Jackson Medical,Transportation,5330 Cole Hills,Port Jamie,MI,85921,(390)358-0076,contact@mcintyre-jacksonmedical.com,Matthew Santos,65-7129707,True,Kaiser PAP,2023-08-15,2027-09-02,True,False,2023-08-13
VEN10641,Anderson-Gonzalez Pharmacy,Pharmacy,87323 Corey Lock Suite 510,Lake Dawnborough,FL,19673,807.375.0709x6688,contact@anderson-gonzalezpharmacy.com,Molly Soto,62-8529801,True,Kaiser PAP,2025-01-21,2027-09-14,True,False,2021-09-21
VEN10642,"Taylor, Spencer and Morales Pharmacy",Pharmacy,78141 Carl Ranch Suite 523,Laurieview,MI,16377,(834)426-3733x812,"contact@taylor,spencerandmoralespharmacy.com",Jennifer Brewer,34-4585251,True,Kaiser PAP,2024-11-21,2026-07-12,True,False,2025-02-27
VEN10643,"Fisher, Blair and Peterson Medical",DME Supplier,5218 Farley Wall,New Ernest,TX,45220,767.248.7089,"contact@fisher,blairandpetersonmedical.com",Kristen Young DVM,37-6302828,False,Kaiser PAP,2021-08-13,2027-01-13,True,False,2023-04-15
VEN10644,Howell and Sons Pharmacy,Medical Supply,54699 Hernandez Ranch Apt. 285,East Ericburgh,PA,51574,(666)651-5924,contact@howellandsonspharmacy.com,Jerry Lee,57-5058745,False,Kaiser PAP,2024-12-11,2026-09-11,True,False,2021-10-14
VEN10645,Hart Group Supplies,Home Health,19717 Hanson Ramp Suite 098,Gabriellaview,IL,1005,(731)848-2463x85277,contact@hartgroupsupplies.com,Julian Carlson,16-6082864,True,Kaiser PAP,2021-08-29,2027-07-10,True,False,2021-12-29
VEN10646,Crawford-Bradshaw Supplies,Pharmacy,923 Maurice Heights Apt. 839,Lake Laurenland,NC,1381,418.522.6908x9787,contact@crawford-bradshawsupplies.com,Juan Rose,63-2920420,True,Kaiser PAP,2022-05-12,2026-07-20,True,False,2022-02-18
VEN10647,"Saunders, Bullock and Hunt Supplies",DME Supplier,6060 Brittany Pike Apt. 457,Sarahview,MI,19914,+1-677-935-1022x785,"contact@saunders,bullockandhuntsupplies.com",Richard Buckley,62-5832989,True,,2022-06-13,2026-12-09,True,False,2024-04-14
VEN10648,Andrews-Nguyen Supplies,Pharmacy,0253 Pamela Field,Curtisfurt,FL,38052,(949)315-6072,contact@andrews-nguyensupplies.com,Kayla Baker,75-2509505,True,Kaiser PAP,2025-05-19,2027-12-17,True,False,2025-09-07
VEN10649,Smith-Mcgrath Supplies,Transportation,624 Caroline Mall,Hansenburgh,IL,31656,7435600477,contact@smith-mcgrathsupplies.com,Robert Thompson,91-3399252,True,Kaiser PAP,2024-11-07,2027-08-16,True,False,2025-04-27
VEN10650,Shelton Inc Supplies,Transportation,408 Matthew Point,New Jacob,IL,40911,(561)323-0873x767,contact@sheltonincsupplies.com,Katie Walsh,30-2007072,True,Kaiser PAP,2026-01-19,2027-11-04,True,False,2023-08-18
VEN10651,"Guzman, Mcknight and Johnson Pharmacy",Transportation,70643 Cooper Brook,Melissatown,TX,78745,5728575023,"contact@guzman,mcknightandjohnsonpharmacy.com",Jose Mills,27-4276667,True,,2025-12-14,2028-03-06,True,False,2022-10-03
VEN10652,"Marsh, Chapman and Smith Supplies",DME Supplier,811 Emily Inlet,Oliviahaven,NC,55462,680.277.1934,"contact@marsh,chapmanandsmithsupplies.com",Gabriella Curry,97-9703759,False,,2026-04-26,2027-10-15,True,False,2021-08-18
VEN10653,Blair Inc Supplies,Lab,47531 Danielle Dam,West Bruce,MI,91518,4748421738,contact@blairincsupplies.com,Sheri Stevenson,58-3462472,True,Kaiser PAP,2024-01-21,2026-07-08,True,False,2022-03-18
VEN10654,Mcgee-Kaiser Healthcare,Transportation,22278 Joshua Falls Apt. 644,North Lacey,FL,97265,567.600.9363,contact@mcgee-kaiserhealthcare.com,Ryan Robinson,57-2028092,False,Kaiser PAP,2023-05-03,2026-08-28,True,False,2024-03-18
VEN10655,Jones and Sons Supplies,DME Supplier,93745 Whitaker Ports Apt. 068,New Robertland,MI,10648,485.677.1288,contact@jonesandsonssupplies.com,Victoria Jensen,34-2211655,True,Kaiser PAP,2023-10-29,2028-05-21,True,False,2021-12-14
VEN10656,Webb PLC Supplies,Pharmacy,205 Figueroa Junctions,West Frederickmouth,GA,93029,449-507-5397x06280,contact@webbplcsupplies.com,Courtney Leonard,35-9769283,True,,2023-06-04,2028-05-06,True,False,2025-05-11
VEN10657,Arnold-Hall Pharmacy,Pharmacy,7183 Cody Points,Hutchinsontown,OH,22933,871.293.4076,contact@arnold-hallpharmacy.com,Nancy Sullivan,20-5150563,True,Kaiser PAP,2023-09-26,2027-09-18,True,False,2025-06-18
VEN10658,"Torres, Murphy and Munoz Healthcare",DME Supplier,26775 Jennifer Springs Apt. 788,Bassmouth,FL,2565,9566597350,"contact@torres,murphyandmunozhealthcare.com",Terry Fowler,25-1313827,False,Kaiser PAP,2025-07-17,2026-08-06,True,False,2023-10-22
VEN10659,Medina Group Healthcare,DME Supplier,98188 John Stravenue Apt. 573,Mayofort,GA,10500,+1-311-928-9295x9468,contact@medinagrouphealthcare.com,Alexandria Pham,55-2885028,True,Kaiser PAP,2025-01-28,2028-06-15,True,False,2022-01-11
VEN10660,Gibson and Sons Healthcare,Home Health,47437 Drake Green Suite 170,Lake Jasonfort,NC,73976,7333782599,contact@gibsonandsonshealthcare.com,Barbara Nicholson,79-5849072,True,,2021-11-25,2027-08-25,True,False,2025-12-14
VEN10661,Blevins-Carson Supplies,Medical Supply,922 Roman Way Apt. 224,North Charles,GA,36536,8657334252,contact@blevins-carsonsupplies.com,Ellen Frazier,10-6694983,True,Kaiser PAP,2021-08-12,2027-09-19,True,False,2023-09-30
VEN10662,"Ruiz, Carpenter and Martin Pharmacy",Transportation,6620 John Fork,Rogershaven,GA,52428,+1-697-629-0270x13037,"contact@ruiz,carpenterandmartinpharmacy.com",Brian Elliott,34-9993246,True,,2024-02-23,2028-05-29,True,False,2022-06-16
VEN10663,Joyce-Rodriguez Healthcare,Home Health,34332 Martinez Ramp,Jonesborough,NY,29451,294-489-0476x95120,contact@joyce-rodriguezhealthcare.com,Colleen Hendricks MD,92-6337849,False,Kaiser PAP,2023-10-20,2028-01-11,True,False,2022-10-31
VEN10664,Turner-Gomez Pharmacy,Pharmacy,13945 Heather Plain Apt. 648,Lake Wayne,FL,77115,+1-268-319-0257x272,contact@turner-gomezpharmacy.com,Laurie Holt,22-1910515,True,,2024-10-10,2026-08-28,True,False,2023-10-16
VEN10665,"Fernandez, Garcia and Villarreal Healthcare",Pharmacy,309 Kimberly Coves Suite 468,Gonzalezhaven,PA,26499,425.873.7143x6863,"contact@fernandez,garciaandvillarrealhealthcare.com",Carrie Mcdonald,41-4345029,False,Kaiser PAP,2024-01-04,2027-10-21,True,False,2024-11-28
VEN10666,"Drake, Brock and Sandoval Healthcare",Transportation,28841 Mary Stravenue Apt. 975,Hernandezshire,GA,79863,891.793.2874,"contact@drake,brockandsandovalhealthcare.com",Jessica Klein,28-7641340,True,Kaiser PAP,2024-11-02,2028-01-14,True,False,2023-08-22
VEN10667,"Baxter, Brady and Walsh Medical",Pharmacy,844 Benjamin Lights Apt. 313,South Charles,PA,76080,001-218-810-5917x420,"contact@baxter,bradyandwalshmedical.com",Mr. David Hunt,50-4036595,True,Kaiser PAP,2026-03-31,2027-07-24,True,False,2026-03-27
VEN10668,Lynch-Carpenter Supplies,Pharmacy,4153 Jeremiah Isle,East Matthewberg,CA,95039,286.430.2625x6776,contact@lynch-carpentersupplies.com,Jennifer Martinez,34-9229533,True,Kaiser PAP,2022-02-16,2026-09-05,True,False,2021-08-28
VEN10669,Coleman Ltd Pharmacy,Transportation,8049 Cory Radial,North Kimberly,CA,74015,+1-748-571-9692x776,contact@colemanltdpharmacy.com,Dr. Alec Kim,26-1385552,True,Kaiser PAP,2024-09-24,2026-10-02,True,False,2022-02-20
VEN10670,"Smith, Hernandez and Edwards Healthcare",Home Health,8396 Daniel Way Apt. 073,Dawnton,PA,71048,(662)394-8386,"contact@smith,hernandezandedwardshealthcare.com",Brian Sanchez,64-5411774,False,,2024-08-06,2028-04-14,True,False,2023-07-22
VEN10671,Phillips-Green Supplies,Transportation,39944 Leslie Isle Suite 985,Hernandezville,IL,21170,924.241.7188,contact@phillips-greensupplies.com,Joshua Bennett,75-9903056,False,,2025-04-03,2027-11-08,True,False,2021-11-21
VEN10672,"Rios, Hall and Henderson Medical",Pharmacy,930 Jessica Brook Apt. 980,Ericksonborough,TX,6474,422.288.8974x96550,"contact@rios,hallandhendersonmedical.com",Timothy Welch,77-1644257,True,Kaiser PAP,2024-11-02,2028-03-20,True,False,2023-09-30
VEN10673,Martinez-Henry Healthcare,Medical Supply,924 Nina Forest,Michaelside,CA,98886,(278)836-0675,contact@martinez-henryhealthcare.com,Daniel Sanders,17-4136150,False,Kaiser PAP,2023-04-29,2027-08-03,True,False,2021-12-06
VEN10674,"Hoover, Wong and Berry Medical",Lab,54400 Lawrence Spur,Dianaport,OH,64093,001-234-329-9325x235,"contact@hoover,wongandberrymedical.com",Jorge Henderson,81-5763320,True,Kaiser PAP,2025-06-14,2027-04-20,True,False,2024-07-01
VEN10675,"House, Woods and Owen Pharmacy",Home Health,42138 Preston Prairie Suite 342,North Tracimouth,NC,53610,776.519.3005,"contact@house,woodsandowenpharmacy.com",Kevin Ortiz,73-6948665,False,Kaiser PAP,2022-12-31,2026-07-20,True,False,2022-09-30
VEN10676,Jones-Hudson Healthcare,DME Supplier,576 Justin Landing,Steventon,OH,9000,001-472-447-2125x11297,contact@jones-hudsonhealthcare.com,Whitney Cross,95-4659792,True,,2026-05-01,2028-02-10,True,False,2026-03-13
VEN10677,Phillips-Webb Healthcare,Pharmacy,2920 Holmes Parks,Toddhaven,NY,10195,784.679.0220x049,contact@phillips-webbhealthcare.com,Desiree Robinson,94-9186671,False,,2023-10-20,2028-01-16,True,False,2024-04-25
VEN10678,Lester-Serrano Pharmacy,Home Health,36820 Mcmahon Rapids Suite 780,Williamsmouth,CA,40355,3186376290,contact@lester-serranopharmacy.com,Ronald Hartman,43-8419195,True,Kaiser PAP,2023-07-30,2027-09-21,True,False,2025-05-28
VEN10679,Clark Group Medical,Lab,060 Santos Circles,Lake Nathan,FL,61635,+1-396-640-6948x4683,contact@clarkgroupmedical.com,Erin David,10-9261627,False,,2021-12-30,2026-11-24,True,False,2024-07-10
VEN10680,Hill Group Pharmacy,DME Supplier,2589 Kirk Skyway,Jocelynfurt,PA,17881,(307)684-3808,contact@hillgrouppharmacy.com,Tony Hammond,31-1662318,True,,2021-10-30,2028-02-07,True,False,2022-05-21
VEN10681,"Collins, Mcdonald and Kelley Medical",Transportation,30816 Jennifer Turnpike,Simpsonfurt,MI,34805,(914)422-4183,"contact@collins,mcdonaldandkelleymedical.com",Bryan Todd,66-9257078,True,Kaiser PAP,2025-07-30,2028-05-29,True,False,2024-07-13
VEN10682,Martinez-Haynes Healthcare,DME Supplier,33621 Johnson Terrace,New Brandon,NC,24717,343-560-5845,contact@martinez-hayneshealthcare.com,Alex Rogers,92-1219038,True,Kaiser PAP,2021-10-18,2027-12-17,True,False,2026-01-22
VEN10683,Jones and Sons Healthcare,DME Supplier,64524 Jonathan Unions Suite 308,East Robertland,NC,10754,+1-781-424-8277x8585,contact@jonesandsonshealthcare.com,Tiffany Mayo,49-9705345,True,,2025-03-07,2027-08-08,True,False,2023-10-01
VEN10684,"Vasquez, Wilson and Perry Healthcare",DME Supplier,561 Joseph Landing Suite 007,Lutzshire,MI,48600,654-930-4227,"contact@vasquez,wilsonandperryhealthcare.com",Scott Romero,34-1449580,True,Kaiser PAP,2025-05-10,2027-06-16,True,False,2023-04-06
VEN10685,Armstrong-Lewis Supplies,DME Supplier,5842 Petersen Greens,Kimberlyborough,TX,95349,(767)563-0703x182,contact@armstrong-lewissupplies.com,Charlene Gomez,28-8480784,True,,2022-01-19,2027-01-14,True,False,2025-01-14
VEN10686,Mcmahon-Andrade Medical,Medical Supply,25993 Kenneth Isle Suite 608,Navarrohaven,TX,17981,770.820.2759x56589,contact@mcmahon-andrademedical.com,Matthew Schmidt,79-7687782,True,,2023-03-09,2028-06-20,True,False,2024-02-08
VEN10687,Hart PLC Supplies,Medical Supply,965 Osborne Road,Brownburgh,PA,96949,311-692-6063,contact@hartplcsupplies.com,Terri Whitaker,15-6597708,True,Kaiser PAP,2023-05-20,2027-04-17,True,False,2023-08-01
VEN10688,Stein-Kemp Pharmacy,Transportation,313 Michael Fort,Hayeston,NY,45741,833-377-6774x00347,contact@stein-kemppharmacy.com,Jill Ward,24-9183519,True,Kaiser PAP,2025-01-31,2027-05-14,True,False,2023-11-02
VEN10689,Klein PLC Medical,Transportation,0179 Manuel Pass Suite 916,East Katherineton,NY,44958,6419228840,contact@kleinplcmedical.com,Connie Koch,78-2533660,False,Kaiser PAP,2021-09-12,2027-01-03,True,False,2026-01-30
VEN10690,Roberson PLC Medical,Pharmacy,235 Ann Trail,Pricefort,GA,7271,519-384-0657,contact@robersonplcmedical.com,Amy Schneider,67-1540163,True,,2024-08-27,2028-04-08,True,False,2024-10-17
VEN10691,Ortiz PLC Supplies,Lab,10384 Teresa Mills,North Kathrynfort,PA,71809,319.582.1890,contact@ortizplcsupplies.com,Jane Garcia,56-6989360,True,Kaiser PAP,2025-06-10,2028-05-05,True,False,2025-05-06
VEN10692,Herrera-Clark Medical,Pharmacy,20940 Dean Avenue,Jessicahaven,GA,2799,(485)681-4520x43050,contact@herrera-clarkmedical.com,Alice Turner,36-3340177,True,Kaiser PAP,2023-11-05,2027-04-11,True,False,2022-05-23
VEN10693,Ballard-Perez Medical,Medical Supply,41439 Bethany Cape,Davisberg,IL,1522,+1-232-874-4756x897,contact@ballard-perezmedical.com,Michelle Davis,26-7722770,True,,2024-10-18,2027-04-16,True,False,2024-01-17
VEN10694,Chambers Inc Healthcare,Lab,864 Rhodes Course Suite 197,Port Laura,IL,15174,582.615.2553,contact@chambersinchealthcare.com,James Woods,90-4170761,False,Kaiser PAP,2022-08-22,2027-05-28,True,False,2026-05-09
VEN10695,James-Clark Medical,Lab,546 David Stream Apt. 496,Ramirezshire,CA,68963,001-596-373-6400,contact@james-clarkmedical.com,Susan Lewis DVM,32-9264380,True,Kaiser PAP,2025-02-01,2027-10-17,True,False,2023-12-08
VEN10696,Warren PLC Pharmacy,DME Supplier,11753 Mcclain Glen Suite 990,Warnerview,IL,86591,+1-505-734-0602,contact@warrenplcpharmacy.com,Patrick Morgan,47-7752240,True,,2022-06-10,2027-06-02,True,False,2023-07-03
VEN10697,Cook Ltd Pharmacy,Transportation,887 Fred Summit Suite 636,Michaelhaven,NY,91465,4076943247,contact@cookltdpharmacy.com,Rodney Pennington,61-9205518,True,Kaiser PAP,2024-02-29,2027-11-26,True,False,2022-09-05
VEN10698,Mason-Hill Supplies,Transportation,73127 Mckinney Fall,Medinahaven,PA,45351,(426)799-5215x068,contact@mason-hillsupplies.com,Benjamin Chambers,65-1843700,True,Kaiser PAP,2026-03-29,2027-10-17,True,False,2025-02-17
VEN10699,Gibson and Sons Healthcare,Medical Supply,0552 Berger Skyway,South Stephaniefurt,NC,83481,425-571-6887,contact@gibsonandsonshealthcare.com,Daniel Hughes,84-6578702,True,,2021-08-31,2026-11-03,True,False,2022-01-13
VEN10700,Tucker-Kline Supplies,Transportation,96960 Anderson Lakes Suite 435,West Tammy,MI,88338,530-589-5342x29114,contact@tucker-klinesupplies.com,Lori Rivers,17-2116268,True,,2023-05-17,2027-06-18,True,False,2026-04-05
VEN10701,Cain and Sons Medical,Transportation,53452 Scott Estate Apt. 404,North Matthew,FL,41970,001-741-925-2920x1688,contact@cainandsonsmedical.com,Jordan Spencer,38-9866891,False,,2022-09-28,2027-04-30,True,False,2022-02-22
VEN10702,"Wilson, Hodge and Weeks Supplies",DME Supplier,072 Griffith Rue Apt. 089,Lake Curtismouth,IL,49461,360-878-0114x263,"contact@wilson,hodgeandweekssupplies.com",Bryce Barker,90-5920230,False,,2022-04-05,2026-12-20,True,False,2025-01-10
VEN10703,Berry Inc Supplies,Transportation,966 Hill Lakes Apt. 728,New Ashley,GA,29253,(656)798-9361x10121,contact@berryincsupplies.com,Lisa Simon,92-6838395,True,Kaiser PAP,2024-11-10,2026-12-22,True,False,2024-12-26
VEN10704,Walsh PLC Pharmacy,Lab,0980 Cheryl Turnpike Apt. 055,Heatherborough,MI,74144,240.696.8231x391,contact@walshplcpharmacy.com,Robin Thomas,90-7276102,True,Kaiser PAP,2021-10-12,2027-04-30,True,False,2021-10-25
VEN10705,"Ross, Mcclure and Pratt Medical",Transportation,379 Kimberly Fall,South Kathrynmouth,IL,97912,001-281-464-9059,"contact@ross,mcclureandprattmedical.com",Gary Castro,88-9875478,False,,2021-11-11,2027-11-14,True,False,2024-11-26
VEN10706,Jones Inc Medical,Pharmacy,66314 Hannah Forge,Port Kimberly,PA,31522,001-963-511-5803x43968,contact@jonesincmedical.com,Elizabeth Wolf,50-8203401,True,Kaiser PAP,2025-06-05,2027-02-20,True,False,2023-06-20
VEN10707,Wagner Ltd Healthcare,Pharmacy,2636 Wilkerson Streets,Kimberlyfurt,TX,85008,6298638391,contact@wagnerltdhealthcare.com,Daniel Smith,91-1723803,True,,2026-06-12,2027-06-24,True,False,2023-04-03
VEN10708,Curtis-Juarez Healthcare,Medical Supply,141 Mark Stream Suite 618,South William,FL,65261,(651)582-7198x55299,contact@curtis-juarezhealthcare.com,Michael Jones,57-3019195,True,,2022-09-24,2028-02-15,True,False,2024-05-25
VEN10709,"Flores, Conner and Schultz Supplies",Home Health,1735 Anderson Meadows,New Rebeccaburgh,GA,57603,736-972-9210x8960,"contact@flores,connerandschultzsupplies.com",Erica Townsend,93-2831408,False,,2025-02-27,2027-09-05,True,False,2021-09-22
VEN10710,Hardy-Lee Pharmacy,Pharmacy,1891 Moody Parkways,Juliamouth,CA,9118,570.471.1039,contact@hardy-leepharmacy.com,Austin Hernandez,15-3975802,True,,2024-12-09,2026-12-18,True,False,2021-09-16
VEN10711,Ruiz-Casey Medical,Home Health,245 Jackson Mill,Port Brittanyberg,OH,76697,4318489427,contact@ruiz-caseymedical.com,Christina Bailey,11-3568664,True,Kaiser PAP,2022-02-19,2027-02-13,True,False,2025-03-27
VEN10712,Dominguez-Hamilton Healthcare,DME Supplier,8350 Clayton Lights Suite 423,Mccormickburgh,MI,50648,001-396-723-8908x58234,contact@dominguez-hamiltonhealthcare.com,Glenn Wallace,95-2536408,True,Kaiser PAP,2023-05-28,2026-11-05,True,False,2025-03-11
VEN10713,Frank-Long Supplies,DME Supplier,616 Bell Plains,New Joann,CA,14173,849.324.4211,contact@frank-longsupplies.com,James Perez,12-3362883,True,Kaiser PAP,2025-12-13,2028-06-06,True,False,2021-09-12
VEN10714,Hogan-Pratt Healthcare,Lab,2782 Watts Manors,Christinestad,MI,79328,+1-760-756-6688x50847,contact@hogan-pratthealthcare.com,James Collins,30-3523352,False,Kaiser PAP,2021-07-26,2028-06-11,True,False,2024-12-04
VEN10715,"Fox, Day and Tucker Healthcare",Transportation,48096 Elizabeth Junctions Suite 390,Villegasside,TX,20779,+1-411-674-9165x8959,"contact@fox,dayandtuckerhealthcare.com",Abigail Ray,54-6269809,False,,2022-02-08,2028-04-01,True,False,2024-11-24
VEN10716,Alvarez-Ward Supplies,Lab,2612 Moore Groves Apt. 183,West Elizabethfurt,CA,17889,241-390-1101,contact@alvarez-wardsupplies.com,Jaime Davis,83-4316672,True,Kaiser PAP,2024-07-12,2027-09-25,True,False,2022-01-27
VEN10717,Jones-Saunders Medical,Transportation,999 Danielle Junctions,East Joseberg,IL,32926,(243)532-2321x473,contact@jones-saundersmedical.com,Brian Jackson,24-7345531,True,Kaiser PAP,2023-07-20,2026-12-06,True,False,2021-07-04
VEN10718,Villa Ltd Medical,Transportation,2103 Dawn Crest,East Allisonside,TX,52558,+1-523-273-0107x35173,contact@villaltdmedical.com,Thomas Thompson,84-4879541,False,,2023-01-09,2027-01-24,True,False,2026-01-31
VEN10719,Thomas Ltd Supplies,Home Health,10248 Sara Drive Suite 220,New Carolynview,CA,21736,5272448300,contact@thomasltdsupplies.com,Anita Lopez,41-3216032,False,,2023-01-06,2027-07-28,True,False,2024-05-09
VEN10720,Scott LLC Supplies,Medical Supply,16815 Jeremy Row Suite 593,New Christopher,GA,69697,(776)817-7784x94349,contact@scottllcsupplies.com,Colin Henry,81-9765422,True,,2024-01-23,2028-02-05,True,False,2025-07-10
VEN10721,"Holland, Smith and Wilson Pharmacy",Transportation,459 Beth Villages Apt. 062,Apriltown,TX,78777,(553)365-9825x029,"contact@holland,smithandwilsonpharmacy.com",Richard Harris,70-1030672,True,Kaiser PAP,2025-10-01,2027-05-07,True,False,2021-09-16
VEN10722,Wood-Obrien Healthcare,Home Health,797 Raymond Fort Suite 882,Floydside,FL,88457,698-878-7923,contact@wood-obrienhealthcare.com,Kyle Cuevas,29-8162853,False,Kaiser PAP,2022-01-02,2028-06-07,True,False,2024-11-26
VEN10723,Jenkins Group Healthcare,Lab,2996 Brittany Rapids Apt. 097,Montesburgh,GA,52093,875.482.9021x5371,contact@jenkinsgrouphealthcare.com,Judith Meadows,14-3848796,False,Kaiser PAP,2021-11-06,2028-01-09,True,False,2023-07-24
VEN10724,"Young, Hooper and Brooks Medical",Home Health,01073 Claire Vista Apt. 823,East Dustin,TX,77667,523.577.3982x37417,"contact@young,hooperandbrooksmedical.com",Andrew Smith,44-6197455,True,,2023-05-09,2026-11-16,True,False,2024-08-03
VEN10725,Singleton LLC Healthcare,Medical Supply,06693 Susan Plain Suite 563,Katherineberg,PA,83597,9113409220,contact@singletonllchealthcare.com,Renee Harrison,87-4014783,True,Kaiser PAP,2025-04-24,2027-09-18,True,False,2023-07-22
VEN10726,"Stanton, Ballard and Sherman Supplies",Transportation,77883 Kim Hollow,Santiagofurt,TX,61218,(356)556-7152,"contact@stanton,ballardandshermansupplies.com",Mary Ware,71-7223050,True,Kaiser PAP,2025-05-12,2028-06-17,True,False,2023-04-30
VEN10727,Greene Inc Medical,Pharmacy,404 Denise Corners Apt. 615,Trujillofort,CA,80486,(458)725-6689,contact@greeneincmedical.com,James Lewis,80-8887729,True,Kaiser PAP,2022-02-03,2026-09-14,True,False,2024-07-27
VEN10728,Haynes-Weber Pharmacy,Lab,617 Wilson Lane,Lake Chadmouth,GA,18047,(957)450-9763x76029,contact@haynes-weberpharmacy.com,Steven Klein,43-1299019,True,Kaiser PAP,2024-10-18,2027-02-25,True,False,2022-08-15
VEN10729,Aguilar-Ford Supplies,Transportation,031 Jill Meadows Suite 847,Tranberg,TX,48956,+1-497-302-9030x4252,contact@aguilar-fordsupplies.com,Rachel Palmer,31-9795738,False,Kaiser PAP,2023-04-09,2028-05-26,True,False,2021-07-02
VEN10730,Rivera-Cook Healthcare,DME Supplier,67188 Steven Landing Apt. 839,Craigfurt,NY,63317,+1-998-200-9435x638,contact@rivera-cookhealthcare.com,Tracey Cole,23-7353781,True,Kaiser PAP,2023-11-12,2028-04-14,True,False,2023-03-21
VEN10731,Walter-Taylor Pharmacy,Medical Supply,1565 Dana Road Apt. 500,East Christinahaven,PA,71111,+1-227-518-0270x557,contact@walter-taylorpharmacy.com,Michael Barajas,87-9012251,True,Kaiser PAP,2024-11-07,2027-09-29,True,False,2025-10-18
VEN10732,Wheeler and Sons Supplies,Home Health,6663 Ryan Pass,North Derek,NC,60273,904-960-6468,contact@wheelerandsonssupplies.com,Lori Graham,74-4458799,True,Kaiser PAP,2022-07-21,2028-05-04,True,False,2022-04-21
VEN10733,"Klein, Myers and Williams Supplies",Transportation,829 Lee Burgs Apt. 666,Loganchester,IL,48453,+1-400-712-9910x810,"contact@klein,myersandwilliamssupplies.com",Hannah Thompson,20-2471200,True,Kaiser PAP,2024-03-18,2026-09-03,True,False,2025-03-07
VEN10734,Taylor and Sons Healthcare,DME Supplier,0033 Hernandez Oval Suite 753,North Brendaland,TX,54148,348.273.9573x010,contact@taylorandsonshealthcare.com,Ashley Nash,71-4010225,False,Kaiser PAP,2023-11-26,2027-09-02,True,False,2023-06-20
VEN10735,Macias-Smith Supplies,Lab,8610 Robert Circle Apt. 753,Harperbury,GA,7802,+1-434-231-7534x78841,contact@macias-smithsupplies.com,Janet Martin,69-3230095,False,Kaiser PAP,2024-05-21,2026-12-15,True,False,2022-08-02
VEN10736,Glover Ltd Supplies,Pharmacy,572 Shaun Loop Apt. 326,Wilkinsonville,PA,25098,231-452-6462x03951,contact@gloverltdsupplies.com,David Jackson,63-3267214,True,Kaiser PAP,2024-10-01,2027-01-24,True,False,2021-11-14
VEN10737,Riley Group Medical,Transportation,500 Katrina Plaza,Adamsview,IL,8555,+1-764-407-3281x066,contact@rileygroupmedical.com,Dominique Rogers,21-3733657,True,Kaiser PAP,2024-11-25,2026-11-13,True,False,2022-10-06
VEN10738,Decker-Frazier Supplies,Home Health,139 Abbott Trail,Ortizbury,CA,51243,(713)335-6375,contact@decker-fraziersupplies.com,Heather Hester,91-8762252,True,Kaiser PAP,2024-01-02,2028-02-07,True,False,2025-03-25
VEN10739,White Group Medical,Home Health,971 James Knoll,Mitchellberg,FL,88504,(914)957-2080,contact@whitegroupmedical.com,Phillip Gutierrez,99-2714337,False,Kaiser PAP,2022-05-01,2028-06-06,True,False,2023-09-17
VEN10740,Gardner-Turner Medical,Home Health,1386 Mark Drives Apt. 157,Hughesbury,MI,15916,+1-704-918-0855x8025,contact@gardner-turnermedical.com,Darren Martin,31-1366716,True,Kaiser PAP,2026-06-08,2027-04-03,True,False,2025-03-02
VEN10741,"Fowler, Dalton and Davila Pharmacy",Pharmacy,620 Kristin Isle Apt. 118,Port Keithview,PA,30064,248.547.2187,"contact@fowler,daltonanddavilapharmacy.com",Kelly Sanchez,61-6629970,True,,2021-09-11,2026-09-22,True,False,2021-09-10
VEN10742,"Braun, Campbell and Davis Pharmacy",Home Health,073 Mayer Villages Suite 277,South Daniel,IL,15770,284.482.8799x664,"contact@braun,campbellanddavispharmacy.com",Patrick Wallace,55-3564446,True,,2025-02-16,2027-08-22,True,False,2022-09-25
VEN10743,Anderson PLC Healthcare,DME Supplier,0366 Brianna Ville Suite 046,West Michaelstad,OH,87265,(935)982-0086x27824,contact@andersonplchealthcare.com,Angela Miller,47-1555208,True,Kaiser PAP,2025-03-03,2028-05-26,True,False,2025-12-17
VEN10744,"Thompson, Cantu and Griffin Healthcare",Pharmacy,36149 Sarah Hills,Lake Cody,MI,70946,678.801.2299x785,"contact@thompson,cantuandgriffinhealthcare.com",Misty Sosa,13-4153913,True,,2025-02-11,2028-05-13,True,False,2022-05-18
VEN10745,Schneider LLC Medical,Home Health,09611 Gilbert Cape,Amandaburgh,FL,29373,8628658818,contact@schneiderllcmedical.com,Jennifer Finley,88-1366160,True,,2023-12-15,2027-05-29,True,False,2021-07-19
VEN10746,Baker-Rich Healthcare,DME Supplier,481 Michael Curve Suite 450,North Megan,NY,22415,609.869.5774,contact@baker-richhealthcare.com,Brandy Harrison,39-6564501,True,Kaiser PAP,2024-06-04,2027-05-18,True,False,2025-04-22
VEN10747,"Singleton, Henderson and Phillips Medical",Pharmacy,6056 Lopez Prairie Suite 436,Brownview,NC,44309,+1-977-283-4437,"contact@singleton,hendersonandphillipsmedical.com",Adam Greer,16-3937119,True,Kaiser PAP,2023-04-09,2028-01-12,True,False,2024-09-19
VEN10748,Goodman LLC Healthcare,Medical Supply,17062 Danny Valleys Suite 905,Danielton,GA,29157,(601)865-4363x229,contact@goodmanllchealthcare.com,Harold Goodwin,79-8608141,True,Kaiser PAP,2026-06-23,2027-08-01,True,False,2024-02-04
VEN10749,"Snyder, Garcia and Foster Supplies",Pharmacy,609 Howard Forge,East Juan,IL,74231,+1-685-414-9015,"contact@snyder,garciaandfostersupplies.com",Cameron Valencia,12-3912281,True,Kaiser PAP,2024-10-02,2027-06-04,True,False,2023-09-17
VEN10750,Martin-Gray Supplies,Home Health,421 Malone Pike,Morganview,PA,39041,(664)201-2517x5197,contact@martin-graysupplies.com,Erin Taylor,76-2758566,True,Kaiser PAP,2023-04-08,2028-03-03,True,False,2024-10-30
VEN10751,"Long, Erickson and Fox Medical",Pharmacy,68960 Steven Ranch,Andrewsfurt,NC,89185,+1-372-395-5902x9543,"contact@long,ericksonandfoxmedical.com",Julie Savage,33-2167588,True,Kaiser PAP,2026-03-05,2026-12-26,True,False,2022-02-08
VEN10752,Brown Group Pharmacy,Medical Supply,70645 Nunez Road,New Kimberlyhaven,TX,70381,(262)251-2803x696,contact@browngrouppharmacy.com,David Gill,98-9800791,True,Kaiser PAP,2026-05-09,2027-09-22,True,False,2023-07-18
VEN10753,Reynolds-Garcia Healthcare,Pharmacy,53861 Stewart Crossing Suite 682,Kentport,NC,93559,788-564-1261x83882,contact@reynolds-garciahealthcare.com,Jesse Rios,87-1001528,False,,2023-04-10,2027-01-18,True,False,2024-12-09
VEN10754,"Conley, Alvarez and Allen Supplies",Transportation,28217 Williams Court Apt. 205,Stephanieberg,IL,90408,(315)577-4161x229,"contact@conley,alvarezandallensupplies.com",Devin Reyes,96-8192939,False,Kaiser PAP,2022-06-09,2027-09-06,True,False,2025-05-15
VEN10755,"Jones, Knox and Hess Supplies",Transportation,316 Harris Forks,Bettyfort,OH,56190,(275)428-3061,"contact@jones,knoxandhesssupplies.com",Thomas Moreno,95-7152320,True,,2023-04-24,2028-01-29,True,False,2024-12-30
VEN10756,Wilson-Morris Supplies,Transportation,76235 Rios Mews,Masonville,MI,8994,934.589.1562x599,contact@wilson-morrissupplies.com,Stacy Sanders,71-6085803,True,,2021-11-03,2027-06-10,True,False,2026-04-21
VEN10757,Oliver and Sons Healthcare,Home Health,209 Krystal Lakes Suite 038,South Cathytown,CA,19129,+1-572-564-9857x517,contact@oliverandsonshealthcare.com,Gabriel Wallace,31-5682861,False,Kaiser PAP,2022-03-25,2026-11-13,True,False,2022-08-06
VEN10758,"Harding, Foster and Lane Healthcare",Medical Supply,9213 Jay Cliffs Suite 045,Vincentberg,PA,66452,785-815-9107x75559,"contact@harding,fosterandlanehealthcare.com",Michele Kelly,63-2938309,False,Kaiser PAP,2021-07-16,2026-12-30,True,False,2023-08-04
VEN10759,Miller LLC Healthcare,DME Supplier,24903 Wu Inlet Apt. 017,New Matthewhaven,CA,92930,001-499-373-6158x0398,contact@millerllchealthcare.com,Matthew Perez,12-8489156,True,Kaiser PAP,2022-06-18,2027-05-01,True,False,2022-03-12
VEN10760,Rice-Anderson Healthcare,Transportation,76620 Pena Spring Apt. 678,Janiceton,OH,46216,(941)563-3187x6837,contact@rice-andersonhealthcare.com,Neil Hall,57-5319709,False,Kaiser PAP,2024-04-10,2026-11-03,True,False,2022-05-26
VEN10761,Knox Ltd Medical,Pharmacy,1843 Martin Pines,Emilymouth,MI,42032,001-340-662-4213x7868,contact@knoxltdmedical.com,Catherine Reed,57-6333317,True,Kaiser PAP,2025-05-06,2027-11-30,True,False,2022-07-05
VEN10762,"Pacheco, Garcia and Simon Medical",Pharmacy,8720 Wise Freeway Suite 286,Kellybury,CA,55434,6788759002,"contact@pacheco,garciaandsimonmedical.com",Taylor Fox,16-6446097,False,Kaiser PAP,2026-01-06,2026-10-29,True,False,2022-02-18
VEN10763,Wright-Goodwin Medical,Pharmacy,576 Johnson Motorway Apt. 907,Joseport,CA,40774,(416)774-8442x75440,contact@wright-goodwinmedical.com,Kelly Thomas,78-5721579,True,Kaiser PAP,2022-02-21,2027-10-09,True,False,2026-06-27
VEN10764,Martinez Group Healthcare,Pharmacy,0309 Leonard Center Apt. 143,South Richard,FL,87034,288.476.9790x081,contact@martinezgrouphealthcare.com,Lori Hatfield,26-7816634,False,,2023-03-25,2028-06-06,True,False,2023-12-29
VEN10765,Martin-Hall Supplies,Lab,656 Ortega Crescent Suite 729,South Harold,IL,21636,(964)744-5465,contact@martin-hallsupplies.com,Barbara Brown,31-8715954,True,Kaiser PAP,2025-03-20,2027-11-05,True,False,2022-02-06
VEN10766,Lewis-Russell Medical,Medical Supply,3855 Lori Turnpike,North Michelechester,CA,68064,001-626-687-5813x8697,contact@lewis-russellmedical.com,Ann Krause,65-6955425,False,Kaiser PAP,2021-10-03,2028-06-25,True,False,2022-10-07
VEN10767,Morales-Curtis Healthcare,Transportation,0920 Smith Neck Apt. 639,Vanessachester,GA,58207,001-557-577-2309,contact@morales-curtishealthcare.com,Steve Edwards,78-4664614,True,Kaiser PAP,2022-07-29,2027-04-17,True,False,2022-10-20
VEN10768,Wright Group Medical,DME Supplier,815 Kelley Lock Apt. 823,Tiffanymouth,MI,99411,995-311-3309,contact@wrightgroupmedical.com,James Gonzalez,93-8825462,True,Kaiser PAP,2025-07-08,2028-03-23,True,False,2023-09-09
VEN10769,Gregory and Sons Medical,Pharmacy,0135 Jorge Streets,North Christineview,CA,50093,+1-749-822-0722x012,contact@gregoryandsonsmedical.com,John Jones,89-5299891,False,,2023-05-25,2027-04-17,True,False,2021-07-25
VEN10770,"Kennedy, Johnson and Wallace Supplies",DME Supplier,88340 Jeanette Corners,South Michelleburgh,FL,13811,464.399.5699,"contact@kennedy,johnsonandwallacesupplies.com",Beverly Coleman,74-5946363,True,Kaiser PAP,2025-01-24,2027-04-02,True,False,2024-05-02
VEN10771,"Andrews, Carter and Ward Supplies",DME Supplier,4935 Frazier Mountain Apt. 762,Port Christina,NY,95719,001-229-660-7012x3530,"contact@andrews,carterandwardsupplies.com",Crystal Bryant,43-8969166,True,,2024-03-01,2028-06-15,True,False,2025-12-29
VEN10772,Lee Ltd Healthcare,DME Supplier,8717 Cox Fields Suite 706,Lake Masonland,CA,68876,+1-730-208-4377,contact@leeltdhealthcare.com,Thomas Davenport,91-8432833,True,Kaiser PAP,2025-10-24,2026-07-16,True,False,2022-12-03
VEN10773,Charles LLC Medical,Transportation,481 Gomez Forges,Lake Michael,MI,21511,549-245-7137,contact@charlesllcmedical.com,Ashley Chambers,48-9116528,True,,2024-11-07,2026-09-18,True,False,2025-10-19
VEN10774,"Mahoney, Luna and Stanton Supplies",Pharmacy,463 Medina Curve Apt. 457,Darrenberg,NY,50666,391.348.2546,"contact@mahoney,lunaandstantonsupplies.com",Ashley Smith,87-3573790,False,Kaiser PAP,2024-11-20,2026-07-09,True,False,2025-11-20
VEN10775,Bryant and Sons Healthcare,DME Supplier,1136 Richard Falls Suite 943,South Jonathan,PA,35517,834-725-0014x79254,contact@bryantandsonshealthcare.com,Kevin Nguyen,24-5466237,True,Kaiser PAP,2023-12-14,2026-12-13,True,False,2021-07-21
VEN10776,White Group Medical,Home Health,933 Zachary Forest,North Margaretland,TX,73734,(397)605-7427x79575,contact@whitegroupmedical.com,Lindsey Wright,42-5441933,True,Kaiser PAP,2023-09-11,2028-05-03,True,False,2025-05-18
VEN10777,Alvarez-Smith Medical,DME Supplier,28237 Krystal Tunnel Apt. 444,East Jillian,NC,22560,+1-505-682-7349x81739,contact@alvarez-smithmedical.com,Brian Peters,63-9384408,True,Kaiser PAP,2024-08-04,2027-03-27,True,False,2024-07-24
VEN10778,Wilson Inc Medical,DME Supplier,790 Brian Islands,Mitchellmouth,NC,63786,001-527-234-9531x159,contact@wilsonincmedical.com,Ann Nunez,97-6446026,True,Kaiser PAP,2022-06-15,2028-06-15,True,False,2023-12-18
VEN10779,Dickerson and Sons Healthcare,Pharmacy,40773 Robin Ridge Suite 349,South Kellymouth,TX,41654,761.767.0864x2692,contact@dickersonandsonshealthcare.com,Amanda Porter,26-1416071,True,Kaiser PAP,2023-06-27,2027-06-01,True,False,2024-05-12
VEN10780,"Lee, Chavez and Wells Supplies",Medical Supply,1207 Lopez Parks,New Miranda,NC,20856,382.586.9497,"contact@lee,chavezandwellssupplies.com",Dennis Johnson,58-6407870,True,Kaiser PAP,2026-03-18,2027-07-29,True,False,2022-01-06
VEN10781,Schwartz Inc Pharmacy,Pharmacy,8692 Robert Way Suite 244,Williamfort,FL,97627,7177259972,contact@schwartzincpharmacy.com,Christopher Flores,43-5684023,False,,2023-11-29,2027-03-10,True,False,2026-01-18
VEN10782,"Mcdowell, Abbott and Robertson Supplies",Medical Supply,7444 Kristin Ridge,Port Matthewmouth,GA,10482,+1-460-265-7111x82363,"contact@mcdowell,abbottandrobertsonsupplies.com",Anthony Grant,66-2590617,True,Kaiser PAP,2025-06-08,2026-11-22,True,False,2023-07-25
VEN10783,"Miller, Hanna and Mcgee Medical",DME Supplier,18065 Cheryl Mission,Melissahaven,NY,31877,853-931-2810,"contact@miller,hannaandmcgeemedical.com",Hayley Marsh,71-2041869,True,Kaiser PAP,2021-07-08,2027-08-07,True,False,2024-05-17
VEN10784,"Medina, Jennings and Schmidt Pharmacy",Home Health,3371 Moore Spur Suite 321,North Tracey,PA,24442,(397)988-7226x4896,"contact@medina,jenningsandschmidtpharmacy.com",William Hayden,85-5433507,True,Kaiser PAP,2022-04-10,2027-01-21,True,False,2024-08-06
VEN10785,Cole-Frost Supplies,Medical Supply,861 Roberts Knolls Apt. 206,Nicholsonshire,OH,36117,(561)203-1399x6621,contact@cole-frostsupplies.com,Kelly Martinez,21-7927098,True,Kaiser PAP,2025-08-28,2028-04-22,True,False,2022-03-22
VEN10786,Larson-Robinson Pharmacy,DME Supplier,23827 Waller Cliffs,Port Gregoryhaven,IL,92289,809.696.1543,contact@larson-robinsonpharmacy.com,Randy Graham,39-6769322,True,Kaiser PAP,2026-04-14,2027-06-11,True,False,2022-03-28
VEN10787,"Smith, Martinez and Butler Healthcare",Pharmacy,1724 Daniels Forks,Simonberg,IL,38618,+1-562-208-2355,"contact@smith,martinezandbutlerhealthcare.com",Mitchell Gallagher,52-6667186,True,Kaiser PAP,2024-12-15,2027-11-01,True,False,2024-06-13
VEN10788,Pearson-Hopkins Medical,Pharmacy,122 Jill Fort Apt. 403,Port Brittanyfurt,CA,21698,927.249.0716x091,contact@pearson-hopkinsmedical.com,Harold Andersen,66-2959011,True,Kaiser PAP,2024-03-26,2027-06-25,True,False,2024-04-25
VEN10789,Lewis and Sons Medical,Medical Supply,434 Crystal Village,West Luis,FL,21641,001-217-333-3912x55201,contact@lewisandsonsmedical.com,Stanley Monroe,15-3292574,True,,2025-03-18,2026-10-15,True,False,2025-01-07
VEN10790,Noble-Murray Supplies,DME Supplier,973 Kerr Shoal Apt. 530,Jameschester,GA,31132,373.299.0789x27322,contact@noble-murraysupplies.com,Brandon Mason,73-6248186,True,Kaiser PAP,2021-11-14,2027-09-26,True,False,2023-10-17
VEN10791,Hanson Ltd Healthcare,Pharmacy,76595 Megan Walks,North Jasonside,NC,39634,(782)642-5537x64539,contact@hansonltdhealthcare.com,Susan Austin,73-8271685,False,,2022-09-24,2028-05-18,True,False,2023-05-16
VEN10792,Mueller and Sons Supplies,DME Supplier,514 Kim Gateway,Trevorburgh,TX,22974,001-771-654-4847,contact@muellerandsonssupplies.com,Laura Miller,23-7912962,False,Kaiser PAP,2022-03-17,2027-03-27,True,False,2022-02-28
VEN10793,Hansen and Sons Medical,DME Supplier,82589 Miller Course,Michelleburgh,FL,16351,+1-223-287-2989x883,contact@hansenandsonsmedical.com,Rhonda Black,23-7618344,True,Kaiser PAP,2023-04-15,2027-05-28,True,False,2023-09-06
VEN10794,Anderson LLC Pharmacy,Medical Supply,005 Mark Plains Suite 050,Walkershire,OH,44147,(214)433-2653x2847,contact@andersonllcpharmacy.com,Michelle Williams,87-4206210,False,,2024-11-14,2028-01-16,True,False,2026-01-29
VEN10795,Simon Ltd Pharmacy,Lab,1399 Booker Prairie,Lake Patrick,OH,41227,5887313714,contact@simonltdpharmacy.com,Justin Smith,61-5021787,True,,2023-12-30,2026-12-18,True,False,2025-06-28
VEN10796,Thompson PLC Medical,Lab,82837 Wiggins Dale,Krystalshire,CA,62269,+1-277-832-4271x1897,contact@thompsonplcmedical.com,Bryan Roman MD,94-7549487,True,Kaiser PAP,2024-07-25,2027-11-13,True,False,2022-02-18
VEN10797,"Hampton, Crane and White Pharmacy",Pharmacy,3860 Perez Gateway Apt. 361,West Michellemouth,NY,18480,660.441.0610x009,"contact@hampton,craneandwhitepharmacy.com",Elizabeth Sharp,68-3546996,True,Kaiser PAP,2024-02-27,2026-08-15,True,False,2021-12-27
VEN10798,Davis-Stewart Medical,Home Health,99918 Margaret Island,Andersonmouth,GA,8961,667.573.3784x4598,contact@davis-stewartmedical.com,Courtney Ho,73-9869111,True,,2022-10-26,2027-02-11,True,False,2024-12-06
VEN10799,Gregory LLC Supplies,Transportation,4797 Rebecca Estates,Walkertown,NY,46068,+1-808-724-5905x037,contact@gregoryllcsupplies.com,Erik Jones,42-8442730,False,,2025-02-08,2027-10-05,True,False,2021-10-11
VEN10800,Kelly Group Healthcare,Pharmacy,06858 Bob Islands,West Danielside,IL,66418,511-554-3857x6994,contact@kellygrouphealthcare.com,Randy Marshall,18-9553270,True,Kaiser PAP,2024-06-30,2027-07-06,True,False,2023-10-06
VEN10801,Solis-Guerra Healthcare,DME Supplier,0825 Mary Gateway Suite 487,Mcdanielland,IL,13811,828.340.7625x6368,contact@solis-guerrahealthcare.com,Jennifer Weaver,89-2041308,True,Kaiser PAP,2025-09-05,2027-07-10,True,False,2025-06-23
VEN10802,"Holmes, Smith and Kim Supplies",Home Health,9800 Walker Trail,Lake Jordan,GA,46455,(366)223-0488,"contact@holmes,smithandkimsupplies.com",Joseph Graves,18-8248105,True,Kaiser PAP,2023-12-02,2027-01-12,True,False,2022-10-16
VEN10803,Payne-Greene Pharmacy,DME Supplier,350 Miller Manor Suite 877,West Allenville,GA,38730,001-493-592-9928x61395,contact@payne-greenepharmacy.com,Eric Blackwell,49-2643121,False,Kaiser PAP,2023-08-18,2027-06-28,True,False,2025-08-31
VEN10804,"Walton, Bradley and Hill Pharmacy",Pharmacy,662 Lawrence Mountains Apt. 146,East Jamesland,TX,19833,786.735.9233,"contact@walton,bradleyandhillpharmacy.com",Jennifer Gross,41-6309128,True,,2025-11-19,2027-08-07,True,False,2022-04-21
VEN10805,Hill LLC Pharmacy,Home Health,84145 King Streets,South Jody,IL,79109,(867)834-0606x249,contact@hillllcpharmacy.com,Justin Bender,38-9872402,True,Kaiser PAP,2022-12-04,2027-01-24,True,False,2022-08-17
VEN10806,"Benson, Kerr and Proctor Supplies",Home Health,807 Roy Shore Suite 112,Tuckerland,MI,96589,516.932.9142x3978,"contact@benson,kerrandproctorsupplies.com",Brittany Morgan,44-1643163,False,Kaiser PAP,2026-03-03,2026-07-09,True,False,2023-10-29
VEN10807,Campbell-Castillo Medical,Transportation,28939 Stephenson Knoll,Hollyberg,FL,6809,935-420-0248,contact@campbell-castillomedical.com,Luis Gutierrez,72-7256270,True,Kaiser PAP,2023-07-22,2028-05-22,True,False,2023-05-20
VEN10808,Hutchinson Inc Supplies,Home Health,46789 Hanson Harbor Suite 027,East Donaldshire,TX,34172,001-285-491-3879x338,contact@hutchinsonincsupplies.com,Mercedes Chapman,93-9497914,False,,2025-09-30,2028-04-08,True,False,2025-12-08
VEN10809,Robinson PLC Medical,Medical Supply,199 Espinoza Meadows Suite 837,West Erinstad,PA,19091,+1-479-264-5104x1269,contact@robinsonplcmedical.com,Jennifer Mason,79-9813912,True,,2023-09-26,2027-08-07,True,False,2022-11-15
VEN10810,Brown-Hart Supplies,DME Supplier,7794 Dominguez Ridges Apt. 577,Figueroaport,CA,81003,(963)414-8555,contact@brown-hartsupplies.com,Jordan Wilson,78-5414197,False,Kaiser PAP,2023-08-14,2026-11-13,True,False,2025-07-21
VEN10811,Brown LLC Pharmacy,DME Supplier,0650 Terri Club,Greenstad,OH,69530,445-354-1903x919,contact@brownllcpharmacy.com,Sara Tran,30-8649743,False,Kaiser PAP,2025-11-02,2027-03-27,True,False,2024-05-22
VEN10812,"Miller, Collins and Evans Pharmacy",Home Health,74648 Flores Crossing,Valeriebury,FL,12765,+1-329-552-2849x68887,"contact@miller,collinsandevanspharmacy.com",Brett Parker,24-3114217,True,Kaiser PAP,2023-03-06,2028-03-27,True,False,2022-07-14
VEN10813,"Wyatt, Oneal and Jones Medical",Transportation,7389 Ho Meadows Apt. 258,Jonathanhaven,GA,5129,001-686-792-8836x73049,"contact@wyatt,onealandjonesmedical.com",Stephanie Mckay,53-7874321,True,Kaiser PAP,2022-02-26,2027-05-29,True,False,2024-06-09
VEN10814,"Jordan, Norton and Moore Medical",Home Health,9575 Roberts Ranch Suite 720,Lake Brooke,IL,14242,001-679-784-3475x2310,"contact@jordan,nortonandmooremedical.com",Ashley Walton,16-1872291,True,,2023-03-02,2028-03-25,True,False,2023-10-26
VEN10815,"Case, Aguilar and Galvan Supplies",Transportation,8866 Clark Alley,Daniellemouth,PA,44045,001-325-378-9436x679,"contact@case,aguilarandgalvansupplies.com",Jennifer Romero,24-9222996,True,Kaiser PAP,2024-08-23,2026-07-22,True,False,2026-03-06
VEN10816,Daniel LLC Healthcare,Lab,97025 Shannon Track Suite 657,Roachmouth,TX,34837,9456430427,contact@danielllchealthcare.com,Jasmine Rodriguez,89-1263626,True,,2023-05-09,2027-06-12,True,False,2024-05-17
VEN10817,Wheeler PLC Medical,DME Supplier,6494 Heather Tunnel,North Angela,NC,52531,712-300-7558x45999,contact@wheelerplcmedical.com,Kelly Taylor,32-7246129,True,Kaiser PAP,2024-05-05,2027-10-23,True,False,2023-12-26
VEN10818,"Pearson, Perez and Gonzalez Medical",Lab,46374 Kimberly Squares,Francoshire,PA,72862,739-256-6637x0030,"contact@pearson,perezandgonzalezmedical.com",Ann Smith,17-7995869,False,Kaiser PAP,2022-08-06,2027-08-13,True,False,2024-11-27
VEN10819,Grant Inc Supplies,Lab,0897 Mary Roads Apt. 847,South Danielle,PA,11067,4672726838,contact@grantincsupplies.com,Francisco Padilla,76-2468077,True,Kaiser PAP,2022-04-13,2027-11-02,True,False,2025-07-10
VEN10820,Maddox-Shelton Medical,Transportation,964 Richard Locks,Turnerton,PA,71296,(363)791-9903x615,contact@maddox-sheltonmedical.com,Aaron Saunders II,47-8909343,True,Kaiser PAP,2025-04-20,2026-10-04,True,False,2023-09-10
VEN10821,White-Sullivan Medical,Lab,45297 Kathryn Harbor Apt. 825,Lake Thomashaven,NC,10863,(401)849-6088x21834,contact@white-sullivanmedical.com,Arthur Miles,81-2531569,True,,2023-06-21,2028-05-29,True,False,2024-01-04
VEN10822,West-Mercado Healthcare,Home Health,3324 Santos Burgs Suite 200,South Jennifer,IL,61669,001-504-403-9337x68919,contact@west-mercadohealthcare.com,Deborah Vincent,32-6578991,True,Kaiser PAP,2023-02-02,2028-03-25,True,False,2022-11-27
VEN10823,Harmon-Reynolds Supplies,Transportation,80172 Pope Rapids,Flemingburgh,NC,42678,001-370-529-1242x56426,contact@harmon-reynoldssupplies.com,Justin Perez Jr.,81-4068536,True,,2026-05-18,2027-05-08,True,False,2024-09-20
VEN10824,Juarez-Orr Pharmacy,Transportation,286 Torres Path Apt. 123,Bakermouth,MI,57254,241.606.9806,contact@juarez-orrpharmacy.com,William Frank,27-1547806,False,Kaiser PAP,2022-05-28,2027-05-14,True,False,2025-12-06
VEN10825,May Group Healthcare,Home Health,819 Gardner Parks,North Billy,FL,42177,(696)668-7879x99414,contact@maygrouphealthcare.com,Colleen Jacobs,19-9151563,True,Kaiser PAP,2024-07-20,2026-11-02,True,False,2023-05-09
VEN10826,"Nguyen, Koch and Wong Pharmacy",Home Health,654 Harvey Loop Suite 649,Avilashire,IL,61277,6023520680,"contact@nguyen,kochandwongpharmacy.com",Michael Harvey,63-6875362,False,Kaiser PAP,2023-09-29,2026-07-04,True,False,2022-05-30
VEN10827,Cooper-Anderson Healthcare,Lab,504 Alvarez Tunnel Suite 801,Wagnerville,TX,71984,669.940.9745,contact@cooper-andersonhealthcare.com,Sylvia Wilson,67-7448751,False,,2025-01-25,2028-04-09,True,False,2026-06-04
VEN10828,Norman-Williams Pharmacy,Home Health,052 Campbell Manors Apt. 455,Robertsstad,NY,92622,250.945.8469,contact@norman-williamspharmacy.com,Larry Fox,73-5696216,False,,2024-07-22,2027-02-22,True,False,2024-01-27
VEN10829,Porter Group Pharmacy,Transportation,834 Leslie Shoals Apt. 706,North William,NC,48908,+1-609-772-1362x81665,contact@portergrouppharmacy.com,Cody Mccoy,29-9014108,False,Kaiser PAP,2025-11-18,2027-03-01,True,False,2021-09-10
VEN10830,Gutierrez LLC Healthcare,Pharmacy,75951 Christopher Ford Apt. 935,Gonzalezstad,FL,62118,(764)539-3505x26378,contact@gutierrezllchealthcare.com,Ricardo Morales,52-2903059,True,,2022-08-23,2028-02-18,True,False,2026-06-09
VEN10831,Rodgers Group Supplies,DME Supplier,91326 Santiago Springs Suite 943,Davidville,MI,46461,444-556-5367x4674,contact@rodgersgroupsupplies.com,Justin Brown,37-6012202,False,,2025-12-16,2027-07-22,True,False,2024-05-04
VEN10832,Mason PLC Supplies,Pharmacy,8268 Khan Run Suite 081,Port Ianport,NY,47000,+1-391-690-0323,contact@masonplcsupplies.com,Tanya Hill,14-9470786,False,,2023-10-23,2027-06-05,True,False,2022-05-20
VEN10833,Hunt-Garner Supplies,Pharmacy,585 Moore Row Suite 814,Murphyfort,OH,68633,300-631-9130,contact@hunt-garnersupplies.com,Cindy Ward,21-5053521,True,Kaiser PAP,2024-12-22,2027-12-29,True,False,2026-01-22
VEN10834,"Hall, Mcmillan and Lewis Supplies",Lab,825 Ward Mission Suite 188,Lake Jeffreyland,TX,14671,001-496-228-0939x61177,"contact@hall,mcmillanandlewissupplies.com",Melissa Williams,37-9028746,False,,2023-08-05,2026-10-17,True,False,2025-07-20
VEN10835,Warren-Scott Supplies,Pharmacy,765 Kyle Key Suite 593,North Paul,PA,42429,+1-669-222-3636x039,contact@warren-scottsupplies.com,Sarah Foster,95-6485970,False,,2024-10-02,2026-11-09,True,False,2024-08-02
VEN10836,"Bruce, Barrett and Parrish Medical",Pharmacy,17774 Joshua Mountains Suite 033,Goodmanhaven,CA,18941,357.343.3366x7919,"contact@bruce,barrettandparrishmedical.com",Donald Tucker,38-4020903,False,,2023-10-28,2027-05-26,True,False,2023-09-20
VEN10837,"Smith, Robles and Barry Medical",Medical Supply,239 Timothy Track Apt. 884,Jesseshire,TX,22042,+1-237-482-1623x789,"contact@smith,roblesandbarrymedical.com",Whitney David,90-8663645,False,Kaiser PAP,2023-01-18,2027-07-09,True,False,2022-04-15
VEN10838,Oneal-Bell Supplies,Lab,05175 Warner Drive,Jacksonside,OH,74972,+1-739-496-7102x716,contact@oneal-bellsupplies.com,Alyssa Shah,32-9582639,True,Kaiser PAP,2023-05-05,2027-04-28,True,False,2026-03-01
VEN10839,"Martin, Jackson and Mercer Supplies",Pharmacy,3653 Woods Lane Suite 474,Port Alicia,OH,74226,545-325-5142x736,"contact@martin,jacksonandmercersupplies.com",Lauren Peterson,93-6363252,True,,2025-08-29,2027-04-23,True,False,2022-10-26
VEN10840,"Barton, Ingram and Anderson Medical",Medical Supply,140 Robinson Causeway Suite 836,New Heather,CA,52732,+1-238-853-5761x18415,"contact@barton,ingramandandersonmedical.com",Carrie Romero,14-6408375,False,Kaiser PAP,2021-12-03,2026-09-14,True,False,2024-07-30
VEN10841,"Torres, Key and Davis Supplies",DME Supplier,0945 Jason Curve Apt. 924,Andreachester,GA,36577,360.689.1948x375,"contact@torres,keyanddavissupplies.com",Shannon Schwartz,39-6789498,True,Kaiser PAP,2024-01-01,2028-04-21,True,False,2024-09-05
VEN10842,White-Sims Healthcare,Transportation,8096 Carmen Locks,New Susanmouth,CA,21174,524-670-7336,contact@white-simshealthcare.com,Tammy Avery,44-4468522,True,Kaiser PAP,2022-04-18,2028-03-13,True,False,2025-09-03
VEN10843,"Chavez, King and Miles Medical",DME Supplier,99854 April Branch,Vazquezshire,CA,42475,470.372.0369,"contact@chavez,kingandmilesmedical.com",Alejandro Kramer,19-2674456,True,Kaiser PAP,2023-06-25,2027-01-06,True,False,2026-03-25
VEN10844,Cross-Garcia Medical,Home Health,35749 Tammy Throughway Suite 182,East Elizabethland,GA,97343,(531)849-6185x5850,contact@cross-garciamedical.com,Dale Rose,77-4791409,False,Kaiser PAP,2021-10-27,2027-07-17,True,False,2026-01-13
VEN10845,Johns-Zuniga Healthcare,Medical Supply,11185 Manuel Plains,Mcguireview,IL,23140,729-873-1167,contact@johns-zunigahealthcare.com,Theresa Brown,46-5538972,True,Kaiser PAP,2022-04-14,2026-12-10,True,False,2026-06-04
VEN10846,Wheeler-Ortiz Medical,DME Supplier,6358 Alexander Meadow Apt. 051,West Debra,NY,35074,540-361-3140,contact@wheeler-ortizmedical.com,Anna Cisneros,57-2301122,False,Kaiser PAP,2024-12-23,2026-07-19,True,False,2025-03-13
VEN10847,Peters Group Medical,Home Health,339 Brown Lake,Walkertown,NC,92000,001-461-862-0067x90931,contact@petersgroupmedical.com,Daniel Ellis,57-3177760,True,Kaiser PAP,2021-11-06,2026-07-17,True,False,2024-11-26
VEN10848,Williams-Wright Healthcare,Lab,4390 Madden Pike Suite 286,Jessicabury,GA,86856,659-478-2546,contact@williams-wrighthealthcare.com,Jose Lee,72-5092868,True,Kaiser PAP,2024-08-22,2028-06-16,True,False,2025-02-18
VEN10849,Davenport Ltd Healthcare,Pharmacy,089 James Club,Port Heidi,GA,2078,7406985858,contact@davenportltdhealthcare.com,Joseph Gray,34-5762926,False,Kaiser PAP,2022-01-11,2026-11-04,True,False,2022-12-05
VEN10850,"Reed, Murphy and Ortiz Medical",Medical Supply,04787 Anderson Land,Markborough,NC,13657,712.550.6055x876,"contact@reed,murphyandortizmedical.com",Debbie Diaz,76-6178882,True,Kaiser PAP,2022-08-09,2027-04-30,True,False,2022-12-22
VEN10851,"Stewart, Johnson and Griffin Healthcare",Home Health,43033 Peterson Fall Suite 192,West Kevin,MI,55334,+1-624-562-6997x356,"contact@stewart,johnsonandgriffinhealthcare.com",Jacob Franklin,53-8457787,True,Kaiser PAP,2023-06-14,2027-11-16,True,False,2022-07-19
VEN10852,Griffin-Brown Pharmacy,Medical Supply,1735 Jennifer Spring,New Stephen,TX,29848,981-621-2596,contact@griffin-brownpharmacy.com,Brian Turner,82-4780785,True,,2026-05-02,2026-09-18,True,False,2025-10-15
VEN10853,"Anderson, Kirby and Miller Pharmacy",Home Health,0730 Lisa Plaza,Bernardmouth,TX,83181,3505362230,"contact@anderson,kirbyandmillerpharmacy.com",Susan Morales,43-1336163,True,Kaiser PAP,2024-10-29,2027-12-05,True,False,2025-08-10
VEN10854,Sanders-Hernandez Pharmacy,Lab,375 Taylor Gardens Apt. 064,East Kimberly,TX,68526,206-701-7843,contact@sanders-hernandezpharmacy.com,Cheryl Wilson,62-6485102,True,Kaiser PAP,2024-07-17,2026-12-25,True,False,2026-05-20
VEN10855,"Rich, Baker and Caldwell Pharmacy",Home Health,30691 Andrew Summit Apt. 896,Lake Melinda,MI,19144,001-343-608-1789,"contact@rich,bakerandcaldwellpharmacy.com",Joseph Wilson,35-4751105,False,,2021-09-15,2026-08-11,True,False,2021-07-22
VEN10856,"Ramirez, Proctor and Ware Medical",Transportation,72299 Samuel Cape,West Andrewfort,NC,61596,(845)830-6853x62524,"contact@ramirez,proctorandwaremedical.com",Sarah Matthews,89-4589888,True,Kaiser PAP,2022-07-20,2026-08-26,True,False,2021-09-02
VEN10857,"Malone, Buckley and House Healthcare",Medical Supply,983 William Canyon Suite 291,Williamsbury,IL,18362,3535654547,"contact@malone,buckleyandhousehealthcare.com",Nathan Robinson,45-6507021,True,Kaiser PAP,2025-10-08,2028-04-16,True,False,2025-07-29
VEN10858,"Dixon, Clark and Tran Pharmacy",Home Health,10649 Nicole Throughway Suite 570,Lisatown,MI,68572,+1-288-729-1590,"contact@dixon,clarkandtranpharmacy.com",Melissa Johnson,50-5382956,False,,2026-05-25,2028-03-09,True,False,2023-02-18
VEN10859,Hall Ltd Pharmacy,Home Health,602 Walter Mission Suite 931,Laurenton,IL,27469,001-673-385-2922x768,contact@hallltdpharmacy.com,George Pitts,62-2731789,False,Kaiser PAP,2023-05-24,2027-09-19,True,False,2023-06-02
VEN10860,Weber-Berg Medical,DME Supplier,3961 Harrison Squares Apt. 534,Johnsonhaven,TX,85851,461.765.7835,contact@weber-bergmedical.com,Melissa Patel,47-3247259,True,Kaiser PAP,2024-10-28,2026-11-25,True,False,2025-05-09
VEN10861,"Rollins, Bates and Rice Medical",Pharmacy,95491 Matthew Spring,Terrellburgh,MI,72024,001-324-615-0564x3652,"contact@rollins,batesandricemedical.com",Curtis Atkins,97-4452538,True,Kaiser PAP,2023-09-14,2027-02-18,True,False,2023-03-07
VEN10862,"Adams, Howe and Fleming Medical",DME Supplier,6820 Reed Drive Suite 008,Port Toddmouth,FL,84164,8768947026,"contact@adams,howeandflemingmedical.com",Corey Santiago,55-7944617,True,Kaiser PAP,2024-10-02,2027-12-27,True,False,2021-11-05
VEN10863,Mosley LLC Supplies,Lab,4163 Christine Via,South Elizabeth,IL,34017,+1-743-447-3352x9854,contact@mosleyllcsupplies.com,Gerald Williams,31-4791910,True,Kaiser PAP,2023-08-01,2028-06-17,True,False,2025-03-03
VEN10864,Brown PLC Medical,Pharmacy,594 David Way Apt. 818,East Jennifer,TX,42286,427.806.6588x045,contact@brownplcmedical.com,Charles Gibbs,39-6191116,True,Kaiser PAP,2022-11-17,2027-11-02,True,False,2023-11-22
VEN10865,Spears Group Healthcare,Transportation,85690 Holt Plain,Port Christopherhaven,OH,97115,906-348-1992,contact@spearsgrouphealthcare.com,Kathryn Garcia,43-5400632,True,Kaiser PAP,2021-10-15,2028-04-07,True,False,2025-07-20
VEN10866,Ferguson Ltd Healthcare,Pharmacy,50139 Kyle Neck Apt. 633,Lake Sharon,OH,32554,728.958.2588,contact@fergusonltdhealthcare.com,Bryan Williamson,38-1478834,False,Kaiser PAP,2022-01-31,2028-01-22,True,False,2024-05-11
VEN10867,"Clark, Morgan and Rodriguez Pharmacy",Transportation,2437 Melissa Garden,Gomezside,NY,33530,489-361-7177x09564,"contact@clark,morganandrodriguezpharmacy.com",John Bell,18-2549646,False,,2023-06-26,2027-08-01,True,False,2023-06-07
VEN10868,Hayes-Lynch Pharmacy,Home Health,53257 Frederick Heights,Thompsonmouth,OH,4259,(667)278-6992x079,contact@hayes-lynchpharmacy.com,Tara Oneill,78-4540263,True,,2023-04-25,2026-08-18,True,False,2023-05-02
VEN10869,Robertson-Schmidt Healthcare,DME Supplier,66356 Bolton Junctions Apt. 153,East Amandahaven,CA,87001,4867128753,contact@robertson-schmidthealthcare.com,Jaime Adams,17-1612126,True,Kaiser PAP,2026-06-10,2028-05-06,True,False,2025-03-30
VEN10870,Miller LLC Healthcare,Lab,0439 Perez Branch,Weisston,GA,74329,418.900.7580,contact@millerllchealthcare.com,Richard Edwards,91-7130477,False,,2023-01-01,2027-11-02,True,False,2021-10-24
VEN10871,Valdez Group Pharmacy,DME Supplier,66371 Evans Burgs,Port Julieberg,GA,41125,(965)497-0425x536,contact@valdezgrouppharmacy.com,Nicole House,48-3368849,False,Kaiser PAP,2023-10-18,2027-10-28,True,False,2023-04-30
VEN10872,Cruz-Hernandez Medical,Home Health,1342 Hayes Rue,Pattersonville,PA,36987,619.989.6472,contact@cruz-hernandezmedical.com,Joshua Morales,75-4322256,True,,2023-11-13,2027-03-24,True,False,2023-08-21
VEN10873,"Jones, Jackson and Rowland Pharmacy",Pharmacy,870 Stephanie Spring,Port Michael,IL,58757,(630)525-5437,"contact@jones,jacksonandrowlandpharmacy.com",Joseph Olsen,45-5742457,True,Kaiser PAP,2025-09-10,2027-03-06,True,False,2026-05-22
VEN10874,Shaw-Dodson Healthcare,Lab,7391 Michael Stream Suite 002,Wadeburgh,MI,12341,(846)325-8394,contact@shaw-dodsonhealthcare.com,Fernando Walsh,82-6252221,False,Kaiser PAP,2022-04-12,2026-09-30,True,False,2023-09-06
VEN10875,Sanders-Day Pharmacy,Medical Supply,981 Pham Throughway Suite 267,Faithview,TX,37381,221-792-3821,contact@sanders-daypharmacy.com,Alicia Wilson,84-2918724,True,Kaiser PAP,2025-06-22,2027-08-12,True,False,2024-05-07
VEN10876,Haynes-Wilkinson Pharmacy,Home Health,394 Robinson Plains,Millerland,OH,32736,6693771947,contact@haynes-wilkinsonpharmacy.com,Morgan Gillespie,21-3222808,True,,2024-01-25,2027-05-04,True,False,2026-03-24
VEN10877,"Vaughn, Greene and Rodriguez Healthcare",Lab,917 Francisco Ranch,Port Nancy,PA,63524,470-449-3702x6378,"contact@vaughn,greeneandrodriguezhealthcare.com",Angel Moore,12-2875780,True,Kaiser PAP,2023-10-20,2028-05-09,True,False,2023-09-12
VEN10878,Walter Group Pharmacy,Transportation,339 Ryan Park,South Tina,OH,64693,716-488-1495x8365,contact@waltergrouppharmacy.com,Sandra Dunn,60-8777032,False,Kaiser PAP,2022-10-02,2026-07-02,True,False,2022-09-02
VEN10879,Hill PLC Pharmacy,Transportation,14323 Hawkins Cliff Suite 778,Brandonshire,NC,82453,4344538970,contact@hillplcpharmacy.com,Maureen Turner,86-8171808,False,Kaiser PAP,2024-03-13,2026-08-30,True,False,2025-03-27
VEN10880,"Hays, Drake and Harris Healthcare",Medical Supply,73615 Levine Lake,Hickstown,NY,34140,(565)599-7598x3463,"contact@hays,drakeandharrishealthcare.com",Antonio Thompson,21-2493186,True,,2024-09-01,2026-09-13,True,False,2023-12-09
VEN10881,"Scott, Meyers and Bush Pharmacy",Pharmacy,438 Nicole Circles Suite 396,Lake Jacob,NY,15466,(804)478-0041x378,"contact@scott,meyersandbushpharmacy.com",Patrick Sanchez,83-9151954,False,,2023-09-04,2027-09-03,True,False,2025-04-15
VEN10882,Wilson PLC Pharmacy,Home Health,68001 Thomas Mountain,Obrienstad,TX,40495,665.683.0855,contact@wilsonplcpharmacy.com,Christopher Alvarez,31-1034279,True,,2025-09-19,2027-06-30,True,False,2024-11-17
VEN10883,Williams and Sons Healthcare,DME Supplier,49253 Michelle Rue,Campbellside,OH,83314,269-735-4027,contact@williamsandsonshealthcare.com,Mary Adams,26-8949265,False,,2024-07-22,2028-04-10,True,False,2025-12-25
VEN10884,Moore-Fernandez Supplies,Home Health,10878 William Mill Suite 946,Nguyenville,TX,30217,+1-541-304-0340x45950,contact@moore-fernandezsupplies.com,Christine Pearson,11-9068150,True,Kaiser PAP,2023-10-28,2026-10-12,True,False,2023-07-12
VEN10885,Lawrence Inc Supplies,DME Supplier,585 Danielle Spring Suite 039,West Melissa,OH,91250,370.201.0158x45348,contact@lawrenceincsupplies.com,Matthew Cervantes,89-3216714,True,Kaiser PAP,2025-07-20,2026-12-26,True,False,2025-01-18
VEN10886,Robinson Ltd Pharmacy,Transportation,6856 Ellis Cove Apt. 300,Markland,PA,49222,905-855-4947x6555,contact@robinsonltdpharmacy.com,Cheryl Nguyen,45-5315484,False,Kaiser PAP,2022-03-01,2026-08-16,True,False,2021-11-21
VEN10887,"Garcia, Brown and Patton Healthcare",Lab,854 Dalton Route,East Michellefort,OH,73357,324-404-7486x5929,"contact@garcia,brownandpattonhealthcare.com",Kevin Miller,53-6814997,False,,2025-01-24,2026-10-03,True,False,2021-12-17
VEN10888,Johnson-Kerr Medical,Medical Supply,9760 Chung Oval Apt. 013,East Thomasborough,PA,98037,992-526-8999,contact@johnson-kerrmedical.com,Charles Davis,13-2237323,False,Kaiser PAP,2026-01-26,2027-01-23,True,False,2023-10-10
VEN10889,"Smith, Carey and Thompson Healthcare",DME Supplier,7704 John Green,Cliffordport,NY,15858,2704992419,"contact@smith,careyandthompsonhealthcare.com",Maria Bradshaw,48-8270623,True,Kaiser PAP,2023-11-18,2027-11-19,True,False,2025-02-18
VEN10890,Martinez-Hunter Pharmacy,Lab,7203 Jessica Square Suite 490,South Samanthashire,FL,83063,268-573-8019x96866,contact@martinez-hunterpharmacy.com,Kathleen Kennedy,23-3410046,False,,2025-02-17,2026-11-01,True,False,2024-11-26
VEN10891,Garza PLC Pharmacy,Home Health,49377 Jennifer Manor,Davidchester,MI,43875,639.291.9046x92422,contact@garzaplcpharmacy.com,Holly Dougherty,18-2393212,True,Kaiser PAP,2024-02-28,2027-02-02,True,False,2023-11-04
VEN10892,Nicholson-Griffin Pharmacy,Medical Supply,070 Frey Junctions,Danielleview,MI,41486,(593)713-1985,contact@nicholson-griffinpharmacy.com,Amy Marshall,96-2997709,True,,2026-04-15,2028-05-21,True,False,2022-09-02
VEN10893,"Smith, Carrillo and Bowman Medical",Pharmacy,670 Young Street Apt. 820,North Kimberlyfurt,CA,21708,451-745-1398x4556,"contact@smith,carrilloandbowmanmedical.com",Karina Young,95-1589646,True,Kaiser PAP,2026-02-01,2028-01-09,True,False,2022-06-29
VEN10894,Hale-Morton Supplies,Lab,0816 Paul Flats Suite 074,South Connorland,PA,90894,9212905195,contact@hale-mortonsupplies.com,Deanna Cain,34-6990598,False,Kaiser PAP,2021-08-13,2028-01-24,True,False,2025-12-27
VEN10895,"Larsen, Smith and Sheppard Healthcare",Medical Supply,2601 Michael Corner Apt. 997,Martinland,PA,80192,399.933.8354x0701,"contact@larsen,smithandsheppardhealthcare.com",Kaylee Morrison,73-3341229,True,Kaiser PAP,2025-04-27,2028-01-24,True,False,2023-05-02
VEN10896,Miller-Jenkins Supplies,Medical Supply,742 Kim Drives,Port Georgemouth,GA,2088,+1-919-594-1816x5716,contact@miller-jenkinssupplies.com,Lee Ferguson,23-7718020,True,,2025-01-12,2026-09-06,True,False,2021-08-30
VEN10897,Stewart-Riddle Supplies,Medical Supply,671 Hensley Islands Apt. 414,Thomastown,PA,25920,548-285-6390x4065,contact@stewart-riddlesupplies.com,Michelle Miles,76-8597493,True,Kaiser PAP,2023-08-24,2027-12-31,True,False,2022-05-12
VEN10898,Dixon-Taylor Pharmacy,Pharmacy,9573 Joshua Throughway Suite 723,West Kyleport,MI,89588,+1-537-610-1800x56381,contact@dixon-taylorpharmacy.com,Sabrina Johnson,95-6230115,True,Kaiser PAP,2022-11-16,2027-11-01,True,False,2024-10-25
VEN10899,Hughes Ltd Supplies,DME Supplier,4024 James Fork Apt. 221,Burgessville,PA,38919,001-972-784-8660x95072,contact@hughesltdsupplies.com,Mrs. Jennifer Simmons,10-8208342,True,Kaiser PAP,2025-12-14,2027-03-31,True,False,2026-03-04
VEN10900,Caldwell Inc Pharmacy,Transportation,696 Jacqueline Curve Suite 714,Brownland,GA,95693,324.925.6504x841,contact@caldwellincpharmacy.com,Jordan Simpson,10-3845765,True,Kaiser PAP,2023-03-02,2026-10-15,True,False,2024-03-16
VEN10901,Castro and Sons Medical,Transportation,9139 Katherine Avenue,Montoyahaven,OH,6000,(391)847-1633x940,contact@castroandsonsmedical.com,Angela Melendez,11-2119842,True,Kaiser PAP,2022-10-28,2028-03-03,True,False,2022-01-24
VEN10902,Hart-Powers Medical,Pharmacy,51262 Cooper Lights Apt. 199,Port Reginaldland,PA,56851,001-509-647-1545,contact@hart-powersmedical.com,Mary Allen,42-2154514,False,Kaiser PAP,2025-05-22,2027-04-12,True,False,2022-10-25
VEN10903,"Palmer, Dean and Miller Healthcare",Lab,30470 Robles Brooks,North Ricardo,MI,78214,7357639042,"contact@palmer,deanandmillerhealthcare.com",Kristin Lee,18-3727062,False,Kaiser PAP,2024-12-07,2028-01-24,True,False,2025-03-27
VEN10904,Elliott-Roy Healthcare,Pharmacy,173 Jackson Circles,North Michelle,CA,31405,+1-839-762-7451x19271,contact@elliott-royhealthcare.com,Bradley Mccarthy,83-8287688,True,Kaiser PAP,2023-05-08,2028-01-30,True,False,2025-05-06
VEN10905,Webb Ltd Healthcare,Medical Supply,8524 Boyd Inlet,Port Dale,TX,53921,(668)695-2835x47272,contact@webbltdhealthcare.com,Craig Hampton,33-3489812,True,Kaiser PAP,2023-06-08,2027-08-22,True,False,2024-01-14
VEN10906,Miller PLC Medical,Transportation,34943 Munoz Mall Apt. 719,West Alanfort,CA,82497,(996)957-0845,contact@millerplcmedical.com,Kimberly Scott,81-1608733,True,Kaiser PAP,2023-05-26,2028-02-19,True,False,2023-08-20
VEN10907,Gonzales-Mcdonald Healthcare,Pharmacy,6160 James Forks Apt. 741,Wheelerberg,CA,71133,001-423-338-6459x273,contact@gonzales-mcdonaldhealthcare.com,Fred Johnson,43-9602754,False,Kaiser PAP,2023-12-04,2027-08-07,True,False,2025-08-03
VEN10908,Marquez-Travis Healthcare,DME Supplier,285 Morgan Fort Suite 073,Saraberg,CA,86279,378.533.4830x85992,contact@marquez-travishealthcare.com,John Crawford,34-8256956,True,Kaiser PAP,2021-11-13,2027-05-16,True,False,2024-02-23
VEN10909,"Henson, Kent and Marquez Healthcare",Pharmacy,1661 Amanda Wall,West Christinafurt,TX,36464,(308)415-0330x7222,"contact@henson,kentandmarquezhealthcare.com",Jonathan Wallace,91-5931558,True,Kaiser PAP,2023-09-13,2028-05-11,True,False,2022-02-15
VEN10910,Schmitt-Mitchell Medical,DME Supplier,378 Stephanie Corners Apt. 338,North Alexis,OH,63321,001-631-918-5940x25439,contact@schmitt-mitchellmedical.com,Grace Thomas,22-3149283,True,Kaiser PAP,2021-10-09,2027-08-27,True,False,2026-03-18
VEN10911,Taylor LLC Healthcare,Pharmacy,510 Bishop Trafficway,Hallville,GA,68017,(720)481-8762x3659,contact@taylorllchealthcare.com,James Lopez,69-6398614,True,Kaiser PAP,2024-03-14,2027-12-19,True,False,2023-02-09
VEN10912,"Gilbert, Martinez and Mcclure Pharmacy",Pharmacy,75222 Holder Pike,South Nicole,FL,75963,001-781-903-1685x157,"contact@gilbert,martinezandmcclurepharmacy.com",Michael Zamora,63-3835902,False,,2022-07-31,2028-02-28,True,False,2026-01-12
VEN10913,Suarez Inc Healthcare,DME Supplier,077 Daniel Unions,West Samuel,MI,42201,979-475-2983x475,contact@suarezinchealthcare.com,Robert Campos,57-2727453,False,,2023-06-24,2028-05-24,True,False,2021-07-09
VEN10914,"Lawson, Nelson and Cox Medical",DME Supplier,5101 Bradford Union,Lake Brianview,GA,8209,(418)447-6401x8310,"contact@lawson,nelsonandcoxmedical.com",Allison Bell,54-8366860,True,Kaiser PAP,2024-08-07,2027-05-11,True,False,2023-01-19
VEN10915,Robinson Group Medical,Home Health,218 Flores Plains Apt. 335,Mikaylaborough,OH,97091,+1-543-451-0036x592,contact@robinsongroupmedical.com,Ashley Hall,66-9185475,True,Kaiser PAP,2023-11-25,2028-02-07,True,False,2023-04-26
VEN10916,Sims Ltd Pharmacy,Home Health,326 Ritter Turnpike Apt. 118,North Lisabury,NY,35031,550.548.1895x07668,contact@simsltdpharmacy.com,Bryan Mcfarland,53-8593260,True,Kaiser PAP,2023-06-21,2027-01-17,True,False,2025-01-23
VEN10917,Aguilar PLC Pharmacy,Lab,300 Duke Circle,West Christopher,CA,21587,(438)520-9758,contact@aguilarplcpharmacy.com,Kyle Wood,24-2377765,False,,2025-12-03,2028-02-04,True,False,2022-08-17
VEN10918,"Miles, Norris and Hughes Healthcare",Transportation,591 Christopher Causeway,Sarahshire,PA,70749,+1-418-546-8638x2459,"contact@miles,norrisandhugheshealthcare.com",Jennifer Watts,84-1610653,True,,2021-09-14,2027-07-09,True,False,2023-11-03
VEN10919,"Brown, Hernandez and Avila Pharmacy",DME Supplier,8886 Karen Estates Apt. 034,North William,NY,84640,(373)891-4095,"contact@brown,hernandezandavilapharmacy.com",Kelly Warner,15-5938321,False,Kaiser PAP,2026-05-28,2026-11-21,True,False,2026-06-04
VEN10920,"Lopez, French and Gray Healthcare",Lab,120 Leblanc Wall,East Michelle,OH,77133,001-855-873-3087x607,"contact@lopez,frenchandgrayhealthcare.com",Natalie White,54-8143670,False,,2022-03-29,2028-06-26,True,False,2025-10-11
VEN10921,Davis Group Pharmacy,Pharmacy,8514 James Junctions,Haleymouth,PA,29886,(484)555-2485x0807,contact@davisgrouppharmacy.com,Julie Miller,37-4825080,True,,2026-05-11,2027-03-12,True,False,2026-01-19
VEN10922,Clements-Garcia Supplies,Home Health,146 Cervantes Pines Suite 165,Charleschester,NC,28147,(871)341-1235x647,contact@clements-garciasupplies.com,Chelsea Avila,53-7725088,False,,2023-01-12,2027-02-26,True,False,2022-05-21
VEN10923,"Gilbert, Peterson and Wright Healthcare",Transportation,659 Elizabeth Squares Suite 180,New Elaine,GA,49492,001-372-590-7505x6582,"contact@gilbert,petersonandwrighthealthcare.com",Glen Gomez,38-5082153,False,Kaiser PAP,2023-09-09,2028-04-06,True,False,2023-02-25
VEN10924,Burton LLC Healthcare,Pharmacy,93340 Mark Mountain Suite 541,West Cheryl,FL,9021,(460)512-6615x000,contact@burtonllchealthcare.com,Lindsey Reynolds,65-6846067,True,Kaiser PAP,2021-11-14,2028-03-28,True,False,2024-08-07
VEN10925,Mann-Jarvis Pharmacy,Pharmacy,13751 Abigail Crossroad,Maryport,NC,18860,990-569-1587x99019,contact@mann-jarvispharmacy.com,Michelle Lawson,82-8140375,False,Kaiser PAP,2026-03-14,2028-01-07,True,False,2021-09-12
VEN10926,"Gonzalez, Bond and Todd Pharmacy",Lab,409 Schultz Center,Biancatown,MI,67300,001-633-243-9849,"contact@gonzalez,bondandtoddpharmacy.com",Joseph Johnson MD,13-8123462,False,,2023-06-15,2027-03-30,True,False,2026-02-08
VEN10927,Allen-Rhodes Medical,Home Health,5760 Lee Squares,Lake Craig,NC,69253,+1-853-375-6605,contact@allen-rhodesmedical.com,David Stevens,61-4561441,False,,2023-06-04,2027-02-19,True,False,2023-12-01
VEN10928,Hardin-Flowers Medical,Home Health,8659 Edward Stravenue,Amyhaven,PA,613,+1-713-596-7169x453,contact@hardin-flowersmedical.com,Carrie Lewis DVM,38-2627541,False,Kaiser PAP,2023-06-21,2028-04-23,True,False,2023-07-03
VEN10929,Anderson-Chapman Pharmacy,Lab,090 Bruce Ranch Suite 741,Bethanymouth,IL,26511,001-275-380-7707x427,contact@anderson-chapmanpharmacy.com,Danielle Graham,43-7299064,True,,2024-03-27,2028-02-06,True,False,2025-08-05
VEN10930,Smith-House Supplies,Pharmacy,70876 Eric Freeway Apt. 749,Robertston,CA,27394,+1-670-918-6131,contact@smith-housesupplies.com,Joshua Ramirez,54-4697033,True,,2022-05-03,2027-01-27,True,False,2025-07-22
VEN10931,"Johnson, Norris and Smith Supplies",Transportation,2337 Adam Drive,South Dominique,CA,91845,001-611-624-8641,"contact@johnson,norrisandsmithsupplies.com",Gregory Mills,13-3638988,True,Kaiser PAP,2025-06-23,2027-06-06,True,False,2024-01-25
VEN10932,"Monroe, Flores and Garrison Supplies",Lab,5911 Jose Views Suite 098,Baileyberg,NY,23973,+1-671-452-2740x369,"contact@monroe,floresandgarrisonsupplies.com",Tammy Higgins,64-8930868,False,,2025-10-20,2028-06-16,True,False,2026-04-20
VEN10933,Moody-Stephenson Medical,Medical Supply,6427 Andrew Bridge,Port Jamesland,NC,23491,920-846-8913x933,contact@moody-stephensonmedical.com,Nancy Chang,40-3945308,True,Kaiser PAP,2023-10-22,2028-06-10,True,False,2023-06-26
VEN10934,Frank Ltd Medical,Medical Supply,744 Valenzuela Greens Suite 380,Lake Dylan,CA,17318,(660)714-6795x4702,contact@frankltdmedical.com,Sarah Lopez,87-7019032,True,Kaiser PAP,2026-01-05,2027-03-10,True,False,2021-10-23
VEN10935,Ochoa-Matthews Pharmacy,Home Health,5523 Shelley Heights,Seanmouth,IL,81815,001-804-730-1837x312,contact@ochoa-matthewspharmacy.com,Reginald Lee,53-5702977,False,,2024-01-29,2028-05-05,True,False,2022-07-10
VEN10936,Gonzales-Miller Medical,Transportation,61567 Tracy Unions Suite 173,Hartmanville,PA,73636,455-931-3028x283,contact@gonzales-millermedical.com,Mr. Christopher Caldwell Jr.,21-3888325,True,Kaiser PAP,2023-08-25,2026-09-20,True,False,2024-06-23
VEN10937,Floyd-Porter Medical,Lab,91798 Campbell Bypass,Robertville,TX,43835,328.805.4642x0019,contact@floyd-portermedical.com,Katrina Dixon,53-4204802,False,Kaiser PAP,2021-08-20,2028-06-28,True,False,2023-12-14
VEN10938,Wallace Ltd Healthcare,DME Supplier,7726 Gibson Manor Apt. 162,West Joshua,MI,58205,910-464-2456,contact@wallaceltdhealthcare.com,Gregory Petersen,20-4044074,True,Kaiser PAP,2024-07-26,2028-05-05,True,False,2022-08-02
VEN10939,Barnett Group Supplies,Transportation,037 Brandi Manor,Williamsview,IL,88130,349-622-8497,contact@barnettgroupsupplies.com,Caroline White,65-2207437,True,Kaiser PAP,2023-01-18,2028-04-29,True,False,2025-03-01
VEN10940,Petersen-Shaw Pharmacy,Lab,9416 Brent Manors Suite 828,West Teresaport,NC,58390,4349671463,contact@petersen-shawpharmacy.com,Jeffrey Soto,72-7952692,True,Kaiser PAP,2026-03-16,2027-10-08,True,False,2025-10-13
VEN10941,Jordan Group Medical,Transportation,15961 Tracie Pines Suite 263,Marytown,PA,16541,613.243.7599,contact@jordangroupmedical.com,Rodney Bennett,69-8872812,True,Kaiser PAP,2022-02-27,2027-07-07,True,False,2022-01-18
VEN10942,"Dunn, Sexton and Young Supplies",Lab,11517 Christopher Garden Apt. 669,Rojasfort,MI,20247,328-431-6904x7900,"contact@dunn,sextonandyoungsupplies.com",Jeremy Reed,63-1233366,False,Kaiser PAP,2025-10-23,2027-08-07,True,False,2024-06-23
VEN10943,"Rivera, Gomez and Ballard Supplies",Home Health,185 Williams Inlet Apt. 932,North Matthew,NY,14761,430-497-0047,"contact@rivera,gomezandballardsupplies.com",Dustin Stark,21-8452193,True,,2024-03-23,2026-12-24,True,False,2021-08-18
VEN10944,"Gonzalez, Gilbert and Ray Medical",DME Supplier,9212 Stephens Ferry Apt. 786,East Taylormouth,NY,39186,730-663-2266x700,"contact@gonzalez,gilbertandraymedical.com",Rhonda Thomas,69-6259724,True,,2024-07-25,2026-08-08,True,False,2023-06-28
VEN10945,"Winters, Reed and Ramirez Pharmacy",Transportation,5970 Arnold Knoll,Lake Jessicaview,IL,90050,001-593-596-5227x432,"contact@winters,reedandramirezpharmacy.com",Reginald Short,42-6233635,False,Kaiser PAP,2025-01-14,2027-05-06,True,False,2024-12-31
VEN10946,"Quinn, Vargas and Woodard Healthcare",Pharmacy,85648 Megan Club,Baileyside,IL,25313,001-594-894-3188x3480,"contact@quinn,vargasandwoodardhealthcare.com",Carmen Wilson,90-7990805,True,Kaiser PAP,2024-01-30,2028-04-22,True,False,2021-11-05
VEN10947,Ward PLC Supplies,DME Supplier,84359 Michael Motorway,West Aprilhaven,NC,11308,218.324.5632x651,contact@wardplcsupplies.com,Stephen Brown,47-5336188,True,Kaiser PAP,2026-01-29,2026-11-29,True,False,2025-09-10
VEN10948,Chan Group Healthcare,Transportation,689 Mark Trafficway Apt. 596,Amymouth,NC,88492,351.926.6774x6320,contact@changrouphealthcare.com,Nathan Smith,32-6600306,True,Kaiser PAP,2023-12-07,2028-04-19,True,False,2022-05-31
VEN10949,Jordan-Pacheco Medical,Transportation,093 Reynolds Stravenue,Port Davidstad,IL,3811,813.971.0776,contact@jordan-pachecomedical.com,Nicholas Bird,65-8274207,True,Kaiser PAP,2025-05-17,2027-01-08,True,False,2025-08-15
VEN10950,Herman PLC Supplies,Transportation,02760 Maria Mountains Apt. 990,Richardsonborough,OH,12624,+1-946-831-6760x015,contact@hermanplcsupplies.com,Sheri Mckinney,64-2680747,True,Kaiser PAP,2022-03-01,2028-06-04,True,False,2023-06-08
VEN10951,"Nichols, Pena and Holloway Pharmacy",Transportation,3030 Amanda Motorway Suite 844,Port Scottview,OH,40183,773.492.9902x394,"contact@nichols,penaandhollowaypharmacy.com",Blake Green,61-4638936,True,Kaiser PAP,2025-06-24,2027-11-27,True,False,2025-04-11
VEN10952,Perry-Hill Pharmacy,Pharmacy,016 Timothy Haven,Davidton,MI,658,593.803.9265x028,contact@perry-hillpharmacy.com,Jessica Smith,29-8469389,False,,2022-12-22,2027-02-25,True,False,2025-12-04
VEN10953,Hutchinson-Taylor Pharmacy,Medical Supply,618 Wyatt Highway Apt. 978,East Jessicaville,OH,51340,621.935.2840,contact@hutchinson-taylorpharmacy.com,Kristina Grimes,33-8034658,True,Kaiser PAP,2021-11-26,2027-03-07,True,False,2024-10-07
VEN10954,Parsons-Barnett Pharmacy,Transportation,166 Martin Camp,Mariaton,GA,10184,512-923-2784x82180,contact@parsons-barnettpharmacy.com,Samantha Bruce,38-3361716,True,,2022-12-15,2027-10-09,True,False,2022-05-25
VEN10955,"Garrett, Reynolds and Johnson Healthcare",Lab,85965 Edward Brooks,Reedland,NC,54087,(665)492-5526x226,"contact@garrett,reynoldsandjohnsonhealthcare.com",Adrian Foley,71-9610033,False,,2022-09-08,2027-07-25,True,False,2023-03-04
VEN10956,Garza-Weiss Medical,Lab,6644 Jacqueline Lodge,Port Gregoryburgh,IL,98126,(423)909-2570x56950,contact@garza-weissmedical.com,Thomas Reed DVM,35-1103417,True,Kaiser PAP,2023-08-04,2027-09-08,True,False,2023-08-29
VEN10957,White-Burke Medical,Lab,1883 Hoffman Loop,North Martin,MI,78875,+1-290-556-7529,contact@white-burkemedical.com,Christine Day,95-9496730,True,Kaiser PAP,2024-03-20,2028-06-18,True,False,2023-02-06
VEN10958,Bates Inc Pharmacy,Pharmacy,3036 Crystal Track,North Emilyhaven,PA,27795,503-780-2528x130,contact@batesincpharmacy.com,Garrett Bates,40-9172232,True,,2021-12-09,2027-12-28,True,False,2021-07-05
VEN10959,Martinez Group Supplies,DME Supplier,04615 Nielsen Springs,Bradleyland,GA,86395,(265)769-7159x45539,contact@martinezgroupsupplies.com,Jamie Castro,51-3326379,False,Kaiser PAP,2025-10-05,2026-11-07,True,False,2024-04-24
VEN10960,"Barber, Jones and Kelly Medical",Medical Supply,08358 Allison Road,Port Stanleyview,IL,30819,001-838-364-1495x178,"contact@barber,jonesandkellymedical.com",Katelyn Kane,51-6486830,False,,2026-04-23,2028-04-18,True,False,2021-12-15
VEN10961,"Padilla, Thomas and Blake Medical",Medical Supply,0874 White Heights Suite 259,Dalemouth,FL,45742,+1-509-393-8561x21955,"contact@padilla,thomasandblakemedical.com",Dennis Page,54-2378370,True,Kaiser PAP,2024-12-16,2027-12-21,True,False,2023-08-29
VEN10962,Wilson-Roberts Pharmacy,Home Health,72802 Curtis Station,Josephview,IL,72477,383.508.7848x5744,contact@wilson-robertspharmacy.com,Melinda Roberts,14-4405832,True,Kaiser PAP,2026-03-21,2028-02-08,True,False,2024-07-18
VEN10963,Jones PLC Medical,Lab,5343 Tate Lodge,West Melissaborough,NC,9183,222-974-5198,contact@jonesplcmedical.com,Meghan Avery,76-8484652,True,Kaiser PAP,2023-06-12,2027-10-29,True,False,2024-05-14
VEN10964,"Conley, Austin and Hill Healthcare",Transportation,829 Noble Village Apt. 820,North Michaela,CA,47356,001-577-710-3455x624,"contact@conley,austinandhillhealthcare.com",Dr. Maurice Moore,55-2229755,True,Kaiser PAP,2021-12-13,2026-12-26,True,False,2024-07-27
VEN10965,"Gonzalez, Griffin and Anderson Supplies",Pharmacy,00441 Sandoval Highway Suite 670,Nunezhaven,FL,94302,377.846.6614,"contact@gonzalez,griffinandandersonsupplies.com",Aaron Burton,75-8335021,True,,2022-11-14,2028-06-27,True,False,2021-12-22
VEN10966,"Serrano, Mitchell and Gaines Medical",Transportation,83268 Shelton Crest Suite 303,Amyside,MI,62148,562-248-5597x94213,"contact@serrano,mitchellandgainesmedical.com",Sonya Fitzgerald,11-2036339,True,Kaiser PAP,2023-11-14,2027-06-25,True,False,2023-06-05
VEN10967,Carey Group Supplies,Transportation,377 Johnson Extension,North Christopherfurt,GA,55018,(458)838-3666x0317,contact@careygroupsupplies.com,Dr. William Wilson,16-8881868,False,,2024-12-23,2027-12-03,True,False,2024-07-06
VEN10968,"White, Bond and Gordon Pharmacy",Medical Supply,4883 Scott Springs Suite 884,Stewartfurt,FL,22218,(678)748-0530x963,"contact@white,bondandgordonpharmacy.com",Michael Yang,68-3876211,True,Kaiser PAP,2023-07-01,2026-10-10,True,False,2021-09-09
VEN10969,Ayers Group Medical,Home Health,44773 Debbie Ridges Suite 638,Lake Ryan,GA,37683,728-695-6200x608,contact@ayersgroupmedical.com,Jorge Mitchell,34-2439236,True,Kaiser PAP,2021-07-26,2027-09-06,True,False,2022-10-17
VEN10970,Harris Inc Supplies,Lab,40768 Andrew Islands,Romanborough,MI,26243,001-731-772-0055x4114,contact@harrisincsupplies.com,Tom Chase,43-6734660,False,,2025-01-21,2026-11-25,True,False,2023-06-22
VEN10971,Li and Sons Supplies,Pharmacy,156 Michael Center,Davisland,FL,27359,625.277.3312x2003,contact@liandsonssupplies.com,Christopher Torres,78-5075692,True,Kaiser PAP,2025-10-02,2028-02-19,True,False,2023-06-28
VEN10972,"Rice, Johnson and Robertson Pharmacy",Medical Supply,00039 Joseph Drive Apt. 463,New April,PA,82547,805.706.2214x86477,"contact@rice,johnsonandrobertsonpharmacy.com",Gina Cortez,67-2861489,True,Kaiser PAP,2022-09-11,2026-07-13,True,False,2022-11-04
VEN10973,"Bowman, Riley and Wilson Healthcare",Transportation,674 Green Plains,East Michael,OH,96572,245-312-4646,"contact@bowman,rileyandwilsonhealthcare.com",Carol Briggs,47-6347582,True,Kaiser PAP,2022-11-14,2026-08-14,True,False,2022-04-10
VEN10974,Thompson and Sons Supplies,Transportation,996 Dawn Park,Seanfurt,OH,67879,001-719-690-7302x19142,contact@thompsonandsonssupplies.com,Roy Benton,32-3066414,False,,2022-01-13,2026-08-13,True,False,2023-07-03
VEN10975,Rodriguez-Haynes Medical,Pharmacy,1255 Hill Ferry Apt. 860,Richardville,PA,32274,(268)664-4110,contact@rodriguez-haynesmedical.com,Kelly Adams,40-9879852,True,Kaiser PAP,2021-10-08,2027-10-10,True,False,2023-09-15
VEN10976,"Cummings, White and Berry Pharmacy",Pharmacy,929 Dustin Inlet,Lake Dylanland,FL,18432,421.734.3216,"contact@cummings,whiteandberrypharmacy.com",Kenneth Wilson,25-4344479,True,Kaiser PAP,2024-11-15,2027-12-17,True,False,2026-03-03
VEN10977,Mcbride and Sons Pharmacy,Transportation,7235 Hart Gateway,Port David,CA,4284,794-947-3370,contact@mcbrideandsonspharmacy.com,Jorge Campos,34-9242387,False,,2025-05-21,2027-08-01,True,False,2023-10-30
VEN10978,Miller-Rivera Medical,Transportation,194 Scott Manor Suite 043,New Nathan,CA,33182,958.652.1552x15277,contact@miller-riveramedical.com,Kristin Adkins,79-3775014,True,Kaiser PAP,2021-12-11,2027-03-25,True,False,2024-09-14
VEN10979,"Holt, Davis and Parker Pharmacy",Pharmacy,2113 Teresa Ville Suite 939,Dylanland,OH,85420,267-877-5434x75827,"contact@holt,davisandparkerpharmacy.com",Brittany Davis,50-6930100,False,Kaiser PAP,2024-04-28,2027-11-05,True,False,2022-08-17
VEN10980,Shepherd-Miller Pharmacy,Transportation,13012 Lopez Port Apt. 708,Blackburntown,MI,23203,462-843-9084,contact@shepherd-millerpharmacy.com,Jeffrey Hardin,12-5348570,False,,2021-11-23,2027-08-01,True,False,2026-02-16
VEN10981,"Lambert, Ruiz and Delgado Pharmacy",DME Supplier,2712 Denise Lakes Apt. 625,Wayneview,NC,52178,617.521.0130,"contact@lambert,ruizanddelgadopharmacy.com",Daniel Bender,74-2287415,False,,2025-01-12,2028-03-01,True,False,2025-05-06
VEN10982,"Le, Wright and Clay Supplies",Home Health,3332 Thomas Views,Lake Michaelborough,GA,79555,264-336-9138x563,"contact@le,wrightandclaysupplies.com",Leslie Stewart,96-4512076,True,Kaiser PAP,2024-12-07,2027-01-01,True,False,2024-05-21
VEN10983,"Webb, Holmes and Carroll Supplies",Home Health,02805 Nicole Place,Smithview,GA,51943,(556)821-0011,"contact@webb,holmesandcarrollsupplies.com",Alicia Mcdaniel,67-2492912,True,Kaiser PAP,2026-01-19,2027-06-17,True,False,2025-03-31
VEN10984,"Hudson, Olsen and Thomas Supplies",Home Health,43611 Manning Causeway,West Edward,OH,24636,267-210-1092x495,"contact@hudson,olsenandthomassupplies.com",Rebecca Daugherty,50-9685616,True,Kaiser PAP,2023-05-04,2028-02-10,True,False,2023-11-28
VEN10985,Brown Inc Healthcare,Medical Supply,2633 Torres Tunnel Apt. 993,North Scotttown,NC,57494,+1-375-965-2088x132,contact@browninchealthcare.com,Jacqueline Jennings,17-2870032,True,Kaiser PAP,2025-10-14,2028-04-13,True,False,2025-01-22
VEN10986,Perkins Group Medical,Home Health,17033 Schmitt Mountain Suite 972,Allisonberg,CA,73877,001-992-294-4543,contact@perkinsgroupmedical.com,Kenneth Grimes,26-1800761,True,Kaiser PAP,2025-12-25,2028-01-14,True,False,2025-12-16
VEN10987,"Sexton, Howard and Mendez Medical",Pharmacy,969 Brenda Garden Suite 653,Port Travisfurt,GA,47608,893-235-2968,"contact@sexton,howardandmendezmedical.com",Paul Kelly,57-9688276,False,Kaiser PAP,2021-11-06,2026-11-08,True,False,2026-06-26
VEN10988,Smith Group Pharmacy,Medical Supply,37061 Gray Knoll,New Juliefort,OH,70187,637-683-8860x86499,contact@smithgrouppharmacy.com,Monica Brady,56-4882783,True,,2025-02-22,2027-06-08,True,False,2022-03-24
VEN10989,Moore PLC Supplies,DME Supplier,1178 Holly Knolls Apt. 228,Martinezmouth,NC,55455,001-421-740-9949,contact@mooreplcsupplies.com,Rachel Short,86-7909378,True,,2026-03-30,2027-01-14,True,False,2021-10-18
VEN10990,Anderson LLC Medical,Home Health,3942 Herrera Divide Suite 608,East Karina,TX,92985,001-427-592-8738x19163,contact@andersonllcmedical.com,Joseph Stephens,95-7973187,True,Kaiser PAP,2025-04-06,2027-02-27,True,False,2025-12-07
VEN10991,"Kim, Snyder and White Supplies",Lab,8010 White Mount Suite 651,Erinberg,MI,71377,001-643-219-0233x64603,"contact@kim,snyderandwhitesupplies.com",Kurt Hill,37-3608990,False,,2022-12-29,2028-04-15,True,False,2022-09-05
VEN10992,"Bell, Burke and Good Pharmacy",Pharmacy,54921 Nancy Ridge Apt. 669,New Anthonymouth,MI,60174,263-942-6373,"contact@bell,burkeandgoodpharmacy.com",Jonathan Blackburn,59-7442114,True,,2023-04-01,2026-12-08,True,False,2025-08-07
VEN10993,Morris Ltd Supplies,Pharmacy,29181 Valdez Estate Apt. 507,Camposland,TX,26228,426-521-5452x43866,contact@morrisltdsupplies.com,Sharon Rivera,55-5327875,True,,2024-10-20,2026-08-28,True,False,2022-11-20
VEN10994,Perez-Moran Supplies,Transportation,5167 Richard Dale,Lake Meganburgh,GA,78620,254-505-5350,contact@perez-moransupplies.com,Joseph Jones,69-5944116,True,Kaiser PAP,2022-02-03,2027-12-31,True,False,2022-04-11
VEN10995,Flores-Ramos Healthcare,Transportation,870 Pamela Lane,Port Catherine,FL,89329,479.255.7986x871,contact@flores-ramoshealthcare.com,Jill Freeman,66-1482437,False,Kaiser PAP,2025-01-09,2026-07-09,True,False,2023-12-12
VEN10996,Hogan-Boyle Healthcare,Medical Supply,69396 Rodriguez Centers Apt. 019,Lake Jessica,IL,41956,(880)519-7365,contact@hogan-boylehealthcare.com,Andrea Duncan MD,79-5340326,False,Kaiser PAP,2022-04-04,2027-02-13,True,False,2021-08-07
VEN10997,"Decker, Leon and Harrison Pharmacy",Medical Supply,4753 Amy Path Apt. 388,Lake Casey,GA,33575,+1-931-587-3384x4247,"contact@decker,leonandharrisonpharmacy.com",Samuel Giles,41-1069332,False,Kaiser PAP,2023-04-25,2026-07-28,True,False,2022-06-07
VEN10998,"Maynard, Mercer and Caldwell Supplies",Transportation,4965 Snow Mountain,Edwardsport,PA,90644,671.606.2300x394,"contact@maynard,mercerandcaldwellsupplies.com",Natasha Price,84-5917034,True,,2023-07-30,2027-07-06,True,False,2025-04-02
VEN10999,Jones LLC Pharmacy,Lab,32881 Schroeder Shoal Apt. 902,New Brandiborough,FL,97146,709.743.3997,contact@jonesllcpharmacy.com,Bridget Robertson,10-8792245,True,Kaiser PAP,2023-03-21,2026-07-30,True,False,2022-09-29
VEN11000,Mathis-Hill Pharmacy,Transportation,564 Brian Overpass Suite 412,South Kylieside,GA,96812,667.786.9057,contact@mathis-hillpharmacy.com,Barbara Smith,91-2151860,True,Kaiser PAP,2024-02-24,2027-02-14,True,False,2025-02-03
VEN11001,Carney and Sons Healthcare,Medical Supply,903 Russell Shore,New Maryfort,NY,29946,808-424-4171,contact@carneyandsonshealthcare.com,Lauren Williams,55-2612738,True,Kaiser PAP,2021-12-01,2027-12-17,True,False,2023-04-02
VEN11002,"Lewis, May and Martinez Pharmacy",Home Health,64497 Ward Glens,Christensenburgh,IL,80503,+1-408-623-8358x7681,"contact@lewis,mayandmartinezpharmacy.com",Mrs. Nicole Turner,95-2387324,True,,2023-12-13,2027-01-07,True,False,2024-08-21
VEN11003,Kent-Richardson Medical,Pharmacy,0944 Lynch View,Port Brenda,NC,84810,553.948.5685x9650,contact@kent-richardsonmedical.com,Kevin Sampson,74-1302136,False,,2022-11-01,2027-04-20,True,False,2024-05-21
VEN11004,"Gregory, Neal and Washington Medical",Home Health,3055 Nixon Island Suite 155,Andreahaven,OH,58449,(708)677-0154,"contact@gregory,nealandwashingtonmedical.com",Carla Bryant,93-9593386,True,Kaiser PAP,2026-05-11,2027-01-10,True,False,2022-05-13
VEN11005,Caldwell PLC Supplies,DME Supplier,991 Parker Creek Apt. 517,West Eric,PA,6877,814-934-0063x900,contact@caldwellplcsupplies.com,Patrick Flowers,37-5581827,True,Kaiser PAP,2025-05-24,2028-02-29,True,False,2022-07-17
VEN11006,Briggs Group Medical,Home Health,33579 Kevin Squares,North Monicachester,NY,45922,+1-662-768-9649x2662,contact@briggsgroupmedical.com,Kristina Holland,21-5935129,True,Kaiser PAP,2024-10-02,2027-01-05,True,False,2022-01-13
VEN11007,Ramirez-Jones Medical,Transportation,733 Zimmerman Pike,North Gabriel,GA,64244,815-330-5812x60874,contact@ramirez-jonesmedical.com,Carrie Monroe,52-4216386,True,Kaiser PAP,2023-04-16,2027-06-09,True,False,2023-07-09
VEN11008,"Taylor, Roberts and Oliver Healthcare",DME Supplier,71771 Amanda Drive Suite 049,Angelaberg,NY,97757,651-992-2971x26335,"contact@taylor,robertsandoliverhealthcare.com",Kathryn Brown,15-7899899,True,,2024-12-03,2027-09-27,True,False,2021-08-10
VEN11009,Shepherd-Krueger Pharmacy,Pharmacy,74248 Latasha Causeway,Smithton,MI,80607,951-474-4324,contact@shepherd-kruegerpharmacy.com,Tyler Gonzalez,19-7772440,True,Kaiser PAP,2025-05-03,2027-10-27,True,False,2024-08-18
VEN11010,Holloway LLC Supplies,Lab,77157 Victoria Manors,Markchester,CA,26201,+1-384-969-7077x823,contact@hollowayllcsupplies.com,Jeanette Hardy,66-5820564,False,Kaiser PAP,2024-09-24,2026-07-22,True,False,2025-04-17
VEN11011,Vasquez LLC Supplies,Medical Supply,63804 Richard Roads,Coleberg,PA,83654,709-626-1252x84931,contact@vasquezllcsupplies.com,Rebecca Martinez,89-8191538,True,Kaiser PAP,2024-05-04,2028-01-11,True,False,2022-11-24
VEN11012,Brown-Hull Supplies,Pharmacy,5453 Melanie Court Suite 089,East Priscilla,FL,17254,903.931.7251,contact@brown-hullsupplies.com,Philip Anderson,28-3185813,True,Kaiser PAP,2022-07-27,2027-10-03,True,False,2023-06-23
VEN11013,Munoz-Caldwell Healthcare,Medical Supply,20049 Baker Bridge,Clarkport,CA,63758,(236)245-6071,contact@munoz-caldwellhealthcare.com,Mary Hobbs DDS,63-2171307,True,Kaiser PAP,2022-10-10,2028-02-23,True,False,2025-02-02
VEN11014,Turner Ltd Supplies,Pharmacy,054 Logan Corner Apt. 108,Smithborough,PA,37936,001-748-682-8899x99801,contact@turnerltdsupplies.com,Jo Kirby,22-1827982,True,Kaiser PAP,2021-07-10,2026-10-23,True,False,2025-01-10
VEN11015,Harrell-Armstrong Pharmacy,Lab,549 Bridget Motorway Suite 074,North Anne,NC,93152,643-286-4254x48829,contact@harrell-armstrongpharmacy.com,Jenna Blake DDS,89-8897732,True,Kaiser PAP,2023-06-07,2028-01-24,True,False,2023-09-06
VEN11016,Atkinson LLC Healthcare,Medical Supply,62493 Rita Squares,Farmerport,NY,38463,593.361.4128x0475,contact@atkinsonllchealthcare.com,Christopher Wolfe Jr.,27-3669164,True,Kaiser PAP,2022-01-16,2027-09-22,True,False,2025-10-15
VEN11017,Martinez PLC Pharmacy,Pharmacy,5746 Hughes Manor Apt. 222,Haystown,GA,57762,(537)865-1783x109,contact@martinezplcpharmacy.com,Raymond Clark,12-7866250,True,,2021-11-11,2028-01-07,True,False,2022-10-17
VEN11018,Mcgrath-Haas Pharmacy,DME Supplier,14462 Candice Vista Suite 265,Woodsstad,GA,12513,286-994-5325,contact@mcgrath-haaspharmacy.com,Justin Smith,77-7658646,True,Kaiser PAP,2024-10-01,2026-10-06,True,False,2023-12-04
VEN11019,"Horton, House and Williams Pharmacy",Transportation,065 Kathleen Squares,Laurastad,OH,72225,001-465-493-3462,"contact@horton,houseandwilliamspharmacy.com",Ashley Underwood,43-9893499,False,,2024-09-06,2027-03-23,True,False,2023-04-15
VEN11020,Jimenez-Hughes Pharmacy,DME Supplier,1214 Conner Crest Apt. 592,Lake Jessicafurt,IL,70181,531-559-7587,contact@jimenez-hughespharmacy.com,Roy Barnes MD,37-9994908,True,Kaiser PAP,2024-09-21,2028-03-22,True,False,2026-02-18
VEN11021,Lee Group Medical,Transportation,6193 James Forest Suite 554,Port Kristinmouth,GA,44643,2413669239,contact@leegroupmedical.com,Tamara Beasley,98-6160176,False,,2023-06-12,2028-05-08,True,False,2026-01-19
VEN11022,Hall-Perkins Pharmacy,Transportation,82020 Gregory Union,Port Christopher,PA,48439,+1-354-545-3832,contact@hall-perkinspharmacy.com,Kyle Coleman,49-1814406,False,Kaiser PAP,2022-08-13,2027-03-14,True,False,2024-02-08
VEN11023,Schaefer and Sons Supplies,DME Supplier,4012 Castaneda Meadows Apt. 629,New Justinview,NY,31396,(809)409-4058x21670,contact@schaeferandsonssupplies.com,Danny Diaz,23-7418774,True,,2021-10-28,2026-12-26,True,False,2022-08-19
VEN11024,"Fuentes, Johnston and Bailey Medical",Home Health,3924 Krystal Mountain,Adamborough,IL,78653,791-603-9525x171,"contact@fuentes,johnstonandbaileymedical.com",Angela Jones,96-5172213,True,Kaiser PAP,2021-08-24,2028-03-10,True,False,2024-03-01
VEN11025,Baker PLC Healthcare,Medical Supply,6775 Curtis Landing,Melissaside,NC,21440,+1-617-992-0257,contact@bakerplchealthcare.com,Craig Macias,72-9645197,True,Kaiser PAP,2022-05-07,2027-01-31,True,False,2026-04-08
VEN11026,Adams LLC Pharmacy,Home Health,098 Bradley Alley,South Matthew,TX,95516,619.631.2449x69681,contact@adamsllcpharmacy.com,Michelle Stevenson,41-6574482,True,Kaiser PAP,2023-11-15,2028-03-11,True,False,2023-08-20
VEN11027,Steele Group Pharmacy,Medical Supply,982 Gonzales Grove,North Kaylaview,NY,66941,+1-558-823-3169x17795,contact@steelegrouppharmacy.com,Troy Moreno,54-4252801,False,Kaiser PAP,2022-07-29,2026-10-15,True,False,2022-10-22
VEN11028,Fox PLC Supplies,Medical Supply,77499 Best Drive,South Suzanne,FL,26285,(807)878-4721,contact@foxplcsupplies.com,Cheyenne Hoffman,17-9862899,False,Kaiser PAP,2023-08-01,2026-11-22,True,False,2025-01-02
VEN11029,Glover Ltd Supplies,Lab,120 Jackson Street,West Tiffanyfort,NY,21024,+1-617-971-9887x5194,contact@gloverltdsupplies.com,Becky Hanson,28-1711047,True,,2026-04-15,2026-10-13,True,False,2025-04-12
VEN11030,Rogers Inc Healthcare,Transportation,364 Castillo Ford Suite 755,Jasonton,GA,77186,(363)456-6019,contact@rogersinchealthcare.com,Richard Lyons,46-6976589,True,,2022-06-12,2027-12-10,True,False,2025-11-29
VEN11031,Kirby-Harper Medical,Home Health,62245 John Square Suite 080,Port Davidton,OH,98050,774.525.5687,contact@kirby-harpermedical.com,Ashley Case,14-6018420,False,,2022-09-20,2026-10-06,True,False,2022-09-16
VEN11032,Bruce-Mccoy Healthcare,Medical Supply,3215 Erica Crescent,Dillonside,NC,7357,+1-765-470-7656x59047,contact@bruce-mccoyhealthcare.com,Harold Fields,15-6201525,True,Kaiser PAP,2026-03-31,2026-09-09,True,False,2023-11-08
VEN11033,Lopez-Long Supplies,Lab,7128 Hogan Junction Suite 940,Jimmyland,FL,62195,+1-239-951-4690x23138,contact@lopez-longsupplies.com,Lisa Grant,72-9012655,False,,2025-01-31,2026-11-26,True,False,2024-05-08
VEN11034,Horne Ltd Supplies,Transportation,140 Hoffman Mills Suite 789,South Shannon,CA,24849,241-532-6114,contact@horneltdsupplies.com,Selena Lawrence,82-5074971,False,,2023-05-15,2027-02-16,True,False,2021-12-10
VEN11035,Wolfe Ltd Healthcare,Transportation,5318 Emily Hills Apt. 843,Marybury,NC,86903,+1-307-489-3633x11775,contact@wolfeltdhealthcare.com,Jonathan Rodriguez,28-3271040,True,Kaiser PAP,2024-11-24,2027-04-20,True,False,2022-11-01
VEN11036,Reynolds-Kennedy Medical,Medical Supply,2354 Thomas Gardens Apt. 306,Willieton,GA,99586,(599)715-4283x506,contact@reynolds-kennedymedical.com,Paul Sherman Jr.,33-6774951,False,Kaiser PAP,2023-05-04,2028-04-21,True,False,2022-08-11
VEN11037,Tran-Thomas Medical,Lab,6963 Roberts Street,Ramirezmouth,PA,17524,001-882-612-6569x58681,contact@tran-thomasmedical.com,Mark Pena,56-3761425,False,,2022-06-01,2026-12-28,True,False,2025-08-10
VEN11038,"Eaton, Wallace and Dorsey Pharmacy",Lab,1889 Jackson Tunnel,Brownberg,FL,13280,373.398.9562x61919,"contact@eaton,wallaceanddorseypharmacy.com",Steve Lloyd,87-1671298,True,,2026-06-01,2027-05-12,True,False,2025-12-12
VEN11039,Rodgers PLC Supplies,Pharmacy,800 Tiffany Unions Apt. 236,New Alexis,IL,27130,468-532-4905x7354,contact@rodgersplcsupplies.com,Nicole Gonzalez,99-6364049,False,Kaiser PAP,2023-11-28,2026-10-24,True,False,2023-02-14
VEN11040,"Gomez, Jones and Lee Supplies",Lab,0996 Jeffrey Wall,Port Juanview,OH,82064,(758)818-0409x164,"contact@gomez,jonesandleesupplies.com",Mr. Allen Robertson,14-9720372,True,,2022-06-24,2028-05-10,True,False,2024-11-20
VEN11041,"Chen, Williams and Hill Pharmacy",Lab,29777 Davis Islands Suite 158,North Penny,OH,21572,(681)925-7473,"contact@chen,williamsandhillpharmacy.com",Nancy Caldwell,18-8541620,True,Kaiser PAP,2024-07-01,2027-02-23,True,False,2024-02-25
VEN11042,"Walker, Davis and Bell Medical",Transportation,42348 Alexander Throughway,Torresshire,GA,98932,001-792-767-1697x0201,"contact@walker,davisandbellmedical.com",Scott Ross,94-1309898,True,Kaiser PAP,2022-04-07,2026-10-01,True,False,2026-03-25
VEN11043,"Franklin, Miller and Hopkins Healthcare",Home Health,493 Susan Well Suite 104,East Rebeccaborough,TX,70466,+1-703-894-0149x925,"contact@franklin,millerandhopkinshealthcare.com",Danielle Mathis,25-2759625,False,,2024-12-24,2026-07-25,True,False,2022-06-17
VEN11044,Barnes-Green Healthcare,Transportation,298 Jesse Trail Apt. 330,Cookemouth,IL,39569,(345)845-1018,contact@barnes-greenhealthcare.com,Tanner Jones,98-7911163,True,Kaiser PAP,2025-02-08,2026-12-03,True,False,2023-04-25
VEN11045,"Smith, Williamson and Sutton Healthcare",Home Health,990 Keith Dam Suite 334,Brettchester,OH,99381,901-865-5902x83986,"contact@smith,williamsonandsuttonhealthcare.com",Amy Nelson MD,95-2074426,False,Kaiser PAP,2023-05-10,2027-10-18,True,False,2023-08-29
VEN11046,"Odonnell, Ruiz and Peterson Pharmacy",Transportation,32828 Jillian Light,Port Kelly,NY,30259,6112685571,"contact@odonnell,ruizandpetersonpharmacy.com",Ronald Owens,12-4404170,True,Kaiser PAP,2025-10-10,2026-09-11,True,False,2025-03-08
VEN11047,Hawkins-Moody Supplies,DME Supplier,94694 Ray Dam Suite 932,South Erikmouth,NY,3958,517-292-2978,contact@hawkins-moodysupplies.com,Denise Smith DVM,92-1402289,True,Kaiser PAP,2025-01-07,2027-03-24,True,False,2024-11-08
VEN11048,Martin LLC Pharmacy,Pharmacy,86854 Mcbride Mission,Velasquezmouth,GA,55826,418-581-3218,contact@martinllcpharmacy.com,Carrie Hernandez,81-3654986,False,,2025-05-07,2027-05-27,True,False,2022-04-18
VEN11049,Davidson-Miller Healthcare,Home Health,63323 Peterson Row,Port Carol,IL,87428,971.903.9657,contact@davidson-millerhealthcare.com,Joseph Jones,93-6295441,True,Kaiser PAP,2024-04-05,2028-01-29,True,False,2024-11-14
VEN11050,Li-Smith Pharmacy,Transportation,8711 Brandon Ferry,South Robin,OH,48670,+1-495-613-7870x55459,contact@li-smithpharmacy.com,Michelle Ramirez,54-6587092,True,Kaiser PAP,2022-06-17,2027-05-22,True,False,2025-11-08
VEN11051,Black Group Healthcare,DME Supplier,98555 Bates Ridges Apt. 643,Stephenmouth,TX,86869,001-231-702-3101x99382,contact@blackgrouphealthcare.com,Michael Gonzalez,25-6750472,False,,2022-10-09,2027-06-25,True,False,2025-05-18
VEN11052,Morris and Sons Supplies,DME Supplier,729 Kenneth Drive,Martineztown,NC,42407,404-614-6008x641,contact@morrisandsonssupplies.com,Jasmine Hunt,48-7529977,False,,2025-03-24,2027-11-24,True,False,2023-12-29
VEN11053,Gray-Hamilton Healthcare,Medical Supply,273 Martin Pine,Davidfurt,NY,39051,205-674-0226x04550,contact@gray-hamiltonhealthcare.com,Krista Thompson,18-1950254,True,Kaiser PAP,2026-02-15,2026-11-04,True,False,2025-09-12
VEN11054,"Cooper, Thompson and Porter Pharmacy",DME Supplier,7596 Contreras Inlet Suite 697,West Joe,FL,77891,888.931.1436x5709,"contact@cooper,thompsonandporterpharmacy.com",Michelle Miller,16-3428539,True,Kaiser PAP,2025-10-15,2027-03-22,True,False,2023-10-19
VEN11055,Luna Inc Pharmacy,Lab,56539 Davis Road Apt. 896,Solisborough,OH,28405,(693)812-3855x7283,contact@lunaincpharmacy.com,Marcus Harding,85-6395480,True,Kaiser PAP,2024-06-06,2026-07-13,True,False,2023-02-06
VEN11056,Hill PLC Supplies,Transportation,5359 Teresa Street,Port Crystal,IL,76212,+1-624-531-9710x483,contact@hillplcsupplies.com,Cheyenne Decker,47-1065422,False,Kaiser PAP,2023-05-30,2027-11-05,True,False,2022-02-17
VEN11057,Lynch and Sons Supplies,Transportation,03031 Lester Lock,Lake Heatherton,PA,94880,512-824-1802x312,contact@lynchandsonssupplies.com,Katherine Lewis,33-4452732,False,,2026-01-16,2027-05-15,True,False,2026-06-19
VEN11058,Briggs and Sons Supplies,Pharmacy,1393 Livingston Crescent Apt. 846,Lake Larryburgh,NC,46449,(936)607-1190x78650,contact@briggsandsonssupplies.com,Alyssa Pope,82-1671774,True,Kaiser PAP,2025-01-22,2028-02-26,True,False,2026-01-20
VEN11059,Simon PLC Healthcare,DME Supplier,530 Wagner Greens,Obrienton,IL,7979,583-414-0467x9367,contact@simonplchealthcare.com,Steven Miller,67-2506223,True,Kaiser PAP,2023-03-13,2026-11-24,True,False,2022-03-20
VEN11060,Bruce and Sons Medical,Lab,709 Matthew Union Suite 277,Jonesbury,MI,17816,+1-681-789-7430x60063,contact@bruceandsonsmedical.com,Ryan Hill,50-6200211,False,,2024-09-13,2026-10-06,True,False,2025-05-08
VEN11061,Stone-Howard Medical,Medical Supply,55466 Jennifer Valley,Jonathanport,IL,99756,4396342695,contact@stone-howardmedical.com,Matthew Lynch,99-3438018,False,,2023-05-26,2028-04-29,True,False,2025-02-01
VEN11062,"Rodgers, Martinez and Ware Healthcare",DME Supplier,7229 Griffith Pike,Williamborough,GA,99575,001-516-684-7958x483,"contact@rodgers,martinezandwarehealthcare.com",Donna Young,10-4281969,False,Kaiser PAP,2023-08-07,2028-03-31,True,False,2024-11-03
VEN11063,Burns LLC Healthcare,Transportation,381 Gonzales Plaza,Johnsonshire,NC,1172,789-480-7872,contact@burnsllchealthcare.com,Brian Maddox,73-8938277,False,Kaiser PAP,2025-03-29,2028-03-02,True,False,2024-03-13
VEN11064,Perez and Sons Pharmacy,Pharmacy,028 Nelson Lock Suite 254,West Garyhaven,NY,59454,(718)703-2407,contact@perezandsonspharmacy.com,Margaret Mitchell,93-6996108,False,Kaiser PAP,2023-07-28,2027-01-11,True,False,2025-12-14
VEN11065,"Graham, Chavez and Brown Supplies",Pharmacy,658 Vincent Summit,Rachelchester,NC,94887,(370)533-8156x463,"contact@graham,chavezandbrownsupplies.com",Bryan Obrien,23-7512226,False,Kaiser PAP,2021-08-07,2027-03-27,True,False,2024-02-25
VEN11066,Riley-Garcia Pharmacy,Medical Supply,9897 Amy Manors,Thomaston,CA,19882,233.356.8599x0836,contact@riley-garciapharmacy.com,Cynthia Woodard,88-1715929,True,Kaiser PAP,2021-11-24,2027-09-17,True,False,2025-07-14
VEN11067,Valdez-Brandt Healthcare,Pharmacy,56941 Pitts Dale,Christophertown,MI,5564,4256533776,contact@valdez-brandthealthcare.com,Karina Mcgrath,98-4705537,False,,2024-01-25,2026-09-05,True,False,2024-11-16
VEN11068,Yang Ltd Healthcare,Pharmacy,7774 Mullins Mews Apt. 264,Moorestad,NY,25960,9163112306,contact@yangltdhealthcare.com,Leslie Gilbert,13-9311814,False,,2025-11-29,2026-11-01,True,False,2023-01-10
VEN11069,Morris Inc Supplies,Home Health,95398 Penny Causeway,South Rogermouth,IL,85833,444.595.4143x18542,contact@morrisincsupplies.com,Robert Reid,93-5865999,False,Kaiser PAP,2025-02-02,2027-06-24,True,False,2023-08-02
VEN11070,Trujillo Ltd Pharmacy,Medical Supply,99447 Cole Tunnel,North Ian,FL,25462,+1-218-232-8154x266,contact@trujilloltdpharmacy.com,Vicki Morgan,59-1152062,False,,2021-12-19,2027-06-26,True,False,2021-12-03
VEN11071,Chen Inc Healthcare,Lab,924 Michael Spring,East Joseph,PA,2632,(905)813-3344,contact@cheninchealthcare.com,William Perez,10-6685802,False,Kaiser PAP,2024-12-20,2027-12-26,True,False,2024-02-24
VEN11072,Wilkerson-Perry Healthcare,Pharmacy,67676 Donald Harbor,Lake Beverlyborough,GA,44115,366-867-2659x917,contact@wilkerson-perryhealthcare.com,Christina Reed,37-9927740,True,Kaiser PAP,2025-07-13,2027-10-15,True,False,2023-04-23
VEN11073,Watson-Campbell Medical,Home Health,15534 Richard Heights Apt. 466,Lindseyville,FL,53114,+1-272-498-3686,contact@watson-campbellmedical.com,Sierra Reid,96-6619012,False,,2023-07-22,2028-03-19,True,False,2026-03-24
VEN11074,"Turner, Fletcher and Bennett Supplies",Pharmacy,78547 Robinson Ford,Andrealand,NC,87496,750.475.0069x74656,"contact@turner,fletcherandbennettsupplies.com",Latoya Pratt,19-1863321,True,,2023-05-15,2027-09-19,True,False,2022-12-18
VEN11075,Hahn PLC Pharmacy,Home Health,996 Miles Station Suite 075,Davidfort,TX,66466,847.863.6823x6849,contact@hahnplcpharmacy.com,Lindsey Hernandez,64-5932813,True,Kaiser PAP,2024-06-11,2027-07-28,True,False,2026-06-03
VEN11076,Monroe-Malone Supplies,DME Supplier,829 Reginald Vista Suite 932,Port Matthewview,CA,10996,(417)425-5946,contact@monroe-malonesupplies.com,Connie Singh,39-5317036,False,,2021-12-14,2027-08-28,True,False,2023-05-25
VEN11077,"Walsh, Deleon and Roberts Medical",DME Supplier,54140 Michael Vista Apt. 602,Port Isaacstad,OH,57864,(476)585-5970,"contact@walsh,deleonandrobertsmedical.com",Gregory Aguirre,47-9221751,True,Kaiser PAP,2024-07-21,2027-01-17,True,False,2026-06-24
VEN11078,Kelly LLC Pharmacy,DME Supplier,204 John Fall Suite 982,Port Josephland,MI,93403,237-722-5908x00957,contact@kellyllcpharmacy.com,David Davis,74-6863356,False,,2024-02-17,2027-11-15,True,False,2025-01-04
VEN11079,"Oconnor, Brown and Williams Medical",Pharmacy,548 Villegas Freeway Apt. 765,Haysshire,MI,39951,573-504-7811,"contact@oconnor,brownandwilliamsmedical.com",Derrick Buchanan,14-2176956,True,Kaiser PAP,2024-06-27,2026-09-09,True,False,2022-04-08
VEN11080,Atkins Group Medical,Pharmacy,56380 Hammond Mount Apt. 075,Thomasfurt,IL,98332,+1-720-722-0135,contact@atkinsgroupmedical.com,Richard Howard,97-6300359,True,,2022-09-30,2028-01-26,True,False,2022-03-31
VEN11081,Willis and Sons Medical,DME Supplier,53686 Andrew Island,North Michaelville,IL,91071,001-626-661-6284,contact@willisandsonsmedical.com,Denise Williams,38-5209094,False,Kaiser PAP,2025-08-09,2027-07-05,True,False,2025-03-07
VEN11082,Baxter-Banks Healthcare,Pharmacy,691 Eduardo Rapids Apt. 405,Whiteland,NC,73126,316.688.8509x64886,contact@baxter-bankshealthcare.com,Casey Alvarez,20-3904291,True,Kaiser PAP,2023-12-24,2027-12-20,True,False,2024-07-01
VEN11083,Rose and Sons Healthcare,Home Health,000 William Squares,New Lee,NY,28511,586.675.1959x502,contact@roseandsonshealthcare.com,Adam Rose,40-1657212,False,,2024-09-22,2027-05-31,True,False,2022-02-10
VEN11084,Paul Inc Supplies,Lab,04383 Fisher Ways,North Jacquelineside,MI,76839,001-388-248-9873x3463,contact@paulincsupplies.com,Belinda Dawson,51-3471822,True,Kaiser PAP,2025-02-07,2026-11-11,True,False,2021-08-11
VEN11085,Cohen-Scott Healthcare,Medical Supply,9165 Bolton Harbor Apt. 827,Christopherton,GA,20062,001-993-482-9897,contact@cohen-scotthealthcare.com,Sherry Schultz,88-8274929,False,,2023-08-05,2027-09-16,True,False,2025-09-07
VEN11086,Copeland Ltd Supplies,Pharmacy,1108 Allen Key,South Allison,NY,21623,001-345-868-1788x08247,contact@copelandltdsupplies.com,Robert Williams DDS,30-3085299,True,Kaiser PAP,2023-03-18,2027-06-09,True,False,2022-01-20
VEN11087,Martinez-Silva Supplies,Transportation,856 Mills Walks Apt. 441,East Christopher,MI,25611,+1-618-354-7661,contact@martinez-silvasupplies.com,Travis Higgins,77-6442624,False,,2021-08-20,2028-01-03,True,False,2024-01-01
VEN11088,Garcia Ltd Pharmacy,DME Supplier,53259 Clark Field Suite 633,Gardnerfurt,NY,10889,289.811.2702,contact@garcialtdpharmacy.com,Anna Price,56-9026100,True,Kaiser PAP,2022-08-01,2028-01-10,True,False,2025-04-20
VEN11089,Ball and Sons Medical,Transportation,6891 Thomas Heights Suite 056,Port Markhaven,FL,5109,+1-675-808-0185x588,contact@ballandsonsmedical.com,Belinda Williams,46-3414562,False,Kaiser PAP,2021-07-22,2026-07-02,True,False,2021-08-02
VEN11090,"Bradley, Johnson and Ferguson Healthcare",Pharmacy,156 Claire Drive Suite 370,East Garrett,OH,68403,8915302318,"contact@bradley,johnsonandfergusonhealthcare.com",Dr. Susan Anderson,88-3637826,True,Kaiser PAP,2023-06-27,2026-11-20,True,False,2026-01-07
VEN11091,"White, Koch and Pennington Healthcare",Medical Supply,532 Hernandez Ferry Apt. 217,Mathismouth,TX,12918,597.681.5599x53849,"contact@white,kochandpenningtonhealthcare.com",Claudia Murphy,12-3834203,False,Kaiser PAP,2024-10-05,2027-03-08,True,False,2024-09-27
VEN11092,"Orozco, Pearson and Carlson Medical",Transportation,25180 Amanda Parkway,Kaitlyntown,NY,49585,488.664.3315,"contact@orozco,pearsonandcarlsonmedical.com",John Jones,37-4297517,False,Kaiser PAP,2025-09-06,2028-05-15,True,False,2024-03-04
VEN11093,Bullock LLC Pharmacy,Transportation,0456 Gutierrez Station Apt. 857,West Mitchellton,OH,14749,549.594.3707,contact@bullockllcpharmacy.com,Katie Clark,39-1589880,True,Kaiser PAP,2023-07-06,2028-03-10,True,False,2025-01-18
VEN11094,"Cooper, Mccarthy and Jones Medical",Medical Supply,0283 Deborah Trafficway Apt. 612,Port Lauratown,GA,44119,356-858-6343x86729,"contact@cooper,mccarthyandjonesmedical.com",Jessica Benson,87-2492145,True,Kaiser PAP,2026-05-10,2027-03-04,True,False,2025-04-17
VEN11095,Booker Inc Healthcare,Medical Supply,806 Cox Field,Thomasshire,CA,79147,+1-297-925-7639x875,contact@bookerinchealthcare.com,Amanda Robinson,38-5744884,True,Kaiser PAP,2026-01-20,2026-07-26,True,False,2024-05-17
VEN11096,Villarreal-Pena Medical,Lab,8053 Smith Cape,Danielstown,OH,77515,+1-859-824-4236x95603,contact@villarreal-penamedical.com,Maria Hutchinson,46-6581688,False,,2026-02-28,2028-05-29,True,False,2023-03-02
VEN11097,"Bullock, Medina and Bush Supplies",Lab,6017 Eric Mountains Apt. 275,Kevinchester,MI,34076,+1-781-328-9788,"contact@bullock,medinaandbushsupplies.com",Sara Crawford,21-9141172,False,Kaiser PAP,2025-02-01,2027-09-04,True,False,2024-09-02
VEN11098,"Johnson, Graham and Chavez Medical",Medical Supply,844 Marsh Lane Suite 736,West Matthewside,OH,93657,538.496.1285x64828,"contact@johnson,grahamandchavezmedical.com",Bob Miller,43-4595195,False,Kaiser PAP,2022-01-24,2028-02-28,True,False,2026-05-21
VEN11099,Henry-Morgan Supplies,Pharmacy,7882 Daniel Well Suite 188,South Robert,NY,44646,458.743.6377x1883,contact@henry-morgansupplies.com,Joyce Smith,22-4481431,True,Kaiser PAP,2024-09-03,2027-07-22,True,False,2025-08-11
VEN11100,"Madden, Nguyen and Sullivan Pharmacy",Home Health,189 Tracey Wall,Nelsonfurt,NC,80895,(812)766-8005x0273,"contact@madden,nguyenandsullivanpharmacy.com",David Potter,18-9785480,False,Kaiser PAP,2022-12-24,2027-12-14,True,False,2022-02-20
VEN11101,"Schwartz, Mcdonald and Bowers Supplies",Transportation,4425 Moreno Motorway Apt. 113,Jenningsfurt,FL,91062,600.606.9375,"contact@schwartz,mcdonaldandbowerssupplies.com",Perry Vaughan,45-9818227,True,Kaiser PAP,2022-03-22,2027-11-27,True,False,2024-04-12
VEN11102,Rhodes-Trujillo Healthcare,Transportation,356 Sims Terrace,Brandonside,OH,61471,001-396-380-4419x3716,contact@rhodes-trujillohealthcare.com,David Bowers,94-3990572,True,Kaiser PAP,2024-08-17,2027-06-05,True,False,2022-08-23
VEN11103,Morton Ltd Medical,Home Health,940 Darius Knolls Apt. 224,New Melissa,CA,16082,(596)701-6271x0220,contact@mortonltdmedical.com,Kelly Wilkinson,37-3166517,True,Kaiser PAP,2022-01-31,2028-03-18,True,False,2022-04-17
VEN11104,Miller-Barrera Healthcare,Home Health,031 Richard Place Apt. 101,East Lisashire,PA,23719,687.578.2077x64310,contact@miller-barrerahealthcare.com,Alicia Mendoza,88-4647072,True,Kaiser PAP,2025-04-06,2027-07-29,True,False,2025-07-23
VEN11105,"Scott, Ford and Castro Healthcare",Pharmacy,9274 Daniel Viaduct Apt. 279,Lake Shawnmouth,MI,58244,+1-868-766-5746x32756,"contact@scott,fordandcastrohealthcare.com",Jessica Perkins,43-2783728,True,,2023-09-04,2027-09-27,True,False,2022-08-01
VEN11106,Dixon-Shaffer Supplies,Medical Supply,5591 Kidd Motorway,Michaelberg,OH,82372,+1-327-656-9670x336,contact@dixon-shaffersupplies.com,Jacqueline Campbell,17-3919553,True,Kaiser PAP,2022-06-24,2026-12-11,True,False,2025-05-06
VEN11107,Walsh-Houston Healthcare,Transportation,23456 Luis Canyon Suite 369,Gregorystad,OH,40970,001-676-382-9796x8446,contact@walsh-houstonhealthcare.com,Shelly Murphy,35-6670368,False,,2023-04-15,2026-08-20,True,False,2023-01-27
VEN11108,Bailey-Craig Healthcare,Pharmacy,12811 Larry Stravenue Suite 501,Kellyberg,IL,46357,217.390.8337x103,contact@bailey-craighealthcare.com,Jamie Cook,28-8069928,False,Kaiser PAP,2022-10-27,2028-04-18,True,False,2025-06-28
VEN11109,"Cook, Hodges and Jackson Medical",DME Supplier,9888 Amy Rue,East Sherylmouth,NC,12161,001-758-709-8094x10362,"contact@cook,hodgesandjacksonmedical.com",Karen Lyons,80-4619047,True,,2022-07-22,2026-09-15,True,False,2023-09-28
VEN11110,Jones-Mitchell Medical,Transportation,570 Durham Mountains Suite 070,Stricklandberg,FL,34334,001-413-719-1476x561,contact@jones-mitchellmedical.com,Leslie Garcia,25-8975194,True,Kaiser PAP,2022-05-18,2026-12-05,True,False,2021-07-23
VEN11111,Carrillo-Richards Medical,Transportation,37665 Karina Way,West Michaelberg,OH,31788,228-321-5401,contact@carrillo-richardsmedical.com,Matthew Ballard,47-2944430,True,,2024-06-03,2026-07-27,True,False,2022-08-20
VEN11112,Glover-Lewis Supplies,Medical Supply,709 Christina Ville Apt. 953,North Davidville,MI,44477,473-228-0929,contact@glover-lewissupplies.com,Aaron May,77-5222792,True,Kaiser PAP,2022-09-02,2027-05-29,True,False,2023-04-15
VEN11113,"Jones, James and Taylor Supplies",Transportation,599 Allen Brooks Suite 569,Kellybury,GA,29123,(378)928-3505,"contact@jones,jamesandtaylorsupplies.com",Ellen Ingram,43-6076957,True,,2026-05-23,2028-02-29,True,False,2024-03-16
VEN11114,Wright-Thompson Medical,Medical Supply,87745 Nichols Stravenue,Smithberg,IL,74749,+1-628-636-4001x2644,contact@wright-thompsonmedical.com,Andrea Lane,11-6043876,True,Kaiser PAP,2022-06-22,2027-10-22,True,False,2022-08-28
VEN11115,"Coleman, Martin and Jackson Pharmacy",Lab,23092 Wagner Pine,North Beth,NC,62159,(329)668-3456x684,"contact@coleman,martinandjacksonpharmacy.com",Hannah Brown,78-1972871,True,,2026-01-08,2027-04-16,True,False,2024-11-18
VEN11116,"Bailey, Martinez and Woods Supplies",Lab,62286 Gaines Crossing Suite 070,Lake Carolchester,IL,6254,(569)341-3292,"contact@bailey,martinezandwoodssupplies.com",Ricky Osborne,92-2092280,False,Kaiser PAP,2026-04-21,2026-07-10,True,False,2026-02-17
VEN11117,Mitchell Group Pharmacy,DME Supplier,988 Walsh Square Suite 269,Lake Rachelview,TX,57673,+1-596-463-7619x5389,contact@mitchellgrouppharmacy.com,Beth Thompson,11-3103654,False,,2021-07-03,2026-07-28,True,False,2023-02-20
VEN11118,Hanson Group Healthcare,Pharmacy,33285 Valerie Plaza,Whitemouth,MI,76140,9749991642,contact@hansongrouphealthcare.com,Christina Cohen,89-6511846,False,,2026-06-26,2027-05-19,True,False,2026-03-08
VEN11119,Randolph Ltd Pharmacy,Transportation,978 Hannah Hollow Apt. 101,Kennethstad,TX,63854,(549)317-7058x521,contact@randolphltdpharmacy.com,Kathy Liu,97-6002275,True,Kaiser PAP,2023-11-07,2027-08-16,True,False,2022-07-14
VEN11120,Ferrell Inc Pharmacy,Lab,57036 Davis Meadow,Wattsfort,MI,57600,805.564.1034x3250,contact@ferrellincpharmacy.com,Jamie Stevens,34-1778843,False,Kaiser PAP,2022-11-04,2027-06-02,True,False,2022-05-23
VEN11121,Carpenter-Christensen Supplies,Home Health,7372 Erica Lodge,Cynthiashire,GA,96468,776.962.1881,contact@carpenter-christensensupplies.com,Mr. Carl Miller,70-4385680,True,Kaiser PAP,2025-01-21,2027-12-09,True,False,2024-04-13
VEN11122,"Eaton, Nelson and Hall Medical",Pharmacy,71832 Chad Greens Suite 308,Edwardsshire,IL,18052,(355)214-3951,"contact@eaton,nelsonandhallmedical.com",Jack Juarez,49-8411888,False,,2022-08-21,2027-06-08,True,False,2022-04-11
VEN11123,"Baker, Christensen and Hensley Supplies",DME Supplier,4549 Benjamin Groves Apt. 271,Aliciaburgh,CA,89134,(775)522-1776x0955,"contact@baker,christensenandhensleysupplies.com",Jessica Brown,75-7600304,False,,2025-04-27,2027-07-25,True,False,2022-04-11
VEN11124,"Waller, Sparks and Nielsen Medical",Medical Supply,386 Miller Cove,Lake Amberview,MI,91507,628-325-2731x05353,"contact@waller,sparksandnielsenmedical.com",Michelle Garcia,88-7879795,True,Kaiser PAP,2025-08-22,2027-09-13,True,False,2025-05-04
VEN11125,"Jordan, Rodriguez and Marshall Healthcare",Pharmacy,59788 Myers Shoals Suite 561,Whiteheadfurt,NY,19066,+1-623-518-5204x108,"contact@jordan,rodriguezandmarshallhealthcare.com",Cheryl Maxwell,91-7935996,True,,2022-04-28,2027-10-03,True,False,2023-10-20
VEN11126,Johnson-Snow Medical,Pharmacy,9471 Elizabeth Squares,Lake Robertville,NC,10107,001-913-316-5341x579,contact@johnson-snowmedical.com,Brian Sanders,41-4053406,False,,2026-03-03,2028-06-01,True,False,2024-09-07
VEN11127,Graham Group Medical,Medical Supply,2225 Davidson Mountains Suite 268,Reeseville,NC,9487,369.408.8396,contact@grahamgroupmedical.com,Andrew Watts,77-2296282,True,Kaiser PAP,2022-03-10,2027-09-08,True,False,2024-08-31
VEN11128,York-Berg Medical,Lab,84494 Harrison Falls,South Crystal,NY,47099,471-201-7777,contact@york-bergmedical.com,Brittany Jones,42-4050331,True,Kaiser PAP,2025-01-01,2027-02-16,True,False,2022-10-19
VEN11129,Smith Group Pharmacy,Medical Supply,4070 Donna Mountains Apt. 035,Millerchester,CA,19304,(360)545-6435x9112,contact@smithgrouppharmacy.com,Julie Stewart,78-8405293,True,,2025-09-03,2028-03-12,True,False,2022-02-06
VEN11130,Bowen LLC Supplies,Lab,45865 David Cape Apt. 564,Weavermouth,TX,3431,+1-971-293-4258x614,contact@bowenllcsupplies.com,James Bates,82-4369757,False,Kaiser PAP,2024-11-19,2027-05-16,True,False,2022-10-27
VEN11131,Fisher-Jacobs Healthcare,Transportation,96387 Thomas Square Apt. 942,Port Andrewfort,IL,10724,001-836-215-6518x0155,contact@fisher-jacobshealthcare.com,Nicole Ortiz,31-9638948,True,Kaiser PAP,2023-09-19,2027-10-20,True,False,2022-06-27
VEN11132,Haley PLC Pharmacy,Medical Supply,187 Meyer Mission Suite 350,South Rebecca,GA,64775,001-217-329-9112x73192,contact@haleyplcpharmacy.com,Catherine Williams,34-5823254,True,Kaiser PAP,2024-05-13,2028-06-18,True,False,2024-08-22
VEN11133,Kennedy LLC Pharmacy,Transportation,1861 Byrd Wells Apt. 434,Markberg,FL,18119,001-729-264-7516x85731,contact@kennedyllcpharmacy.com,Melanie Anderson,58-5408409,False,,2021-08-01,2026-11-15,True,False,2024-11-17
VEN11134,"Perez, Castro and Gray Healthcare",Home Health,9144 Morgan Ridge,East Curtis,NC,31542,+1-689-820-1372,"contact@perez,castroandgrayhealthcare.com",Tonya Bell,76-1859845,True,Kaiser PAP,2023-01-04,2027-10-02,True,False,2025-03-20
VEN11135,"Williams, Arias and Perkins Pharmacy",Transportation,5846 Kim Plains,New Robertberg,PA,24236,+1-426-976-7980x925,"contact@williams,ariasandperkinspharmacy.com",Alicia Jenkins,63-9699195,True,,2022-06-07,2027-09-16,True,False,2023-12-10
VEN11136,"Weber, Carroll and Beard Supplies",Lab,90118 Linda Key Apt. 141,Charlesshire,GA,85794,480-969-2181,"contact@weber,carrollandbeardsupplies.com",Benjamin Martinez,59-5275428,False,,2026-06-29,2028-05-09,True,False,2024-05-08
VEN11137,Garcia Inc Healthcare,Lab,9074 Kimberly Inlet,West Emily,TX,64209,(695)334-6611x30569,contact@garciainchealthcare.com,William Martinez,41-7340927,True,Kaiser PAP,2026-06-30,2028-02-28,True,False,2025-09-24
VEN11138,Hall Group Healthcare,Transportation,914 Nicole Inlet,Fernandezberg,NC,67791,8528263385,contact@hallgrouphealthcare.com,Angela Kidd,47-3696004,True,,2025-08-29,2028-02-05,True,False,2023-10-05
VEN11139,Cohen LLC Supplies,Medical Supply,4349 Nicole Common Suite 198,Andersonport,IL,23844,5395754509,contact@cohenllcsupplies.com,Miranda Wright,74-1727542,False,,2025-01-21,2027-02-21,True,False,2024-01-16
VEN11140,Becker-Stout Supplies,Medical Supply,763 John Way,Lake Jillberg,TX,77311,459-243-3741x7288,contact@becker-stoutsupplies.com,Andrew Wallace,26-4489452,True,Kaiser PAP,2022-07-15,2027-07-11,True,False,2024-05-13
VEN11141,"Green, Lewis and Sanders Medical",Medical Supply,50907 Gray Extensions,Stephensborough,FL,29153,001-828-852-3834x1080,"contact@green,lewisandsandersmedical.com",Samuel Winters,30-3738774,False,Kaiser PAP,2023-09-29,2026-08-30,True,False,2025-07-14
VEN11142,"Johnson, Hatfield and Fernandez Medical",Pharmacy,203 James Cliffs,Port Dawn,MI,33399,+1-865-730-5683x518,"contact@johnson,hatfieldandfernandezmedical.com",Dr. Timothy Watkins,61-2614350,False,,2024-08-10,2027-03-09,True,False,2023-07-22
VEN11143,"Ramos, Burke and Mccoy Pharmacy",Pharmacy,1429 Nathan Trace,Chenmouth,TX,50671,(324)619-9520x9711,"contact@ramos,burkeandmccoypharmacy.com",Matthew Martin,22-1327503,True,Kaiser PAP,2023-08-28,2027-12-15,True,False,2024-06-18
VEN11144,Thornton LLC Healthcare,Medical Supply,212 Harmon Valley Apt. 611,South Erin,TX,63064,621-876-7790x299,contact@thorntonllchealthcare.com,Gabriel Frederick,92-8002465,True,,2023-06-19,2027-08-08,True,False,2024-07-31
VEN11145,Allen-Hammond Pharmacy,Transportation,228 Richardson Plain Suite 881,Port Shane,FL,66692,+1-315-661-7892,contact@allen-hammondpharmacy.com,Brenda Holt,40-3371697,True,Kaiser PAP,2022-06-01,2026-07-11,True,False,2022-10-22
VEN11146,Montes-Pena Pharmacy,Home Health,316 Michael Locks,South Tracyhaven,NY,38791,209.524.8580,contact@montes-penapharmacy.com,Brian Stevenson,10-5587226,False,,2025-07-18,2027-04-23,True,False,2021-07-17
VEN11147,Ramirez-Mullen Supplies,Home Health,1509 Watts Dam Suite 029,Ralphview,NY,62585,825-960-8908x16899,contact@ramirez-mullensupplies.com,Dennis Pope,72-2554231,True,,2021-07-31,2026-11-01,True,False,2025-04-12
VEN11148,Walker Ltd Medical,DME Supplier,43770 Christopher Causeway,Haysfurt,PA,11650,874-564-2096x86220,contact@walkerltdmedical.com,Paul Costa,58-5155603,True,Kaiser PAP,2024-04-06,2027-09-08,True,False,2021-07-07
VEN11149,"Bush, Long and Ball Medical",Transportation,849 Hoffman Springs Apt. 517,Thomasville,IL,63222,548.870.4295x34174,"contact@bush,longandballmedical.com",Michelle Smith,74-8697947,True,Kaiser PAP,2025-02-17,2028-04-17,True,False,2025-04-24
VEN11150,"Sherman, Petersen and Beasley Supplies",DME Supplier,045 Lawrence Lake,Port Hannahport,OH,36160,001-663-428-6162x64463,"contact@sherman,petersenandbeasleysupplies.com",Steven Lara,63-5035042,True,,2026-01-22,2027-04-09,True,False,2024-11-09
VEN11151,"Dominguez, Wyatt and Watkins Pharmacy",Lab,23511 Theresa Summit,Goodmouth,PA,5586,304.628.8058x082,"contact@dominguez,wyattandwatkinspharmacy.com",Amanda Warren,26-6902341,True,Kaiser PAP,2023-10-04,2026-08-01,True,False,2022-02-04
VEN11152,Allen and Sons Healthcare,Pharmacy,6936 Nunez Islands,South Matthewchester,CA,62124,001-560-267-9884x45466,contact@allenandsonshealthcare.com,Jacob Browning,64-1522491,True,Kaiser PAP,2025-01-16,2026-07-06,True,False,2023-06-07
VEN11153,"Duncan, Phelps and Wagner Pharmacy",DME Supplier,05511 Molly Mountains Suite 492,Roweland,NC,88081,(459)299-2265x7557,"contact@duncan,phelpsandwagnerpharmacy.com",Christopher Aguirre,16-9716137,True,Kaiser PAP,2024-10-13,2026-08-31,True,False,2022-06-29
VEN11154,"Baldwin, Anderson and Stewart Supplies",Medical Supply,7045 Norris Crest Suite 472,Marioborough,GA,11598,626.364.6287x478,"contact@baldwin,andersonandstewartsupplies.com",Christopher Johnson,55-2836473,True,Kaiser PAP,2026-05-15,2027-01-11,True,False,2023-06-23
VEN11155,Johnson-Wilcox Medical,Pharmacy,24553 Kathleen Viaduct Apt. 502,Davidstad,NY,63575,3739028388,contact@johnson-wilcoxmedical.com,Robert Fuller,43-5865706,True,Kaiser PAP,2024-10-27,2027-01-28,True,False,2024-07-17
VEN11156,"Barnes, Thomas and Martinez Pharmacy",Medical Supply,42155 Lopez Shoals,Lake Veronicastad,FL,74710,+1-493-799-0331x09797,"contact@barnes,thomasandmartinezpharmacy.com",Sharon Robinson,54-6410699,True,Kaiser PAP,2023-10-23,2027-04-11,True,False,2022-09-10
VEN11157,Bishop Inc Healthcare,Medical Supply,40727 Massey Motorway,Port Lauratown,MI,44893,494.516.5401,contact@bishopinchealthcare.com,Brittany Lopez,11-8030605,True,Kaiser PAP,2022-05-17,2026-07-15,True,False,2024-09-03
VEN11158,Young Inc Pharmacy,Lab,8476 Blackwell Extension Apt. 079,Johnhaven,TX,86057,(391)854-1959x6347,contact@youngincpharmacy.com,Andrew Irwin,17-5407811,False,,2024-10-28,2026-08-24,True,False,2025-08-23
VEN11159,"Burns, Davis and Hardin Supplies",Pharmacy,4573 Vazquez Greens,Cameronfort,CA,75472,992.432.7257x27820,"contact@burns,davisandhardinsupplies.com",Lauren Mitchell,44-5675209,True,Kaiser PAP,2025-08-03,2027-03-27,True,False,2025-08-28
VEN11160,"Rodriguez, Simpson and Brown Medical",Transportation,9023 Diana Springs Suite 224,Kristieside,IL,85238,(624)843-6500,"contact@rodriguez,simpsonandbrownmedical.com",Emily Stout,35-6485916,True,Kaiser PAP,2024-08-12,2028-02-21,True,False,2022-04-17
VEN11161,Villa-Brown Pharmacy,DME Supplier,482 Stewart Fords Apt. 225,Connieside,OH,10922,001-498-504-9686x587,contact@villa-brownpharmacy.com,David Anderson,60-9402579,False,,2022-01-11,2027-04-22,True,False,2024-02-11
VEN11162,"Hughes, Hubbard and Hoffman Healthcare",Transportation,7567 Carter Curve Apt. 831,Joshuafort,PA,32189,429-246-8838,"contact@hughes,hubbardandhoffmanhealthcare.com",Jonathan Schultz,31-6716469,False,,2024-02-15,2026-11-24,True,False,2023-01-23
VEN11163,Reese Inc Healthcare,Medical Supply,079 Jessica Ports,South Nicoleshire,IL,24828,803.753.5608,contact@reeseinchealthcare.com,Tracy Johnson,89-7964355,True,Kaiser PAP,2022-10-13,2026-09-17,True,False,2023-09-18
VEN11164,Gibson-Reed Healthcare,Transportation,02086 Morgan Point Suite 335,Meganton,CA,32001,3856451658,contact@gibson-reedhealthcare.com,Jessica Martinez,74-2874267,True,Kaiser PAP,2022-01-14,2026-12-23,True,False,2024-03-17
VEN11165,Fleming Group Healthcare,Transportation,0205 Woodard Terrace,Henrytown,FL,45267,710-584-2850,contact@fleminggrouphealthcare.com,Ricardo Ward,83-5602934,False,Kaiser PAP,2021-08-05,2027-06-27,True,False,2026-02-20
VEN11166,Scott-Robertson Medical,Lab,7964 Keith Shoals,Townsendton,NC,29471,(487)817-0943x64881,contact@scott-robertsonmedical.com,Mindy Baker,49-3366573,True,Kaiser PAP,2024-07-04,2026-12-03,True,False,2023-03-14
VEN11167,Monroe-Banks Pharmacy,Medical Supply,414 Gary Crossing,Owenston,CA,53196,(889)877-7699,contact@monroe-bankspharmacy.com,Megan Hansen,69-6217056,False,Kaiser PAP,2024-01-09,2027-09-12,True,False,2026-01-17
VEN11168,Martin and Sons Supplies,Pharmacy,0684 Bonnie Alley Suite 485,Lake Christopher,CA,15237,974-732-8094x73046,contact@martinandsonssupplies.com,Walter Wallace,73-3439407,True,Kaiser PAP,2022-09-09,2026-11-03,True,False,2026-05-09
VEN11169,"Garcia, Davis and Mccall Medical",Home Health,76324 White Motorway,West Carl,IL,12694,634-864-5625,"contact@garcia,davisandmccallmedical.com",Vincent Morgan,76-2946874,True,Kaiser PAP,2021-07-07,2027-07-04,True,False,2022-08-26
VEN11170,"Chandler, Pena and Smith Supplies",Lab,9636 Knight Port,West Sandraton,CA,24188,304.500.9185x8504,"contact@chandler,penaandsmithsupplies.com",Andrew Fernandez,50-7299755,True,Kaiser PAP,2024-10-06,2027-06-05,True,False,2025-04-08
VEN11171,"Kelly, Flynn and Brandt Healthcare",Lab,7235 Tina Alley Suite 679,Morrisonburgh,CA,58424,400-564-3957x7559,"contact@kelly,flynnandbrandthealthcare.com",Tom Walters,39-1302576,True,Kaiser PAP,2023-08-21,2027-12-16,True,False,2025-03-24
VEN11172,"Bailey, Rangel and Young Pharmacy",Home Health,823 Timothy Estates,Lake Kimberlybury,IL,1698,001-818-762-8859x7779,"contact@bailey,rangelandyoungpharmacy.com",Roberto Hawkins,13-9768012,False,Kaiser PAP,2021-09-28,2026-07-29,True,False,2024-02-25
VEN11173,Morales-Marshall Medical,Home Health,0441 Sarah Road Suite 351,Amyborough,IL,36274,+1-438-405-6925x0118,contact@morales-marshallmedical.com,Calvin Fernandez,23-4365713,False,Kaiser PAP,2025-06-28,2027-12-15,True,False,2021-11-10
VEN11174,Fletcher-Dixon Pharmacy,Pharmacy,2914 Gallagher Hollow Apt. 860,Castillofort,NY,85286,(748)952-0720,contact@fletcher-dixonpharmacy.com,Ann Harvey,31-6532827,True,Kaiser PAP,2024-01-23,2026-08-22,True,False,2025-11-30
VEN11175,Webb-Perez Medical,Lab,0309 Hannah Bypass Suite 919,Gardnerstad,OH,54559,001-802-706-8042x029,contact@webb-perezmedical.com,Eric Daugherty,12-4144529,True,Kaiser PAP,2025-02-14,2027-07-16,True,False,2026-02-18
VEN11176,Watson and Sons Pharmacy,DME Supplier,37868 Wade Vista,North Matthewton,CA,82969,001-220-909-3762x9245,contact@watsonandsonspharmacy.com,Patricia Myers,78-9036881,True,Kaiser PAP,2026-06-23,2027-08-14,True,False,2024-10-08
VEN11177,"Arnold, Porter and Hernandez Healthcare",Lab,6248 Griffith Ford,Jonshire,NC,31723,807.488.4146x7139,"contact@arnold,porterandhernandezhealthcare.com",Tammy King,13-4738651,True,Kaiser PAP,2024-07-14,2026-10-24,True,False,2024-04-11
VEN11178,"Cruz, Spencer and Brown Medical",Medical Supply,24834 Owen Freeway Apt. 183,Gardnerview,NC,47425,001-534-743-4225,"contact@cruz,spencerandbrownmedical.com",Hannah Hayes,82-6695797,False,Kaiser PAP,2021-12-29,2026-08-03,True,False,2022-06-05
VEN11179,Price PLC Healthcare,Pharmacy,080 Christopher Expressway Apt. 334,East Christine,PA,76641,(957)325-7206,contact@priceplchealthcare.com,Shelby Yang,89-1744268,False,Kaiser PAP,2026-05-26,2027-08-21,True,False,2023-07-04
VEN11180,Perry PLC Medical,Pharmacy,1094 Victoria Fields,Richardburgh,NC,79793,+1-885-416-0222x363,contact@perryplcmedical.com,Catherine Nelson,57-5556935,True,Kaiser PAP,2023-08-26,2027-05-07,True,False,2024-03-02
VEN11181,Henderson and Sons Healthcare,DME Supplier,32635 Cole Port,Lake Jacqueline,CA,15827,(969)257-8783x194,contact@hendersonandsonshealthcare.com,Christopher Wilson,13-7077956,True,,2025-03-31,2028-06-24,True,False,2025-08-06
VEN11182,Brown-Gonzalez Pharmacy,Transportation,5700 Andrea Place Suite 957,North Christophermouth,TX,24475,(255)713-1373x99561,contact@brown-gonzalezpharmacy.com,Tracy Savage,81-2952609,True,Kaiser PAP,2025-12-16,2028-01-12,True,False,2021-08-07
VEN11183,"Moss, Arnold and Medina Medical",Pharmacy,407 Shaw Estate Apt. 811,Jordanton,GA,62247,457-492-5543,"contact@moss,arnoldandmedinamedical.com",Mariah Avila,24-6033106,False,,2022-09-03,2027-03-21,True,False,2024-09-15
VEN11184,Pineda-Camacho Supplies,Pharmacy,470 Olson Viaduct,Johnnyshire,FL,77119,+1-426-253-8893x953,contact@pineda-camachosupplies.com,Patrick Peterson,87-3958039,True,Kaiser PAP,2023-03-24,2026-08-31,True,False,2026-06-25
VEN11185,Erickson LLC Supplies,Transportation,533 Key View Apt. 274,Eatonville,NY,38179,001-764-877-6656x701,contact@ericksonllcsupplies.com,David Moore,44-6815368,False,,2023-10-03,2028-06-20,True,False,2026-05-09
VEN11186,"Fisher, Hall and Ward Pharmacy",Lab,25385 Strong Lodge,South Angela,NY,89435,541-483-7324x29282,"contact@fisher,hallandwardpharmacy.com",Carolyn Patton,62-8938247,False,Kaiser PAP,2023-09-19,2026-07-02,True,False,2022-08-28
VEN11187,Mcclain-Tate Supplies,Lab,763 Santos Throughway Suite 050,New Evan,CA,52765,+1-755-279-6831,contact@mcclain-tatesupplies.com,Todd Shields,26-7775949,True,,2021-11-06,2026-11-01,True,False,2023-06-10
VEN11188,Schmidt-Perkins Pharmacy,Pharmacy,3988 Heather Path Suite 819,West Christophermouth,MI,34896,296.628.1523x346,contact@schmidt-perkinspharmacy.com,Robert Powell,16-1258519,False,Kaiser PAP,2022-09-09,2027-03-04,True,False,2022-03-15
VEN11189,Watson-Ramos Healthcare,Medical Supply,1694 Leach Landing Apt. 007,Barronview,MI,88741,+1-726-229-3230x8347,contact@watson-ramoshealthcare.com,Nicholas Brown,74-4072241,True,Kaiser PAP,2024-09-10,2027-01-25,True,False,2024-12-31
VEN11190,Oliver-Jackson Medical,Pharmacy,336 Johnathan Stravenue,Coxbury,PA,12041,(792)611-5328,contact@oliver-jacksonmedical.com,Mark Hall,13-7263195,False,,2023-06-21,2027-05-13,True,False,2023-07-03
VEN11191,Williams-Sharp Pharmacy,Lab,4468 Harper Grove,West Christopherport,FL,85027,(546)931-3265,contact@williams-sharppharmacy.com,Alex Miller,76-9047587,True,Kaiser PAP,2024-11-26,2027-07-20,True,False,2023-06-12
VEN11192,"Welch, Matthews and Smith Healthcare",Lab,418 Sheila Pine Apt. 746,East Karen,NC,85694,001-684-540-3691x2382,"contact@welch,matthewsandsmithhealthcare.com",Teresa Moore,75-3183812,True,,2022-01-18,2028-03-10,True,False,2025-03-21
VEN11193,Mcconnell Ltd Medical,Medical Supply,8975 Coleman Island Apt. 988,New Richardshire,GA,67383,7204188318,contact@mcconnellltdmedical.com,Terrance Davis,15-9989605,False,Kaiser PAP,2024-02-02,2028-05-14,True,False,2026-03-14
VEN11194,"Moreno, Pruitt and Nguyen Medical",Lab,925 David Unions,Port Steven,CA,27558,524.998.3311x9295,"contact@moreno,pruittandnguyenmedical.com",Timothy Morse,84-3256220,True,Kaiser PAP,2024-02-23,2026-10-26,True,False,2022-06-05
VEN11195,Brown PLC Healthcare,Transportation,771 Eric Ferry Apt. 828,Stevenberg,TX,30843,9547530655,contact@brownplchealthcare.com,Randy Campbell,63-8368833,True,,2025-10-21,2028-02-13,True,False,2024-04-07
VEN11196,Stevens Inc Medical,DME Supplier,632 Curtis Parkways Suite 687,South James,CA,90770,987-614-5220x5485,contact@stevensincmedical.com,Patricia Larson,29-8590213,True,,2023-03-19,2027-09-06,True,False,2024-12-19
VEN11197,Mcclure Ltd Medical,DME Supplier,46777 Alexis Parkway Apt. 280,North Amberburgh,NC,31685,+1-615-732-3734,contact@mcclureltdmedical.com,Gerald West,88-5561995,False,Kaiser PAP,2021-08-24,2026-10-13,True,False,2026-02-02
VEN11198,Ross Group Supplies,Home Health,07227 Mccoy Shores Apt. 408,East Michaelburgh,OH,16046,736-940-0495x500,contact@rossgroupsupplies.com,Victor King,56-1060848,True,Kaiser PAP,2024-03-17,2026-12-24,True,False,2022-07-23
VEN11199,"Glass, Brown and Dickerson Pharmacy",Transportation,1804 Tara Landing,Port Amberborough,MI,93385,445-591-0285x1628,"contact@glass,brownanddickersonpharmacy.com",James Floyd,33-1926369,True,Kaiser PAP,2023-03-21,2026-10-28,True,False,2023-05-05
VEN11200,Cabrera-Knox Healthcare,Medical Supply,189 Warren Way,Port Jeffrey,NY,15173,765-655-2327x721,contact@cabrera-knoxhealthcare.com,Elizabeth Moore,20-2929236,True,,2022-12-08,2027-10-13,True,False,2021-12-27
VEN11201,Bolton-Meyer Supplies,Transportation,094 Burnett Walks Apt. 284,Phillipton,PA,31851,5578481374,contact@bolton-meyersupplies.com,Daniel Wilson,63-8155391,True,Kaiser PAP,2026-03-17,2027-08-29,True,False,2022-09-30
VEN11202,Cohen PLC Supplies,Home Health,95753 Barbara Divide,North Emily,PA,19776,001-606-752-7418x142,contact@cohenplcsupplies.com,Joshua Romero,69-2666687,False,,2022-05-12,2028-01-28,True,False,2022-09-17
VEN11203,"Cox, Hoover and Bird Healthcare",DME Supplier,2594 David Bridge,South Sandrachester,NC,15639,+1-496-767-4685x218,"contact@cox,hooverandbirdhealthcare.com",Allison Garcia,17-7227831,False,Kaiser PAP,2022-10-10,2027-03-01,True,False,2025-04-11
VEN11204,Davis LLC Medical,Home Health,1373 Mccullough Highway Suite 894,Josephmouth,NY,35991,294.770.3501,contact@davisllcmedical.com,Shannon Andrews,21-4090567,True,Kaiser PAP,2022-12-07,2027-06-18,True,False,2022-02-01
VEN11205,Simon-Tran Pharmacy,Transportation,43195 Kerry Mill,Port Kathleenhaven,NC,43508,001-665-762-4355x3283,contact@simon-tranpharmacy.com,Thomas Taylor,90-2084822,True,Kaiser PAP,2023-01-10,2026-12-05,True,False,2023-06-27
VEN11206,Hunt LLC Medical,Pharmacy,946 Murray Greens,Carpenterborough,NC,9690,751.992.0789,contact@huntllcmedical.com,Ruth Mosley,11-7986192,True,Kaiser PAP,2022-05-14,2027-08-22,True,False,2022-12-28
VEN11207,Benson LLC Medical,Medical Supply,4506 Chase Square Suite 614,Ortizfurt,MI,59896,(630)939-8113x34537,contact@bensonllcmedical.com,Kevin Leonard,86-2270612,True,Kaiser PAP,2022-12-06,2028-05-20,True,False,2023-01-10
VEN11208,Schroeder PLC Medical,Lab,91745 Santiago Harbors,Geoffreybury,CA,27076,802.735.9147,contact@schroederplcmedical.com,Nicole Pratt,90-4609617,True,Kaiser PAP,2026-02-01,2027-08-07,True,False,2025-07-04
VEN11209,"Johnson, Smith and Young Medical",Pharmacy,88246 Beth Hollow Apt. 170,Danielburgh,IL,68407,3229646996,"contact@johnson,smithandyoungmedical.com",Mary Guerra,25-1545804,False,Kaiser PAP,2025-07-24,2028-05-29,True,False,2025-02-21
VEN11210,"Thompson, Powell and Wilson Healthcare",Lab,95971 Philip Bypass Suite 116,North Paula,MI,99623,931.983.5690,"contact@thompson,powellandwilsonhealthcare.com",Mr. David White,36-5542670,True,Kaiser PAP,2022-05-03,2026-09-10,True,False,2023-05-29
VEN11211,"Hill, Watson and Gomez Healthcare",Home Health,05598 Warner Bypass Apt. 689,Wigginsside,NC,61091,001-307-256-8050x79494,"contact@hill,watsonandgomezhealthcare.com",Michael Beard,60-8683323,True,Kaiser PAP,2021-10-25,2026-08-25,True,False,2024-08-25
VEN11212,Bruce PLC Pharmacy,Lab,9442 Rhodes Glen,Allenhaven,OH,44828,940.665.5758,contact@bruceplcpharmacy.com,Jill Santiago,71-9854732,True,Kaiser PAP,2023-11-28,2026-11-23,True,False,2024-05-15
VEN11213,"Conley, Keller and Hill Pharmacy",Pharmacy,07923 Newton Lakes,Larrymouth,NY,72451,665-768-3755,"contact@conley,kellerandhillpharmacy.com",Angela Woods,44-9989760,True,Kaiser PAP,2021-10-13,2027-03-05,True,False,2022-02-25
VEN11214,"Keller, Deleon and Robinson Medical",Transportation,105 Patrick Centers,North Kristinland,CA,68833,(984)219-4237x1523,"contact@keller,deleonandrobinsonmedical.com",Katrina Jensen,93-3743619,True,Kaiser PAP,2023-12-22,2028-05-21,True,False,2023-07-06
VEN11215,Woods-Johnson Medical,Pharmacy,37505 Ashley Villages,Pamelaland,TX,93489,+1-711-834-9370x880,contact@woods-johnsonmedical.com,Kimberly Watts,77-2956661,False,,2026-05-11,2027-04-15,True,False,2022-01-11
VEN11216,Wood Ltd Pharmacy,Medical Supply,0315 Alexis Square,Tonyafurt,PA,41409,+1-317-759-8865x92768,contact@woodltdpharmacy.com,Michael Jones,98-5113629,True,,2024-03-24,2027-09-12,True,False,2026-02-05
VEN11217,"Morrison, Ibarra and Pratt Supplies",Lab,4882 Ashley Mountain,Lake Stanleyberg,FL,89836,(400)539-3491x056,"contact@morrison,ibarraandprattsupplies.com",Brandon Weber,75-5794291,True,,2022-04-04,2026-09-24,True,False,2025-01-07
VEN11218,Ross PLC Supplies,Home Health,47492 Castro Knolls,North James,TX,66055,600-399-7254x199,contact@rossplcsupplies.com,Brian Robertson,44-2256266,True,Kaiser PAP,2025-11-03,2028-02-28,True,False,2021-08-23
VEN11219,Herman Inc Supplies,DME Supplier,525 Adrienne Ridges,South Brendamouth,MI,97117,7463858693,contact@hermanincsupplies.com,Martin Smith,22-7928957,False,,2022-12-24,2028-02-27,True,False,2023-12-08
VEN11220,Zavala Ltd Supplies,Home Health,5781 Brandon Isle Suite 006,Ryanhaven,FL,4708,+1-550-986-6747x8026,contact@zavalaltdsupplies.com,Anthony Adams,86-8103270,True,Kaiser PAP,2025-05-28,2027-01-05,True,False,2024-05-15
VEN11221,Stewart PLC Healthcare,Home Health,79471 Amanda Lane Apt. 683,East Richardview,NY,45928,001-560-398-3651x412,contact@stewartplchealthcare.com,Roberto Mosley,54-7885061,False,Kaiser PAP,2025-09-13,2028-04-16,True,False,2022-02-11
VEN11222,Allen-Martin Medical,Medical Supply,8739 Allen Summit Suite 046,West John,NY,79536,8249373603,contact@allen-martinmedical.com,Monique Molina,46-6622256,True,,2024-04-02,2027-11-23,True,False,2024-11-12
VEN11223,Jenkins-Dominguez Pharmacy,Home Health,96801 Heather Roads Apt. 633,New Johnport,OH,78579,(490)461-8988,contact@jenkins-dominguezpharmacy.com,Marc Porter,90-5148897,True,Kaiser PAP,2025-10-14,2027-09-26,True,False,2022-08-23
VEN11224,Ruiz PLC Supplies,Home Health,3637 Garcia Brook Apt. 314,New Chadtown,PA,84774,(402)639-9002x8135,contact@ruizplcsupplies.com,Felicia Stevens MD,90-6066697,True,,2021-12-14,2027-01-18,True,False,2022-02-20
VEN11225,Terry Group Medical,Medical Supply,77957 Andrew Courts Apt. 519,Thompsontown,NY,40959,231.637.6885x9714,contact@terrygroupmedical.com,Ronald Russell,15-9965014,True,Kaiser PAP,2023-04-23,2028-03-10,True,False,2026-05-17
VEN11226,Reed and Sons Supplies,Medical Supply,8574 Charles Spring Apt. 002,North Michaelside,NY,77877,489-341-5038,contact@reedandsonssupplies.com,Alicia Ferguson,15-9236467,False,Kaiser PAP,2024-01-16,2027-04-27,True,False,2024-01-11
VEN11227,Zavala-Camacho Supplies,Lab,70257 White Shore,New David,NC,89987,(387)832-9199,contact@zavala-camachosupplies.com,Gina Bishop,30-4143674,False,Kaiser PAP,2026-03-20,2026-09-02,True,False,2024-10-21
VEN11228,Wiggins-Davis Supplies,Transportation,774 Cline Junction,Debraton,FL,47397,(963)352-8890x407,contact@wiggins-davissupplies.com,Amanda Jenkins,32-7051251,False,Kaiser PAP,2022-10-06,2026-07-25,True,False,2023-03-18
VEN11229,Adams-Brown Healthcare,Medical Supply,102 Veronica Plain Apt. 933,Carolynchester,OH,64212,+1-463-772-6798,contact@adams-brownhealthcare.com,Shelia Rodriguez,12-7180775,True,Kaiser PAP,2023-08-12,2026-12-12,True,False,2022-10-29
VEN11230,Gilbert Inc Supplies,Lab,2533 Duncan Club Apt. 274,Lake Brittany,GA,74049,+1-392-290-3831x4141,contact@gilbertincsupplies.com,Heather Davis,75-6938718,True,Kaiser PAP,2025-01-30,2026-08-01,True,False,2023-07-31
VEN11231,"Johnson, Henderson and Carey Pharmacy",Home Health,3932 Sarah Station Suite 951,Heatherborough,IL,29875,001-687-715-6342x5280,"contact@johnson,hendersonandcareypharmacy.com",Bryan Leblanc,78-3984143,True,Kaiser PAP,2023-06-11,2028-06-29,True,False,2024-08-13
VEN11232,"Dixon, Ellis and Martin Supplies",Transportation,42512 Michael Mills Suite 446,Yangville,PA,27055,(820)760-3203x5603,"contact@dixon,ellisandmartinsupplies.com",Adriana Smith,13-5953857,True,Kaiser PAP,2022-11-30,2027-02-19,True,False,2026-02-06
VEN11233,"Ball, Williams and Fuller Supplies",Home Health,2269 Gina Vista Apt. 046,North Derekview,NY,98027,001-746-324-6145x365,"contact@ball,williamsandfullersupplies.com",Kevin Gonzales,45-2800163,True,Kaiser PAP,2022-01-12,2028-04-01,True,False,2023-06-27
VEN11234,"Schultz, Williams and Lopez Supplies",Medical Supply,95886 Cook Islands Suite 327,Sarahville,PA,75575,596-625-5497,"contact@schultz,williamsandlopezsupplies.com",Brianna Mcbride,88-5339280,True,,2024-12-24,2027-02-09,True,False,2025-01-01
VEN11235,Duke-Smith Medical,Transportation,6657 Briggs Springs,North Jillian,GA,33991,628.276.0238,contact@duke-smithmedical.com,Terri Gilbert,91-8150750,True,Kaiser PAP,2026-02-03,2027-09-02,True,False,2023-12-14
VEN11236,Hall-Nelson Pharmacy,Lab,71342 Matthew Mission Apt. 685,West Bruce,TX,26296,+1-672-247-4003,contact@hall-nelsonpharmacy.com,Paul Horn,44-5283866,True,,2026-04-18,2027-02-04,True,False,2023-12-21
VEN11237,"Griffin, Stevens and Roberts Medical",Lab,6409 Fuller Ville,New Jamestown,PA,94222,+1-774-656-7000x375,"contact@griffin,stevensandrobertsmedical.com",Stacy Martinez,91-9173240,False,,2023-02-06,2028-01-28,True,False,2025-08-22
VEN11238,Scott-Grimes Healthcare,Transportation,073 Cynthia Lake Suite 158,Port Tamara,FL,11941,384.787.3134x41712,contact@scott-grimeshealthcare.com,Diane Price,88-1968259,True,Kaiser PAP,2022-12-29,2027-07-14,True,False,2022-11-17
VEN11239,"Hill, Sanford and Harper Medical",Lab,726 Richardson Road,Port Justinfort,NY,51630,(401)744-9651,"contact@hill,sanfordandharpermedical.com",Chelsea Spears,34-8546751,True,Kaiser PAP,2023-04-09,2027-12-31,True,False,2023-05-25
VEN11240,"Craig, Butler and Williams Supplies",Lab,759 James Union Suite 452,Drewberg,IL,23053,705-487-0686x0215,"contact@craig,butlerandwilliamssupplies.com",Sarah Baxter,51-2018416,True,,2026-01-01,2026-09-11,True,False,2025-11-10
VEN11241,"Jones, Brown and Wilson Supplies",Pharmacy,700 Thomas Drive Suite 638,Mckayberg,OH,79170,452-312-9286x5974,"contact@jones,brownandwilsonsupplies.com",Nicole Hicks,86-8689348,False,Kaiser PAP,2021-12-05,2027-06-09,True,False,2025-02-17
VEN11242,"Johnson, Waller and Lee Medical",Lab,822 Cheryl Keys,Porterberg,NC,8051,317.212.3385x81213,"contact@johnson,wallerandleemedical.com",Amanda Barton,51-2485724,True,Kaiser PAP,2023-07-17,2028-02-17,True,False,2021-11-01
VEN11243,Stout-Reyes Healthcare,Home Health,230 Green Shores Suite 424,Millerburgh,MI,5024,001-913-880-8030,contact@stout-reyeshealthcare.com,William Rodriguez,10-6290201,False,Kaiser PAP,2024-09-29,2026-09-09,True,False,2023-09-06
VEN11244,"James, Chen and Chen Healthcare",Pharmacy,33622 Sanchez Unions Suite 178,Port Barbaraside,NC,10390,932.545.8919,"contact@james,chenandchenhealthcare.com",Sierra James,36-6267180,True,Kaiser PAP,2022-08-05,2028-05-21,True,False,2023-07-09
VEN11245,Tucker-Chandler Supplies,Medical Supply,02284 Morales Skyway Apt. 199,North Kathleen,CA,12830,836.910.8531,contact@tucker-chandlersupplies.com,Brian Bell,97-1708151,False,Kaiser PAP,2023-10-22,2028-02-28,True,False,2025-05-09
VEN11246,"Aguirre, Tanner and Cooper Pharmacy",Home Health,997 William Point Suite 615,West Ericamouth,CA,95145,(531)966-1294x1300,"contact@aguirre,tannerandcooperpharmacy.com",Bradley Johnson,75-9857073,False,,2022-09-29,2028-03-19,True,False,2024-09-13
VEN11247,Reynolds Inc Medical,Lab,2345 Manuel Hollow Suite 682,Tapiafort,FL,75667,(465)673-0499x784,contact@reynoldsincmedical.com,Martin Santiago,99-3722385,True,Kaiser PAP,2023-02-28,2027-08-07,True,False,2024-03-21
VEN11248,Roberts PLC Healthcare,Transportation,210 Anthony Crest,Wallacefurt,PA,5356,(502)671-5084x1783,contact@robertsplchealthcare.com,Jonathan Reed,17-8412358,True,Kaiser PAP,2025-03-06,2028-04-05,True,False,2023-02-10
VEN11249,Becker-Mason Healthcare,Medical Supply,1645 Ramirez Wells Apt. 124,North Kathy,TX,9139,689.856.0283x2908,contact@becker-masonhealthcare.com,Mary Bryan,76-2897574,True,Kaiser PAP,2022-08-05,2027-02-21,True,False,2025-10-13
VEN11250,"Mcneil, Torres and Ward Pharmacy",DME Supplier,56079 Alison Green,Alyssaland,OH,45507,+1-999-212-5295,"contact@mcneil,torresandwardpharmacy.com",Matthew Valencia,89-8033434,True,Kaiser PAP,2022-07-02,2027-08-31,True,False,2023-11-22
VEN11251,"Gonzalez, Reynolds and James Supplies",DME Supplier,24161 Jones Curve Suite 492,West Maureen,GA,82574,001-597-747-7293x156,"contact@gonzalez,reynoldsandjamessupplies.com",Ryan Anderson,93-1457855,True,Kaiser PAP,2021-11-04,2027-12-25,True,False,2023-10-17
VEN11252,Bartlett-Parks Supplies,Medical Supply,23044 Washington Court Suite 093,Ryantown,IL,70119,(310)816-4091,contact@bartlett-parkssupplies.com,Shane Barnett,81-7465142,False,,2022-11-30,2027-08-01,True,False,2026-03-15
VEN11253,Blair-Castillo Pharmacy,Home Health,67074 Michelle Parkway Apt. 924,Lake Rhondaland,NY,40940,494.634.0879x79441,contact@blair-castillopharmacy.com,Sarah Miranda,83-3581750,True,,2024-01-15,2028-03-10,True,False,2025-01-16
VEN11254,Brady and Sons Supplies,DME Supplier,4986 Luna Roads Apt. 628,Annettemouth,TX,61310,(289)553-9749x0381,contact@bradyandsonssupplies.com,Nicholas Smith,68-4894242,True,,2025-12-12,2027-01-16,True,False,2025-01-24
VEN11255,"Todd, Baker and Wheeler Medical",Pharmacy,763 Jackson Hill Apt. 899,Joshuaburgh,OH,39702,307.446.2259x451,"contact@todd,bakerandwheelermedical.com",Amber Moody,88-4216357,True,Kaiser PAP,2023-09-29,2026-08-28,True,False,2024-08-15
VEN11256,"Brown, Long and Freeman Healthcare",Home Health,400 Ross Fords,South Adrianport,NY,83893,355-252-6176x0848,"contact@brown,longandfreemanhealthcare.com",Rachel Walton,91-3351239,False,,2023-06-22,2026-09-06,True,False,2023-05-01
VEN11257,"Howell, Barr and Diaz Supplies",Medical Supply,3236 George Trail,West Jefferybury,FL,50349,426-213-5077x54415,"contact@howell,barranddiazsupplies.com",Kara Holmes,37-1437631,True,Kaiser PAP,2026-03-07,2028-04-23,True,False,2022-11-22
VEN11258,Bryant PLC Healthcare,Transportation,19801 Hoover Street Apt. 552,West Lisa,TX,53052,001-485-733-8451x658,contact@bryantplchealthcare.com,David Stewart,42-1672356,False,,2025-03-24,2027-03-20,True,False,2023-03-17
VEN11259,"Wilson, Black and Nelson Medical",Lab,59150 Bryant Bypass Apt. 467,East Lawrenceside,NY,25282,840.649.7425x513,"contact@wilson,blackandnelsonmedical.com",Lucas Carrillo,29-4618530,True,Kaiser PAP,2024-11-10,2027-05-22,True,False,2025-02-08
VEN11260,Mcintosh Inc Healthcare,DME Supplier,7018 Anderson Squares Apt. 350,North Hollymouth,OH,64503,001-456-455-8174x648,contact@mcintoshinchealthcare.com,Lauren Gonzales,41-6842209,True,Kaiser PAP,2023-04-06,2026-09-13,True,False,2022-05-15
VEN11261,Hall LLC Medical,Lab,61190 Henry Harbor Apt. 700,Lindachester,PA,72242,518.548.0554,contact@hallllcmedical.com,Andrew Chavez,49-8897767,True,,2025-01-07,2026-08-07,True,False,2021-09-28
VEN11262,"Ellis, Durham and Phillips Supplies",Home Health,801 Cruz Hills,Horneville,FL,88388,(637)590-7723,"contact@ellis,durhamandphillipssupplies.com",Donald Johnson,68-9751151,True,,2026-04-01,2027-03-16,True,False,2022-10-18
VEN11263,"Davis, Wright and Grant Supplies",Home Health,898 Nguyen Trail,East Rebecca,TX,35819,+1-659-976-9383x328,"contact@davis,wrightandgrantsupplies.com",Amy Wilson,90-7852997,False,,2024-12-14,2026-07-16,True,False,2024-07-26
VEN11264,Meyer-Baldwin Medical,Transportation,4055 Davis Plaza,Lonnieberg,IL,93944,+1-393-600-8417,contact@meyer-baldwinmedical.com,Tony Irwin,42-5749237,False,,2022-09-04,2028-04-30,True,False,2023-05-04
VEN11265,"Jordan, Foster and Mcconnell Healthcare",Medical Supply,39197 Rhonda Drive,South Timothy,PA,37359,668-864-8629x03588,"contact@jordan,fosterandmcconnellhealthcare.com",Brian Meza,17-6976187,True,,2022-03-29,2026-11-29,True,False,2024-08-29
VEN11266,Beck-Brown Supplies,DME Supplier,9369 Mendez Mill Apt. 839,Lake Dustinport,PA,4377,896.280.7906x834,contact@beck-brownsupplies.com,Troy Harris,86-6915102,True,,2023-02-05,2027-10-26,True,False,2025-09-05
VEN11267,Cruz-Williams Medical,Transportation,021 Gonzalez Drives Apt. 953,Sarashire,GA,21360,982.420.0603x226,contact@cruz-williamsmedical.com,Mackenzie Ruiz,68-2362018,True,,2022-09-12,2028-03-02,True,False,2024-02-18
VEN11268,"Colon, Jones and Cooper Supplies",Lab,922 Kyle Road,Mccormickville,FL,83007,684-536-1791x7267,"contact@colon,jonesandcoopersupplies.com",Joan Juarez,12-1143857,True,Kaiser PAP,2025-01-10,2026-07-02,True,False,2026-01-04
VEN11269,Harris PLC Supplies,Pharmacy,2595 Gregory Crossing,Cynthiastad,OH,99552,590-937-5405x21324,contact@harrisplcsupplies.com,Kathleen Gonzalez,18-6788428,True,Kaiser PAP,2023-05-21,2028-06-11,True,False,2022-04-11
VEN11270,Richards PLC Pharmacy,Lab,8570 Kane Coves,Tranport,CA,76321,248.330.2290,contact@richardsplcpharmacy.com,Seth Price,20-4624218,True,Kaiser PAP,2021-08-16,2026-08-06,True,False,2023-03-07
VEN11271,"Perry, Alvarez and Hill Healthcare",Lab,4175 Emily Street,Matthewsside,NY,31341,512-928-3357x3059,"contact@perry,alvarezandhillhealthcare.com",Steven Chan,67-4934313,True,Kaiser PAP,2026-05-12,2028-03-02,True,False,2021-08-27
VEN11272,"Mitchell, Trevino and Williams Medical",Lab,291 Young Mill,South Tiffany,FL,15740,001-211-264-0663x514,"contact@mitchell,trevinoandwilliamsmedical.com",Matthew Brown,79-1030026,False,,2022-09-16,2028-01-28,True,False,2024-03-20
VEN11273,Mckenzie and Sons Pharmacy,DME Supplier,565 Freeman Light,Johnsonmouth,NC,23656,538-200-2814x613,contact@mckenzieandsonspharmacy.com,James Spence,88-7526462,True,Kaiser PAP,2021-10-14,2026-08-03,True,False,2023-01-06
VEN11274,Webb Inc Pharmacy,Lab,64494 Ferguson Throughway Apt. 914,North Nancyfurt,NY,78476,887-769-3532,contact@webbincpharmacy.com,Jeffery Jones,40-1215153,False,,2022-05-14,2028-01-19,True,False,2022-12-07
VEN11275,"Washington, Sparks and Benjamin Pharmacy",Home Health,0683 Franco Summit Suite 454,New Carolyn,NY,87055,001-947-363-5201x233,"contact@washington,sparksandbenjaminpharmacy.com",Daniel Mcdaniel,52-7431841,True,Kaiser PAP,2021-09-06,2026-08-05,True,False,2022-04-04
VEN11276,Anderson Inc Supplies,DME Supplier,3940 Anna Motorway,Tylerview,PA,12914,(611)611-7171,contact@andersonincsupplies.com,Jennifer Thomas,44-3431802,True,Kaiser PAP,2021-07-30,2027-01-13,True,False,2023-05-09
VEN11277,Wilson PLC Healthcare,Home Health,8916 Cruz Valley Apt. 280,Caseyhaven,NC,53256,001-860-650-5592x573,contact@wilsonplchealthcare.com,David Howell,71-6868270,True,Kaiser PAP,2024-04-07,2027-01-27,True,False,2024-02-07
VEN11278,Mcclure Group Healthcare,Transportation,9130 Andrew Springs Suite 195,North Leslieshire,NY,87145,+1-331-266-9497x9004,contact@mccluregrouphealthcare.com,Elizabeth Burns,88-9309366,False,Kaiser PAP,2024-07-17,2026-09-08,True,False,2022-12-11
VEN11279,Kelly LLC Healthcare,Transportation,215 Morgan Track,Howellberg,CA,71223,4746161917,contact@kellyllchealthcare.com,Heather Wright,67-2222185,True,,2022-05-06,2027-01-28,True,False,2023-01-19
VEN11280,"Watson, Nixon and Oliver Pharmacy",Lab,29105 Johnson Radial,Shannonhaven,IL,52450,001-907-998-7236x015,"contact@watson,nixonandoliverpharmacy.com",Hayden Smith,86-2936530,False,Kaiser PAP,2022-09-02,2027-04-30,True,False,2025-11-14
VEN11281,"Meza, Smith and Owen Supplies",DME Supplier,158 Fred Camp Suite 183,Ballmouth,TX,58316,+1-355-573-9771x82652,"contact@meza,smithandowensupplies.com",Randall Roberts,51-8125687,True,,2024-05-07,2028-06-03,True,False,2026-03-07
VEN11282,Nguyen Ltd Supplies,Transportation,2084 Harvey Estate Apt. 615,Harrismouth,OH,30027,970.898.8109,contact@nguyenltdsupplies.com,Jamie Brown,39-2105858,True,Kaiser PAP,2021-08-03,2028-01-15,True,False,2025-08-08
VEN11283,"Smith, Moses and Barnes Supplies",Transportation,52726 Hill Plains Apt. 485,West Nancy,MI,72916,271.609.9463,"contact@smith,mosesandbarnessupplies.com",Jason Aguirre,72-1410488,True,Kaiser PAP,2023-01-09,2026-12-19,True,False,2023-08-28
VEN11284,Thomas-Williams Medical,Transportation,88494 Nelson Cape Apt. 299,Kennethtown,GA,63287,+1-678-554-2578x39478,contact@thomas-williamsmedical.com,Steven Black,19-7392400,True,,2025-07-26,2028-02-02,True,False,2024-02-22
VEN11285,Miranda and Sons Medical,Transportation,6488 Murphy Overpass Suite 362,New Wesley,TX,86366,001-833-677-2531x1118,contact@mirandaandsonsmedical.com,Shaun Cohen,39-1013016,True,,2025-07-13,2027-06-09,True,False,2023-11-13
VEN11286,White-Moore Medical,Lab,46453 Houston Tunnel Apt. 483,South Sue,PA,4853,394.955.1263,contact@white-mooremedical.com,Penny Flores,54-4483059,True,Kaiser PAP,2023-06-10,2027-06-26,True,False,2022-07-08
VEN11287,Williams Group Medical,Transportation,49171 Kimberly Points,Ramirezmouth,PA,43602,(418)469-7549x68868,contact@williamsgroupmedical.com,Angel Nguyen,75-5398454,True,,2022-01-28,2028-06-04,True,False,2022-03-13
VEN11288,"Olson, Rhodes and Farmer Healthcare",Lab,39345 William Island,South Francis,NY,42079,(961)425-0128x598,"contact@olson,rhodesandfarmerhealthcare.com",Victor Gonzalez,45-4545849,True,Kaiser PAP,2024-02-19,2027-10-11,True,False,2023-12-07
VEN11289,Simpson PLC Medical,Transportation,957 Jason Circle Suite 382,Jamesberg,NY,65106,(543)519-0956,contact@simpsonplcmedical.com,Jason Schneider,17-1538407,True,Kaiser PAP,2023-09-19,2027-04-12,True,False,2023-11-15
VEN11290,"Hicks, Crawford and Johnson Supplies",Home Health,088 Alexis Via Apt. 906,Howardtown,PA,17803,+1-609-846-9145x265,"contact@hicks,crawfordandjohnsonsupplies.com",Bradley Green,34-9246752,True,,2021-08-28,2027-04-18,True,False,2023-09-30
VEN11291,"Guzman, Love and Mccullough Healthcare",Pharmacy,96956 James Forge Apt. 893,Brewerberg,TX,24463,001-686-858-2887x8129,"contact@guzman,loveandmcculloughhealthcare.com",Kelly Perkins,96-3756912,False,Kaiser PAP,2022-02-18,2028-06-24,True,False,2025-07-07
VEN11292,"Hampton, Wiggins and Paul Healthcare",Medical Supply,33243 Lam Flats Suite 809,Elizabethchester,IL,68908,001-473-836-4271x99721,"contact@hampton,wigginsandpaulhealthcare.com",Cesar Thomas,78-9488385,False,,2023-04-25,2027-04-02,True,False,2025-02-19
VEN11293,Arellano-Espinoza Healthcare,Home Health,058 Emily Village Apt. 729,West Stephenport,NC,15828,580-929-5495x08750,contact@arellano-espinozahealthcare.com,Jennifer Martinez,40-1559688,True,,2024-04-26,2027-01-18,True,False,2021-07-01
VEN11294,Reid-Evans Pharmacy,Pharmacy,3666 Matthews Crossroad,New Kevinberg,TX,30530,642-607-9951x695,contact@reid-evanspharmacy.com,James Miller,11-7169101,True,Kaiser PAP,2025-08-22,2028-02-27,True,False,2024-01-19
VEN11295,"Nguyen, Crane and Obrien Pharmacy",Medical Supply,0716 Morrison Mission,South Jennifer,MI,68025,001-891-909-0329,"contact@nguyen,craneandobrienpharmacy.com",Heidi Ramirez,72-2371731,True,Kaiser PAP,2023-04-22,2026-07-16,True,False,2021-11-29
VEN11296,"Moreno, Davis and Schwartz Healthcare",Transportation,978 Stacy Village Apt. 115,Kerrmouth,GA,66689,256-390-2405,"contact@moreno,davisandschwartzhealthcare.com",Nicholas Allen,22-8736521,True,Kaiser PAP,2025-02-22,2027-08-19,True,False,2024-05-03
VEN11297,"Bailey, Huynh and Gutierrez Pharmacy",Medical Supply,447 Jones Ports Suite 010,New Cory,CA,26299,9223086299,"contact@bailey,huynhandgutierrezpharmacy.com",Erica Arroyo,95-6102864,True,Kaiser PAP,2023-02-03,2027-10-05,True,False,2024-05-07
VEN11298,Walton LLC Medical,Pharmacy,413 Jaime Summit Suite 832,North Jacobfurt,NY,58082,+1-382-441-7777x96717,contact@waltonllcmedical.com,Ryan Howard,15-1394708,True,Kaiser PAP,2023-04-26,2028-05-06,True,False,2022-11-19
VEN11299,Lewis-Henry Medical,Lab,50454 Jessica Meadows Apt. 400,North Pamela,CA,53282,9307886761,contact@lewis-henrymedical.com,Ryan Jones,39-1123409,True,,2021-09-19,2026-10-06,True,False,2024-03-06
VEN11300,Heath-Arnold Healthcare,Medical Supply,614 Calvin Land Suite 224,Brownberg,TX,89227,931-971-5200,contact@heath-arnoldhealthcare.com,Jessica Smith,80-4345104,True,Kaiser PAP,2022-03-15,2027-09-21,True,False,2021-08-05
VEN11301,"Nguyen, Hudson and Lopez Pharmacy",DME Supplier,362 Smith Freeway Suite 740,Patrickmouth,TX,40757,959.427.2092x50166,"contact@nguyen,hudsonandlopezpharmacy.com",Catherine Contreras,11-6444156,False,,2022-07-28,2027-04-25,True,False,2022-05-03
VEN11302,Chandler-Gray Supplies,Medical Supply,1230 Porter Summit,Mcknightchester,IL,95235,+1-389-984-7711x0015,contact@chandler-graysupplies.com,Derrick Griffith MD,89-9963928,False,Kaiser PAP,2021-10-31,2026-11-16,True,False,2021-12-30
VEN11303,Hunter LLC Supplies,Pharmacy,0705 Thompson Fields Apt. 847,Brendaview,NY,69759,(356)679-5269x3542,contact@hunterllcsupplies.com,Lucas Frey,51-2692894,False,Kaiser PAP,2024-09-16,2028-03-22,True,False,2026-06-12
VEN11304,Jordan Ltd Healthcare,Pharmacy,0027 David Mills Apt. 687,Port Rebeccaside,MI,30803,(465)641-8385,contact@jordanltdhealthcare.com,Carolyn Chen,24-2007228,True,,2024-12-14,2026-10-12,True,False,2025-02-06
VEN11305,Bell-James Medical,Lab,6487 Bates Skyway,East Robert,TX,7004,001-378-700-1252x89516,contact@bell-jamesmedical.com,Janet Crosby,58-6490977,False,Kaiser PAP,2025-05-03,2026-09-14,True,False,2023-05-12
VEN11306,"Rogers, Reyes and Wu Healthcare",Lab,73759 Heath View Apt. 732,New Lisa,GA,90178,+1-542-232-8259x9302,"contact@rogers,reyesandwuhealthcare.com",Alexandria Leblanc DVM,41-2747617,True,,2024-05-17,2027-05-12,True,False,2024-06-20
VEN11307,"Brown, Austin and Kirby Supplies",Home Health,2911 Taylor Mountain Apt. 746,Lake Steve,NC,77934,272.574.6333x08305,"contact@brown,austinandkirbysupplies.com",Robert Ruiz,40-7765113,False,Kaiser PAP,2024-07-02,2028-06-09,True,False,2025-12-27
VEN11308,Richardson-West Healthcare,Home Health,45169 Diane Rapid,South Bryanburgh,PA,96211,001-647-796-4629,contact@richardson-westhealthcare.com,Rebecca Collier,68-5806419,True,,2022-05-08,2028-05-01,True,False,2021-09-07
VEN11309,"Wall, Wright and Patrick Supplies",Home Health,795 Jared Villages Apt. 539,Port Jonathanhaven,MI,44812,346.929.2167x978,"contact@wall,wrightandpatricksupplies.com",Ian Patterson,41-6505245,True,,2023-03-30,2026-11-08,True,False,2023-01-18
VEN11310,"Ayala, Alvarado and Knight Healthcare",Lab,0304 Walker Ville,Kaylachester,NY,57851,(356)529-8451,"contact@ayala,alvaradoandknighthealthcare.com",Bruce Hall,80-4281076,True,,2022-08-09,2026-08-05,True,False,2024-01-20
VEN11311,Garcia-Richardson Pharmacy,Lab,085 Daniel Centers,South Gregoryfurt,NY,18925,546-746-3497x1614,contact@garcia-richardsonpharmacy.com,Samantha Clayton,73-4536951,True,,2025-07-25,2026-07-26,True,False,2023-04-25
VEN11312,"Day, Wright and Walker Supplies",Transportation,65964 Julia Lane,Rayville,PA,31618,+1-247-313-4477,"contact@day,wrightandwalkersupplies.com",Rachael Young,90-3284995,False,Kaiser PAP,2022-03-31,2027-01-08,True,False,2024-06-26
VEN11313,"Morton, Garcia and James Supplies",Home Health,887 Page Crossroad Suite 130,Port Carolyn,TX,70165,(416)578-3410,"contact@morton,garciaandjamessupplies.com",Amanda Collins,31-5238492,True,Kaiser PAP,2024-08-18,2027-12-08,True,False,2025-04-18
VEN11314,"Mayer, Haney and Underwood Pharmacy",Transportation,502 Kelley Rapid,North Susan,MI,32832,9194582740,"contact@mayer,haneyandunderwoodpharmacy.com",Mary Nunez,38-1490202,True,,2022-06-10,2027-01-13,True,False,2022-01-26
VEN11315,"Boyer, Miller and Castro Medical",DME Supplier,3171 Stevenson Expressway,Smithview,IL,82147,826-905-9008x16236,"contact@boyer,millerandcastromedical.com",Rebecca Green,30-4144009,True,Kaiser PAP,2022-02-07,2027-12-21,True,False,2025-06-30
VEN11316,Key Ltd Medical,Medical Supply,563 Rice Spur Suite 432,Meyerhaven,TX,72690,+1-311-696-3316x488,contact@keyltdmedical.com,Benjamin Jackson,29-1151506,True,,2025-12-16,2027-01-30,True,False,2021-07-21
VEN11317,Blackburn-Bond Healthcare,Lab,67686 Weaver Prairie,Zamoraberg,PA,13007,973.614.1676,contact@blackburn-bondhealthcare.com,Bradley Meyer,49-1123527,False,Kaiser PAP,2025-07-06,2027-01-30,True,False,2025-01-22
VEN11318,"Wilson, Pineda and Wright Pharmacy",DME Supplier,0379 Dawn Lights,Lake Ryanmouth,NC,97861,905.450.4096x532,"contact@wilson,pinedaandwrightpharmacy.com",Brandon Turner,43-2910019,True,Kaiser PAP,2023-10-20,2027-02-04,True,False,2023-03-16
VEN11319,Silva Group Supplies,Medical Supply,319 Cody Village Apt. 651,Jenkinsbury,FL,8219,270.666.6976x058,contact@silvagroupsupplies.com,Christian Austin,29-2306212,True,Kaiser PAP,2025-02-05,2026-09-15,True,False,2022-02-02
VEN11320,Zuniga Inc Supplies,Lab,949 Roger Lights Apt. 496,Port Johnton,GA,47284,837.477.2159x27676,contact@zunigaincsupplies.com,Natalie Cox,68-2431286,True,Kaiser PAP,2026-05-04,2027-11-09,True,False,2026-05-14
VEN11321,Wheeler-Chavez Healthcare,Home Health,20148 Michelle Key Apt. 011,West Cheyenneborough,MI,58222,492-534-9149x05035,contact@wheeler-chavezhealthcare.com,Deborah King,71-4556707,True,Kaiser PAP,2024-11-30,2028-04-26,True,False,2024-07-14
VEN11322,Gonzalez-Martin Pharmacy,Medical Supply,687 Adam Prairie Apt. 186,Owensside,TX,17691,274.687.2979,contact@gonzalez-martinpharmacy.com,Michelle Navarro,55-8099055,False,Kaiser PAP,2024-03-17,2028-05-25,True,False,2025-10-20
VEN11323,"Callahan, Cantu and Coleman Medical",DME Supplier,397 Barrera View Apt. 575,South Angela,PA,10064,+1-209-586-5134x7747,"contact@callahan,cantuandcolemanmedical.com",Chelsea Clark,72-3812153,True,Kaiser PAP,2022-05-06,2027-08-16,True,False,2025-06-25
VEN11324,Frey LLC Supplies,Lab,17146 Johnson Plaza Apt. 285,Mariaside,TX,53450,549-642-1105x9746,contact@freyllcsupplies.com,Charles Jones,94-7163805,False,Kaiser PAP,2024-04-05,2027-07-29,True,False,2023-11-07
VEN11325,"Hernandez, Vargas and Ramos Medical",Home Health,8732 Torres Meadows,Nicolehaven,NY,86069,233-226-6151,"contact@hernandez,vargasandramosmedical.com",Ryan Johnson,66-8477045,False,,2024-04-08,2027-10-01,True,False,2025-01-23
VEN11326,Allen Ltd Healthcare,Home Health,705 Long Greens,East Elizabethmouth,TX,9708,813-523-7875x131,contact@allenltdhealthcare.com,Laura Brown,25-5453111,True,Kaiser PAP,2024-02-03,2028-06-26,True,False,2021-09-30
VEN11327,Clarke and Sons Supplies,Pharmacy,63140 Dean Trail,New Kathy,IL,65190,+1-828-675-3882x7777,contact@clarkeandsonssupplies.com,Evan Ayers,17-6486222,True,Kaiser PAP,2022-12-10,2028-06-24,True,False,2025-12-26
VEN11328,English-Nelson Healthcare,DME Supplier,7209 Janice Estate Apt. 567,North Eric,CA,85499,984-782-8879,contact@english-nelsonhealthcare.com,Sherry Everett,35-2067564,False,Kaiser PAP,2023-09-22,2027-08-13,True,False,2021-10-23
VEN11329,"Patterson, Kline and Hunter Pharmacy",Pharmacy,4943 Ryan Pine,Penningtonview,NC,45626,653-750-8551x006,"contact@patterson,klineandhunterpharmacy.com",Nicole Ramirez,43-3257601,True,Kaiser PAP,2023-12-18,2027-07-15,True,False,2024-06-25
VEN11330,Soto-Powell Supplies,Medical Supply,04535 Kristin Ville Suite 377,Jacksonton,GA,57136,+1-479-206-2664,contact@soto-powellsupplies.com,Theresa Shaffer,68-1752727,False,,2023-01-18,2027-03-13,True,False,2022-02-16
VEN11331,"Jackson, Young and Hopkins Pharmacy",Home Health,80953 Camacho Fork Suite 911,Stephanieview,OH,53912,756.216.4664x15385,"contact@jackson,youngandhopkinspharmacy.com",Kimberly Ball,82-4284859,False,Kaiser PAP,2023-10-21,2026-08-10,True,False,2025-01-13
VEN11332,Summers-Hale Healthcare,Lab,22368 Riley Club Apt. 369,New Oliviahaven,CA,13758,001-876-477-7393x434,contact@summers-halehealthcare.com,Richard Sampson,34-5696831,False,Kaiser PAP,2024-06-12,2028-02-04,True,False,2025-09-13
VEN11333,"Meyer, Davis and Reed Healthcare",Home Health,578 Amy Walks Apt. 863,New Matthew,PA,13867,(548)265-0405,"contact@meyer,davisandreedhealthcare.com",Jeremy Rivera,66-9192465,True,Kaiser PAP,2025-06-09,2028-05-14,True,False,2022-08-04
VEN11334,"Williams, Page and Baird Supplies",Home Health,209 Marquez Lakes,Stanleytown,CA,5536,822-698-5110x5460,"contact@williams,pageandbairdsupplies.com",Victoria Little,56-6685633,True,Kaiser PAP,2021-12-08,2028-01-14,True,False,2023-04-10
VEN11335,"Valentine, Waller and Simon Medical",Medical Supply,595 Lisa Corners Suite 611,Meadowsborough,NC,34628,+1-579-683-9897x0825,"contact@valentine,wallerandsimonmedical.com",Michael Phillips,52-3421409,False,,2024-09-05,2026-11-01,True,False,2024-03-29
VEN11336,"Rodriguez, Clark and Green Medical",Pharmacy,2901 Fischer Orchard Suite 420,Port Marcberg,NY,85061,+1-735-486-4726x7600,"contact@rodriguez,clarkandgreenmedical.com",Mercedes Mcdonald,84-3888771,True,Kaiser PAP,2023-08-20,2026-08-14,True,False,2025-08-22
VEN11337,"Torres, Hunter and Lucas Pharmacy",Pharmacy,0843 Thompson Highway Apt. 581,North Michael,CA,2397,240-968-4250x71804,"contact@torres,hunterandlucaspharmacy.com",Devin Mcdonald,29-8941350,False,,2021-10-14,2027-10-02,True,False,2024-05-15
VEN11338,"Miller, Finley and Hoover Pharmacy",Home Health,2905 Morrison Cliffs,Ashleytown,IL,83441,(798)626-6321x482,"contact@miller,finleyandhooverpharmacy.com",Lisa Hernandez,64-7069203,True,,2024-02-09,2026-11-22,True,False,2023-12-19
VEN11339,"Orr, Walker and Valenzuela Healthcare",Pharmacy,683 Richard Valley Suite 471,Bradleyland,OH,34569,(967)462-3990x4210,"contact@orr,walkerandvalenzuelahealthcare.com",Carrie Lee,25-3651308,True,Kaiser PAP,2025-03-23,2028-04-19,True,False,2023-11-26
VEN11340,Watson Group Medical,Medical Supply,8556 Black Rapid Apt. 123,North Christopher,OH,52063,937.894.3877x9589,contact@watsongroupmedical.com,Lauren Cohen,21-8483436,False,,2025-11-03,2028-06-29,True,False,2023-09-03
VEN11341,"Lawrence, Cole and Thomas Pharmacy",Medical Supply,717 Hawkins Rest,Delgadostad,OH,40542,320-974-6618x9033,"contact@lawrence,coleandthomaspharmacy.com",Nicole Lopez,64-2089086,True,Kaiser PAP,2023-02-03,2026-12-29,True,False,2021-09-28
VEN11342,"Velez, Rivera and Vazquez Pharmacy",Pharmacy,732 Torres Island,Brucefort,OH,67350,625-223-1846x8424,"contact@velez,riveraandvazquezpharmacy.com",Lisa Castillo,82-5817147,True,Kaiser PAP,2023-07-13,2027-12-08,True,False,2022-12-07
VEN11343,Saunders Group Pharmacy,Transportation,674 Karen Tunnel Apt. 941,Lake Joseberg,NY,13735,+1-960-358-2660x1844,contact@saundersgrouppharmacy.com,Brittany Taylor,59-5829896,True,,2023-01-10,2027-03-30,True,False,2024-01-21
VEN11344,"Hogan, Carey and Parks Medical",Lab,986 Melinda Way Apt. 227,New Matthewton,CA,80242,322.687.9833,"contact@hogan,careyandparksmedical.com",Larry Jordan,89-6638100,True,Kaiser PAP,2024-12-01,2027-08-13,True,False,2026-02-12
VEN11345,Sampson-Harper Supplies,Lab,481 Harrison Mall Suite 934,Port Denise,FL,85272,509.616.4393,contact@sampson-harpersupplies.com,Brady Sampson,88-5662974,False,Kaiser PAP,2025-08-25,2027-01-13,True,False,2021-12-24
VEN11346,Pacheco Group Medical,Pharmacy,43062 Gloria Radial Apt. 882,East John,GA,62232,(709)722-7333x961,contact@pachecogroupmedical.com,Jose Burgess,14-2389006,True,Kaiser PAP,2022-07-16,2027-10-13,True,False,2023-07-16
VEN11347,"Sanford, Waters and Lopez Pharmacy",Pharmacy,272 Susan Burg,Port Vincent,PA,93438,205-546-6400,"contact@sanford,watersandlopezpharmacy.com",Gabrielle Bowman,81-5261782,False,,2023-02-28,2027-03-02,True,False,2022-09-30
VEN11348,Vazquez-Rowland Supplies,Medical Supply,1485 Neal Island Suite 516,Autumnhaven,FL,86947,806-303-7420,contact@vazquez-rowlandsupplies.com,Autumn Fowler,55-2070734,True,Kaiser PAP,2022-01-21,2027-02-03,True,False,2022-02-22
VEN11349,Vega PLC Pharmacy,DME Supplier,121 Jennifer Burg Apt. 787,West Mariahshire,NC,64124,001-533-879-4563,contact@vegaplcpharmacy.com,Christopher Lewis,40-6477222,False,Kaiser PAP,2022-05-13,2026-09-21,True,False,2024-06-24
VEN11350,Castillo PLC Healthcare,Pharmacy,4635 Casey Ports Apt. 545,Lake Savannah,OH,69771,466.635.6702x374,contact@castilloplchealthcare.com,Mark Young,25-3924575,True,Kaiser PAP,2021-12-08,2027-09-26,True,False,2022-03-18
VEN11351,"Wilson, Parks and James Medical",Transportation,30382 Andrea Expressway,Port Johntown,CA,31458,(845)471-5376,"contact@wilson,parksandjamesmedical.com",Amanda Kaiser,65-7833881,False,Kaiser PAP,2023-05-16,2027-08-19,True,False,2026-05-27
VEN11352,Barnes and Sons Supplies,Lab,4475 Cooper Cliffs,Heatherborough,IL,31007,+1-897-624-0566x35707,contact@barnesandsonssupplies.com,Keith Williams,64-1446777,False,Kaiser PAP,2026-03-15,2026-08-14,True,False,2022-01-14
VEN11353,"Mccoy, Gibson and Cruz Supplies",Home Health,4428 Ramirez Rapid,North Angelfurt,FL,52509,513-707-6968x60855,"contact@mccoy,gibsonandcruzsupplies.com",Shawn Lucero,59-4164496,True,,2021-11-23,2027-08-28,True,False,2024-11-26
VEN11354,Hammond PLC Medical,Medical Supply,9180 Johnston Key,North Carrie,TX,90637,840-858-4592,contact@hammondplcmedical.com,Mary Rivera,54-3883830,True,Kaiser PAP,2023-08-01,2028-06-03,True,False,2026-01-01
VEN11355,"Harris, Miller and Perry Healthcare",Lab,506 Rice Course Suite 557,Cameronmouth,FL,72216,+1-810-350-1052x620,"contact@harris,millerandperryhealthcare.com",Maria Harrison,54-7218860,False,,2025-06-12,2027-09-18,True,False,2022-09-17
VEN11356,Curry and Sons Medical,DME Supplier,6908 Boyd Well,Liland,OH,72559,+1-652-671-3192x4892,contact@curryandsonsmedical.com,Antonio Owen,97-5541018,True,Kaiser PAP,2026-05-27,2027-03-29,True,False,2023-06-17
VEN11357,Peck Inc Medical,DME Supplier,909 Hill Vista Apt. 093,Marktown,GA,40713,453.713.7078,contact@peckincmedical.com,Cynthia Ruiz,75-8731304,False,,2024-09-23,2027-04-27,True,False,2022-02-01
VEN11358,Myers Group Supplies,Pharmacy,59275 Brown Shoal,Port Allison,IL,87892,(718)636-3144,contact@myersgroupsupplies.com,Robert Walker,27-6416448,True,Kaiser PAP,2024-10-05,2026-10-15,True,False,2026-04-20
VEN11359,Anthony Ltd Healthcare,Home Health,69995 Cameron Locks Apt. 682,Penamouth,IL,94409,+1-502-893-4761,contact@anthonyltdhealthcare.com,Ashley Johnson,83-8811632,True,Kaiser PAP,2022-11-19,2026-12-14,True,False,2021-08-29
VEN11360,Williams PLC Supplies,DME Supplier,7186 Frank Way Suite 446,Cassidyview,NC,24777,+1-482-495-3243x08423,contact@williamsplcsupplies.com,Gabriel Charles,70-1091994,True,Kaiser PAP,2025-05-12,2026-07-10,True,False,2024-10-03
VEN11361,Gallagher-Murphy Healthcare,Transportation,445 Buck Plaza Apt. 738,Tammyview,PA,72351,663.952.5780,contact@gallagher-murphyhealthcare.com,Andrew Campbell,77-4419907,True,Kaiser PAP,2023-04-04,2028-04-14,True,False,2024-11-03
VEN11362,"Fowler, Bolton and Lamb Healthcare",Home Health,95067 Michael Plain,Abbottmouth,CA,49984,982.847.4087x7870,"contact@fowler,boltonandlambhealthcare.com",Matthew Fisher,65-4465146,False,,2023-04-13,2028-04-01,True,False,2024-07-18
VEN11363,Wells PLC Pharmacy,Home Health,49103 Kenneth Parks Suite 304,Chrismouth,TX,32921,+1-630-532-7773x314,contact@wellsplcpharmacy.com,Katherine Reid,40-7424516,True,,2024-08-30,2027-12-02,True,False,2022-10-05
VEN11364,Mendez Group Healthcare,Transportation,3906 Dodson Grove Apt. 843,New Jason,TX,2262,+1-356-825-6829,contact@mendezgrouphealthcare.com,Robert Allen,79-6922311,False,Kaiser PAP,2025-10-13,2026-12-11,True,False,2026-02-14
VEN11365,Campos-Harris Medical,Pharmacy,4655 Jones Walks,West Ryan,TX,7968,+1-969-338-3045x09168,contact@campos-harrismedical.com,Richard Johnson,69-9646535,True,,2022-07-26,2027-04-07,True,False,2025-11-16
VEN11366,Harding LLC Supplies,Transportation,7099 Mark Knoll,Ramirezview,PA,49783,001-246-794-4339x11094,contact@hardingllcsupplies.com,James Butler,29-6167369,True,,2023-11-14,2026-11-16,True,False,2022-03-27
VEN11367,Carter Inc Pharmacy,Home Health,35605 Elizabeth Knoll,East Latashaview,GA,4971,001-372-561-2028x629,contact@carterincpharmacy.com,Kim Vargas,70-2894168,False,,2024-11-11,2028-03-25,True,False,2022-06-14
VEN11368,West LLC Supplies,Home Health,266 Ashley Rue Suite 283,Byrdville,FL,63763,(735)856-9009x693,contact@westllcsupplies.com,Steven Hall,95-7423403,True,Kaiser PAP,2022-01-17,2026-10-02,True,False,2023-05-19
VEN11369,Chavez-Rodriguez Medical,Transportation,66312 Joshua Trail,Port Laurieside,MI,28148,+1-265-449-2051x06550,contact@chavez-rodriguezmedical.com,Amanda Carr,81-9865492,True,Kaiser PAP,2026-04-08,2027-05-17,True,False,2024-10-21
VEN11370,Howard Ltd Healthcare,Medical Supply,4454 Sara Burgs,South Lauratown,OH,49692,827-961-8812x99651,contact@howardltdhealthcare.com,Shannon Bell,19-3950086,False,Kaiser PAP,2025-11-05,2026-08-22,True,False,2023-04-12
VEN11371,Moss Group Medical,Pharmacy,18926 Benson Vista Suite 225,East Victor,FL,17005,6673903226,contact@mossgroupmedical.com,Angel Perry,56-6310586,False,,2022-09-23,2027-12-11,True,False,2022-06-15
VEN11372,Sandoval-Hernandez Supplies,Lab,530 Sanchez Gardens Suite 034,Lewisburgh,FL,50598,+1-498-278-1099x06280,contact@sandoval-hernandezsupplies.com,Melissa Davis,61-5995180,True,Kaiser PAP,2022-02-08,2028-05-21,True,False,2022-08-24
VEN11373,"Payne, Keith and Smith Supplies",Lab,76698 Fitzgerald Trail Apt. 980,North Dennisshire,FL,17619,569.468.6937,"contact@payne,keithandsmithsupplies.com",Christopher Booth,48-7763782,True,Kaiser PAP,2022-02-24,2027-04-19,True,False,2024-10-15
VEN11374,"Proctor, Vega and Mahoney Healthcare",Medical Supply,38636 Kevin Locks,Ericland,MI,11839,(639)328-9616x5416,"contact@proctor,vegaandmahoneyhealthcare.com",Jacqueline Montoya,86-6675302,True,Kaiser PAP,2021-09-07,2027-12-10,True,False,2025-06-09
VEN11375,Lutz-Myers Medical,Transportation,41891 Alexandra Ridge Apt. 632,Lake Kristinbury,OH,76237,(668)555-1275,contact@lutz-myersmedical.com,Sonia Martin,78-7353445,True,Kaiser PAP,2025-11-24,2026-10-31,True,False,2023-01-05
VEN11376,Chang-Fisher Medical,Transportation,7119 Margaret Lakes Apt. 962,East Shanestad,MI,84377,+1-411-399-1906x815,contact@chang-fishermedical.com,Melissa Spence,64-4479800,False,Kaiser PAP,2023-07-30,2027-01-07,True,False,2023-06-26
VEN11377,Kelley Ltd Medical,Transportation,45369 Crosby Oval Suite 311,Toddfurt,OH,64859,001-859-450-4805,contact@kelleyltdmedical.com,Stacy Young,73-7103181,True,Kaiser PAP,2022-09-17,2027-10-18,True,False,2024-02-28
VEN11378,Lopez Ltd Pharmacy,DME Supplier,1110 Morris Shore Apt. 401,South Jesus,CA,44378,(448)249-9604x060,contact@lopezltdpharmacy.com,Renee Ortiz,46-6586309,True,Kaiser PAP,2024-08-11,2026-10-11,True,False,2026-01-29
VEN11379,Wilson-Lopez Medical,Pharmacy,93289 John Place Apt. 575,South David,TX,19475,001-890-797-1321,contact@wilson-lopezmedical.com,Daniel Schmidt,94-8401055,True,,2025-02-02,2027-06-24,True,False,2026-03-30
VEN11380,"Hansen, Garner and Hart Pharmacy",Medical Supply,436 Patrick Lodge,Franklinbury,NC,63709,713.536.4973x7565,"contact@hansen,garnerandhartpharmacy.com",Michael Gonzalez,41-7802110,False,,2024-01-23,2027-12-22,True,False,2026-05-28
VEN11381,Vasquez Ltd Pharmacy,Home Health,8660 Hall Stravenue,Simmonsville,GA,91574,336-629-3125,contact@vasquezltdpharmacy.com,Cheryl Barker,87-7784252,False,,2023-08-29,2027-02-01,True,False,2021-10-26
VEN11382,Scott-Hutchinson Healthcare,Medical Supply,10088 James Spurs,Garciaside,PA,2535,429-996-1136x571,contact@scott-hutchinsonhealthcare.com,Judith Robinson,79-5369965,True,Kaiser PAP,2022-07-13,2026-12-11,True,False,2022-02-01
VEN11383,"Garcia, Miles and Baker Pharmacy",Medical Supply,924 Fletcher Terrace,Thomasshire,FL,53423,+1-505-832-2069,"contact@garcia,milesandbakerpharmacy.com",Sandra Lang,92-3939253,True,Kaiser PAP,2025-02-23,2027-09-14,True,False,2026-02-10
VEN11384,Davenport Ltd Supplies,Home Health,41015 Tyler Squares,Reginafort,TX,54486,(990)322-9513x184,contact@davenportltdsupplies.com,Ryan Cannon,27-2956521,True,Kaiser PAP,2023-05-16,2027-05-15,True,False,2022-01-08
VEN11385,Walker LLC Supplies,Medical Supply,55929 George Ford,Port Ericshire,GA,46078,+1-557-508-6961x4729,contact@walkerllcsupplies.com,Charles Sanchez,19-1585905,True,,2024-03-31,2027-07-02,True,False,2025-05-06
VEN11386,Brown and Sons Medical,Pharmacy,691 Garza Gateway Apt. 714,North Tiffany,TX,11719,001-633-529-9050,contact@brownandsonsmedical.com,Heather Tucker,63-5094357,True,Kaiser PAP,2022-05-21,2027-06-05,True,False,2025-11-22
VEN11387,Jimenez LLC Medical,Lab,77885 Kathy Spurs Suite 123,Markburgh,CA,36530,001-949-621-8135,contact@jimenezllcmedical.com,Brian Dougherty,91-2738040,True,Kaiser PAP,2024-06-18,2026-09-07,True,False,2024-04-08
VEN11388,Snyder-Howard Healthcare,Home Health,8835 Nguyen Roads,Port Crystal,NC,47016,(532)589-0065x755,contact@snyder-howardhealthcare.com,Benjamin Winters,34-4865933,True,Kaiser PAP,2022-05-05,2027-01-28,True,False,2024-04-03
VEN11389,White-Dawson Supplies,DME Supplier,124 Mack Trail,New Robertbury,NY,88071,+1-242-393-1015,contact@white-dawsonsupplies.com,David Patel,38-3995945,True,,2023-06-13,2027-06-05,True,False,2024-09-15
VEN11390,Perry-Key Pharmacy,Home Health,762 Castro Mission,Richardshire,GA,71313,001-876-611-7453x3089,contact@perry-keypharmacy.com,Tonya White,50-4312162,False,,2025-12-23,2027-04-24,True,False,2025-03-26
VEN11391,Griffith-Washington Medical,Home Health,16169 Julie Ports Apt. 478,Paulaport,GA,65749,+1-717-883-0952,contact@griffith-washingtonmedical.com,Michelle Jones,31-5857484,True,Kaiser PAP,2022-05-17,2027-09-08,True,False,2024-02-01
VEN11392,Garcia LLC Medical,Transportation,6478 Jennifer Plains Suite 125,Port Marcmouth,NY,9344,3302581268,contact@garciallcmedical.com,Jessica Fuller,52-6270304,False,,2024-09-27,2027-06-09,True,False,2023-07-01
VEN11393,Cooley Group Supplies,Transportation,9684 Bell Springs Suite 233,Kelseymouth,NC,33226,(372)936-8017,contact@cooleygroupsupplies.com,Paul Craig,24-9049878,True,,2024-06-14,2026-12-17,True,False,2022-09-25
VEN11394,"Becker, Christian and Brown Healthcare",Home Health,90849 Jesse Dale Suite 031,Devonhaven,OH,4732,829.332.0815,"contact@becker,christianandbrownhealthcare.com",Robert Gonzalez,38-9584471,True,Kaiser PAP,2026-03-29,2027-03-30,True,False,2023-12-17
VEN11395,Thompson LLC Pharmacy,DME Supplier,24577 Mark Plains Suite 545,Kyleport,IL,57320,(380)298-8886,contact@thompsonllcpharmacy.com,Donald Willis,26-7811691,True,Kaiser PAP,2024-04-20,2027-09-22,True,False,2026-02-26
VEN11396,"Johnson, Hamilton and Brown Healthcare",Pharmacy,93795 Alexander Walk Suite 693,Loganburgh,FL,67075,236-645-5549x561,"contact@johnson,hamiltonandbrownhealthcare.com",James Bates,41-8686989,False,,2025-07-31,2026-12-05,True,False,2024-05-08
VEN11397,Rogers-Fisher Medical,Lab,524 Catherine Neck,Kellyberg,IL,56893,(342)297-4422x1577,contact@rogers-fishermedical.com,Michelle Hernandez,86-2437533,True,Kaiser PAP,2022-05-15,2027-08-28,True,False,2025-08-15
VEN11398,Smith-Stevenson Pharmacy,Transportation,384 Daniel Heights Suite 253,East Dianatown,CA,28789,998-976-8820x7726,contact@smith-stevensonpharmacy.com,Kelli Jarvis,37-9199019,True,Kaiser PAP,2024-11-27,2028-02-11,True,False,2024-04-03
VEN11399,"Lopez, Jones and Hawkins Medical",Home Health,531 Elliott Island,Kempberg,IL,63044,001-236-532-2757,"contact@lopez,jonesandhawkinsmedical.com",Matthew Walter,31-4291726,True,Kaiser PAP,2024-12-19,2027-03-14,True,False,2023-09-06
VEN11400,Wood Ltd Supplies,Lab,3444 Loretta Street,Gallagherfurt,PA,52059,001-266-477-6093x8161,contact@woodltdsupplies.com,Brooke Smith,52-9205670,False,,2021-07-22,2027-12-25,True,False,2023-07-23
VEN11401,Houston Group Medical,Lab,4653 Kelly Valley Apt. 377,Sawyerport,MI,37214,+1-551-742-7063x67304,contact@houstongroupmedical.com,Gerald Mata,68-7795930,True,Kaiser PAP,2021-10-04,2026-09-18,True,False,2023-10-28
VEN11402,"Fleming, Rivera and Nguyen Pharmacy",Transportation,816 Jacob Dale Apt. 664,South Misty,OH,31708,935-475-8076,"contact@fleming,riveraandnguyenpharmacy.com",Vincent Jones,13-6029192,True,Kaiser PAP,2022-08-14,2028-01-30,True,False,2022-03-01
VEN11403,Luna and Sons Healthcare,Pharmacy,988 Dawn Villages,East Matthew,PA,19622,+1-420-870-3466x0061,contact@lunaandsonshealthcare.com,Nathan Barber,70-9832927,False,Kaiser PAP,2023-09-18,2027-05-17,True,False,2021-12-06
VEN11404,Hernandez-Todd Medical,Pharmacy,9496 Costa Fort,Wrightshire,NY,24605,+1-338-761-6804x65814,contact@hernandez-toddmedical.com,Susan Neal,11-1591422,False,Kaiser PAP,2026-01-03,2027-04-24,True,False,2022-07-03
VEN11405,Gross-Chapman Healthcare,Lab,397 Natalie Forge,North Nicholasfort,IL,77060,527-888-5334,contact@gross-chapmanhealthcare.com,John Knight,74-6380567,False,,2024-03-26,2028-03-04,True,False,2022-02-20
VEN11406,Brown Inc Pharmacy,DME Supplier,772 Lynn Island,North Paul,OH,646,552-250-7043,contact@brownincpharmacy.com,Daniel Castillo,91-5040574,True,Kaiser PAP,2023-04-27,2027-07-31,True,False,2022-10-11
VEN11407,Jackson and Sons Supplies,Medical Supply,4273 Brandon Pines Apt. 838,Lewisberg,OH,83717,439-880-2249,contact@jacksonandsonssupplies.com,Jordan Hartman,13-2665088,False,,2023-12-17,2027-03-04,True,False,2025-09-29
VEN11408,Gonzalez Inc Supplies,Medical Supply,838 Alvarez Loop Suite 419,Stephaniechester,CA,20906,001-975-858-3593x20569,contact@gonzalezincsupplies.com,Curtis Day,80-9967153,False,,2023-02-10,2027-03-10,True,False,2023-11-13
VEN11409,Hanson-Gordon Healthcare,Pharmacy,0625 Lambert Point Apt. 020,Brownton,CA,83750,(441)394-4723x9651,contact@hanson-gordonhealthcare.com,Jacqueline West,59-5184854,True,Kaiser PAP,2023-02-04,2027-01-15,True,False,2022-10-19
VEN11410,"Rogers, Peterson and Gibbs Medical",Medical Supply,055 Richard Springs Suite 939,New Jacquelinehaven,OH,87413,+1-894-897-3694x54383,"contact@rogers,petersonandgibbsmedical.com",Michael Butler,67-5985007,False,Kaiser PAP,2023-12-03,2028-05-08,True,False,2023-12-27
VEN11411,"Saunders, Long and Gardner Supplies",Home Health,287 Wright Burg Suite 598,Barbaraview,GA,36957,860.958.5012x789,"contact@saunders,longandgardnersupplies.com",Lindsey Alvarez,27-9649990,True,Kaiser PAP,2024-07-18,2027-10-31,True,False,2023-05-21
VEN11412,Curtis-Flores Pharmacy,Home Health,3956 Thomas Springs,Meaganshire,CA,15329,246.234.9701,contact@curtis-florespharmacy.com,Rachel Woods,95-1556947,False,,2022-12-23,2028-05-09,True,False,2026-02-10
VEN11413,Mahoney Inc Pharmacy,Medical Supply,0773 Wood Roads,Turnerland,IL,83668,7625671941,contact@mahoneyincpharmacy.com,Angela Kelly,50-9483253,True,Kaiser PAP,2023-03-13,2028-05-02,True,False,2024-12-22
VEN11414,"Benson, Mckee and Hall Supplies",Transportation,2300 Joyce Center,Jameshaven,IL,67710,239.963.5756x4971,"contact@benson,mckeeandhallsupplies.com",Amber Robertson,99-9748849,False,Kaiser PAP,2024-11-18,2027-04-17,True,False,2025-01-11
VEN11415,Carter LLC Healthcare,Pharmacy,0526 William Lakes,Brittneyburgh,NC,20985,918-407-1011x346,contact@carterllchealthcare.com,Lisa Schwartz,65-4282659,False,,2023-02-27,2027-12-30,True,False,2022-10-16
VEN11416,Johnson-Hayes Pharmacy,Home Health,59618 Fitzgerald Port,Tylertown,GA,51971,+1-321-510-1785x6648,contact@johnson-hayespharmacy.com,Scott Mcdowell,11-7406635,False,Kaiser PAP,2024-01-04,2027-11-07,True,False,2023-06-06
VEN11417,Mathis-Roman Pharmacy,DME Supplier,7075 Chen Parkways Apt. 309,Halechester,FL,95949,001-762-301-8751,contact@mathis-romanpharmacy.com,Taylor Myers,88-7583233,False,,2026-03-27,2026-08-08,True,False,2025-02-21
VEN11418,Lozano PLC Medical,Pharmacy,43615 Phillip Drive,West Darlene,NY,17586,(830)830-8118x481,contact@lozanoplcmedical.com,James Martinez,26-3005128,True,Kaiser PAP,2021-12-19,2027-11-21,True,False,2023-02-11
VEN11419,Wolfe-Hoffman Supplies,Pharmacy,439 Martinez Junctions,Jenniferville,TX,12495,313-909-1207,contact@wolfe-hoffmansupplies.com,Daniel Koch,11-2475149,True,Kaiser PAP,2025-10-30,2026-08-16,True,False,2025-08-18
VEN11420,Harrison Inc Pharmacy,Lab,518 Patrick Rapids,Michaelbury,IL,69429,(262)991-2197,contact@harrisonincpharmacy.com,Nathaniel Smith,38-9681099,True,Kaiser PAP,2025-07-17,2028-03-21,True,False,2025-07-31
VEN11421,"Oliver, Fox and Summers Medical",Pharmacy,73833 David Rest,North Peterville,GA,77641,+1-873-984-2818x65310,"contact@oliver,foxandsummersmedical.com",Alexis Martin,55-6440701,False,Kaiser PAP,2023-07-19,2026-12-18,True,False,2024-03-12
VEN11422,Clark-Bradley Healthcare,Pharmacy,7195 Kane Park,Reevesside,NC,65628,001-579-712-4709x72368,contact@clark-bradleyhealthcare.com,Denise Harrington,82-8002248,True,,2025-02-17,2026-08-30,True,False,2021-12-19
VEN11423,Raymond-Marquez Medical,Medical Supply,0647 Edward Loaf Apt. 265,Veronicashire,CA,18336,(776)660-1515x733,contact@raymond-marquezmedical.com,Kathryn Tucker,94-6621868,False,Kaiser PAP,2021-08-03,2026-09-29,True,False,2025-08-26
VEN11424,Valencia LLC Medical,Transportation,25867 Gonzales Circle,Port Gordon,TX,83983,001-638-538-6643x2334,contact@valenciallcmedical.com,Janet West,24-9578415,True,Kaiser PAP,2023-12-19,2028-06-18,True,False,2022-11-11
VEN11425,Gonzalez-Harding Pharmacy,Medical Supply,788 Long Overpass,Lake Devon,PA,53960,001-216-987-5565x987,contact@gonzalez-hardingpharmacy.com,Mary Hicks,58-9886183,True,Kaiser PAP,2023-09-01,2027-03-26,True,False,2022-07-06
VEN11426,"Anderson, Schultz and Fox Pharmacy",DME Supplier,67269 Adams Estate,East Brandon,PA,13654,001-603-925-0603x1042,"contact@anderson,schultzandfoxpharmacy.com",Robert Lawrence,53-1053450,True,,2022-01-14,2026-12-29,True,False,2026-03-06
VEN11427,Jones-Payne Pharmacy,Home Health,709 Alan Terrace,New Sara,PA,65927,+1-717-762-5641x65144,contact@jones-paynepharmacy.com,Samantha Smith,31-1934776,True,Kaiser PAP,2021-07-06,2026-08-18,True,False,2023-04-14
VEN11428,Mosley-Logan Supplies,Medical Supply,7733 Johnson Flats Apt. 962,Christophermouth,GA,27102,508.827.4470,contact@mosley-logansupplies.com,Samuel Reed,48-5699613,True,,2024-01-12,2027-01-13,True,False,2024-11-16
VEN11429,"Flowers, Miller and Mclaughlin Medical",Home Health,9409 Wilson Park,South Dorothy,CA,76234,+1-905-445-6969,"contact@flowers,millerandmclaughlinmedical.com",Ryan Duke II,87-4082650,True,Kaiser PAP,2023-09-18,2026-11-29,True,False,2023-08-30
VEN11430,Obrien Ltd Supplies,DME Supplier,04044 William Inlet Apt. 043,Hardinville,CA,93981,001-419-893-4158x7220,contact@obrienltdsupplies.com,Kyle Smith MD,80-1686566,True,Kaiser PAP,2022-11-29,2028-04-14,True,False,2021-12-11
VEN11431,Page-Park Supplies,Medical Supply,3756 Andrew Expressway,Port Joseph,OH,31201,+1-924-749-9466x634,contact@page-parksupplies.com,Christine Johnson,49-1365431,True,Kaiser PAP,2024-08-24,2027-03-30,True,False,2022-09-16
VEN11432,"Hoover, Fischer and Rodriguez Medical",DME Supplier,1081 Amanda Rue,Reedfort,CA,9188,632-951-9901x520,"contact@hoover,fischerandrodriguezmedical.com",Patrick Benjamin,40-6325748,True,Kaiser PAP,2024-12-15,2027-02-04,True,False,2021-09-20
VEN11433,Pollard LLC Supplies,Medical Supply,0638 William Mission,New Jessicaside,NY,80984,9336039164,contact@pollardllcsupplies.com,Paula Reed,38-3477141,True,Kaiser PAP,2024-03-13,2027-07-01,True,False,2024-11-03
VEN11434,Davis-Martinez Medical,DME Supplier,906 Shannon Trafficway,North Roger,IL,65876,509.845.0815x69305,contact@davis-martinezmedical.com,Emma Hernandez,32-6627082,True,Kaiser PAP,2021-10-25,2026-07-08,True,False,2021-08-17
VEN11435,Shannon LLC Medical,Transportation,9173 Arthur Ranch Suite 790,Port John,TX,86971,(816)986-8170x019,contact@shannonllcmedical.com,Juan Cochran,13-5346169,True,Kaiser PAP,2023-06-13,2027-06-13,True,False,2025-06-30
VEN11436,Nguyen-Waters Supplies,Transportation,404 Chad Oval Suite 834,North Ashley,NC,95396,731.599.6290x250,contact@nguyen-waterssupplies.com,Frank Potter,56-4227486,True,Kaiser PAP,2026-02-09,2026-08-25,True,False,2023-12-14
VEN11437,Chan Ltd Medical,Pharmacy,4218 Huang Squares Apt. 341,Hernandezbury,NY,81815,+1-511-678-6818x1915,contact@chanltdmedical.com,John Bender,22-5016887,True,Kaiser PAP,2026-04-29,2026-12-27,True,False,2024-07-03
VEN11438,Scott and Sons Medical,Transportation,11644 Miranda Roads,West Kathleen,IL,74161,726.635.2871,contact@scottandsonsmedical.com,William Roy,89-9566700,False,Kaiser PAP,2025-05-24,2026-07-03,True,False,2025-03-21
VEN11439,Black LLC Healthcare,Home Health,26670 David Views,Christineland,NC,44938,+1-485-604-2653x32842,contact@blackllchealthcare.com,Amy Oneal,48-2233857,False,,2024-03-10,2028-04-30,True,False,2023-04-29
VEN11440,Cuevas-Stewart Medical,Medical Supply,4200 Jaclyn Parkways Suite 565,North Jessicaville,NC,19911,9328470871,contact@cuevas-stewartmedical.com,Michael Smith PhD,29-6273972,True,Kaiser PAP,2026-02-10,2027-09-06,True,False,2021-12-15
VEN11441,Obrien-Manning Medical,Medical Supply,190 Compton Knoll,Lake Stephanie,NY,74322,+1-375-630-1872x14728,contact@obrien-manningmedical.com,Megan Perez,88-9222488,False,,2026-03-04,2026-10-24,True,False,2026-04-24
VEN11442,"Nichols, West and Scott Supplies",Medical Supply,34797 Brooks Drive,Hullborough,TX,63655,475.718.8913x6347,"contact@nichols,westandscottsupplies.com",Jessica Shaffer,78-9051038,False,,2023-10-29,2027-11-28,True,False,2024-06-14
VEN11443,Gaines-Brady Healthcare,Medical Supply,070 Russell Circles,Lucasview,CA,17535,540-935-7140x301,contact@gaines-bradyhealthcare.com,Elijah Butler,10-4156395,False,,2023-06-19,2027-07-11,True,False,2022-12-30
VEN11444,Morales Ltd Supplies,Transportation,7783 Melanie Lakes,East Rachelhaven,GA,95326,(664)574-0201x9603,contact@moralesltdsupplies.com,Carl Richmond Jr.,31-8673428,False,,2024-05-13,2028-03-27,True,False,2026-03-08
VEN11445,Fitzpatrick and Sons Pharmacy,Pharmacy,486 Hunt Cliffs,Smithstad,FL,47648,(600)453-0185x6853,contact@fitzpatrickandsonspharmacy.com,Michael Smith,19-3909631,True,Kaiser PAP,2025-06-02,2027-11-15,True,False,2022-10-09
VEN11446,"Andrews, Huffman and Ayala Supplies",DME Supplier,10208 Mckinney Crossroad,Owenburgh,OH,82850,(824)791-6804,"contact@andrews,huffmanandayalasupplies.com",Samuel Newman,98-1903608,False,,2022-09-15,2028-01-15,True,False,2024-10-11
VEN11447,"Chapman, Allen and Chavez Supplies",Medical Supply,75719 Richardson Village Apt. 894,North Robertmouth,IL,42199,336-832-5356,"contact@chapman,allenandchavezsupplies.com",Megan Dorsey,68-9778719,True,Kaiser PAP,2022-07-11,2027-09-05,True,False,2026-05-09
VEN11448,"Brown, Silva and Ramos Pharmacy",Pharmacy,13866 April Ports,Port Kathrynfurt,NC,37760,336-617-0196x040,"contact@brown,silvaandramospharmacy.com",Amber Clark,46-4572352,True,Kaiser PAP,2022-10-13,2026-10-17,True,False,2021-07-23
VEN11449,Hudson-Bell Medical,Pharmacy,36744 Jennifer Cliff Suite 979,New Kimberlyport,CA,36800,6253158825,contact@hudson-bellmedical.com,Dr. Stephanie Cross,59-2090557,True,Kaiser PAP,2023-09-12,2027-09-13,True,False,2023-12-31
VEN11450,Jackson and Sons Pharmacy,Pharmacy,582 Brian Springs Suite 371,Jerrybury,TX,1113,4725549419,contact@jacksonandsonspharmacy.com,Dale Thomas,67-5679607,True,Kaiser PAP,2021-09-12,2028-04-26,True,False,2022-01-27
VEN11451,"Vaughan, Collins and Willis Supplies",DME Supplier,46908 Tina Road Apt. 705,West Robert,OH,27452,+1-782-871-9312x7600,"contact@vaughan,collinsandwillissupplies.com",Tracy Stewart,72-4233305,True,,2024-03-25,2028-02-23,True,False,2025-07-16
VEN11452,"Johnson, George and Lindsey Pharmacy",Transportation,38849 Williams Overpass Suite 639,Nicholsfurt,TX,27651,(934)931-5302,"contact@johnson,georgeandlindseypharmacy.com",Dr. Scott Yang MD,49-2147721,True,Kaiser PAP,2021-09-23,2027-03-11,True,False,2026-06-08
VEN11453,Dillon-Spence Pharmacy,Lab,370 Osborne Villages,Kyleland,CA,79406,783.924.8998,contact@dillon-spencepharmacy.com,April Smith,13-7244100,False,,2022-06-22,2026-07-21,True,False,2022-03-15
VEN11454,"Ramsey, Perez and Aguilar Pharmacy",Lab,25313 Adams Cove,North Jenniferbury,IL,69409,(694)711-9197x6512,"contact@ramsey,perezandaguilarpharmacy.com",Michelle Thornton,54-3291759,True,Kaiser PAP,2023-10-02,2027-12-02,True,False,2024-06-04
VEN11455,Maddox and Sons Supplies,Medical Supply,6878 Thomas Rapids Suite 223,South Paulastad,NC,29631,(943)611-3316x14765,contact@maddoxandsonssupplies.com,Mercedes Oliver,50-6126927,False,Kaiser PAP,2024-01-26,2027-08-18,True,False,2023-06-17
VEN11456,Anderson-Sanchez Healthcare,Medical Supply,033 Mitchell Rapid Apt. 587,East Sherryshire,FL,64513,+1-463-538-4832x199,contact@anderson-sanchezhealthcare.com,Debbie Chase,21-7916852,True,Kaiser PAP,2021-09-06,2027-09-25,True,False,2025-07-13
VEN11457,"Diaz, Hendricks and Peterson Supplies",DME Supplier,3161 Alyssa Trafficway Apt. 439,Christinehaven,IL,82226,(446)935-1560x337,"contact@diaz,hendricksandpetersonsupplies.com",Clifford Mcguire,73-2999879,False,,2024-08-11,2028-02-28,True,False,2025-06-29
VEN11458,Hill-Weaver Pharmacy,DME Supplier,05226 Michael Prairie Apt. 401,Elizabethbury,TX,76266,001-539-372-6111x03874,contact@hill-weaverpharmacy.com,Carla Martin,36-8821890,False,,2022-08-30,2027-07-29,True,False,2022-03-15
VEN11459,Hernandez-Lewis Medical,DME Supplier,207 Livingston Groves,Branditon,CA,61877,+1-433-860-1008x908,contact@hernandez-lewismedical.com,Stephen Shelton,61-2078318,True,,2024-11-17,2026-12-19,True,False,2023-09-05
VEN11460,Fowler-Phelps Healthcare,Pharmacy,20211 Stacy Expressway Apt. 566,Lake Gary,TX,39492,3472783847,contact@fowler-phelpshealthcare.com,Joseph Campbell,24-8979507,True,Kaiser PAP,2022-06-25,2027-10-31,True,False,2024-03-20
VEN11461,Bond and Sons Healthcare,Home Health,2849 Gutierrez Harbors,West Scottmouth,NC,45897,5947119596,contact@bondandsonshealthcare.com,Mr. Johnathan Miller,47-6578787,True,Kaiser PAP,2024-09-24,2027-09-10,True,False,2026-01-02
VEN11462,Velasquez-Rodriguez Healthcare,Transportation,7081 David Rapids Suite 935,North Christopher,FL,97353,(797)467-7330x60568,contact@velasquez-rodriguezhealthcare.com,Christopher Armstrong,36-7790835,False,Kaiser PAP,2022-07-15,2027-07-10,True,False,2021-07-06
VEN11463,Riley Group Medical,Pharmacy,896 Ashley Landing Apt. 572,Homouth,CA,61995,(943)941-0156,contact@rileygroupmedical.com,Victoria Sutton,85-4416918,False,,2021-09-07,2028-05-20,True,False,2024-07-02
VEN11464,Stewart Ltd Healthcare,Lab,31541 Jacob Court,Zacharybury,GA,64725,(329)834-1007x91620,contact@stewartltdhealthcare.com,Sandra Rodriguez,41-7206869,False,,2021-11-17,2027-09-19,True,False,2024-05-20
VEN11465,Salazar Inc Supplies,Lab,0704 Jennifer Union Suite 644,Briannaberg,PA,10031,+1-468-414-7150x6901,contact@salazarincsupplies.com,Dawn Wells,51-7157157,False,,2024-05-21,2028-04-10,True,False,2023-04-01
VEN11466,Shelton-Harding Healthcare,Medical Supply,49735 Daniel Ford Suite 075,Crystalberg,IL,27808,219.718.2973,contact@shelton-hardinghealthcare.com,Joshua Turner,21-8024242,True,Kaiser PAP,2025-12-21,2027-08-11,True,False,2023-04-09
VEN11467,"Meyers, Wilson and Miller Healthcare",Transportation,8200 Jackson Courts,Johnsonview,TX,98796,(398)499-5462x8592,"contact@meyers,wilsonandmillerhealthcare.com",Michelle Blair,97-2145110,False,,2022-10-21,2028-05-21,True,False,2022-01-14
VEN11468,Horton and Sons Supplies,DME Supplier,996 Jonathan Ridges Suite 223,Charlesmouth,GA,99801,(827)217-8455x5741,contact@hortonandsonssupplies.com,Micheal Kelley,86-9801843,True,,2021-09-29,2026-07-22,True,False,2021-07-20
VEN11469,Montgomery-Wyatt Supplies,Lab,553 Garcia Squares Suite 018,Jamiemouth,FL,41516,709-426-1603,contact@montgomery-wyattsupplies.com,Richard Black,84-9689084,False,Kaiser PAP,2022-11-02,2027-01-19,True,False,2021-09-18
VEN11470,"Phillips, Willis and Turner Pharmacy",Pharmacy,818 Shannon Rapids Apt. 949,South Maryshire,CA,35451,735-928-3496x111,"contact@phillips,willisandturnerpharmacy.com",Jasmine Smith,21-6254005,False,Kaiser PAP,2022-05-31,2027-11-13,True,False,2023-02-12
VEN11471,Wilson LLC Supplies,Medical Supply,3920 Rice Summit Suite 248,Johnsonborough,MI,34667,764.980.2656,contact@wilsonllcsupplies.com,Rachel Robbins,76-6912337,True,Kaiser PAP,2024-06-29,2027-02-03,True,False,2024-04-21
VEN11472,Branch-Davis Healthcare,Transportation,4105 Moore Crossing,Tinamouth,FL,77955,+1-919-330-4607x21611,contact@branch-davishealthcare.com,Luke Ward,37-6069929,True,Kaiser PAP,2024-02-27,2028-05-05,True,False,2025-04-04
VEN11473,Perez-Perkins Pharmacy,Pharmacy,20011 Smith Mission Apt. 701,Port Hunter,PA,36561,395-649-9624,contact@perez-perkinspharmacy.com,Travis Henderson,66-6016725,False,,2023-01-14,2026-09-02,True,False,2026-05-14
VEN11474,Bowen-Martinez Pharmacy,Pharmacy,1467 Tracey Plains Suite 482,Williamston,GA,16711,(821)412-1697x8552,contact@bowen-martinezpharmacy.com,Mr. Brian Lane,68-3511058,True,Kaiser PAP,2022-10-13,2027-10-04,True,False,2023-12-22
VEN11475,Hatfield Ltd Pharmacy,Home Health,9448 Brown Track,Lake Reginamouth,NC,77936,(308)674-1205x20644,contact@hatfieldltdpharmacy.com,Andres Hurst,80-4666008,True,,2022-06-19,2027-09-21,True,False,2024-06-01
VEN11476,Gates-Vaughn Supplies,Transportation,20567 Wilson Square,Lake Dylantown,PA,51864,(438)439-6670,contact@gates-vaughnsupplies.com,Reginald Gallagher,60-4971874,False,,2022-01-16,2027-08-19,True,False,2022-12-20
VEN11477,"Willis, Mcneil and Harper Pharmacy",Pharmacy,1584 Lawrence Forks,Olsenburgh,FL,21156,894.735.0169x056,"contact@willis,mcneilandharperpharmacy.com",Brian Gregory,28-8926404,True,Kaiser PAP,2024-11-28,2027-09-22,True,False,2024-12-13
VEN11478,Odonnell Ltd Pharmacy,Transportation,55723 Stewart Stream,Colinchester,NC,61800,+1-863-668-8416x4500,contact@odonnellltdpharmacy.com,Nathan Wagner,91-6702130,True,,2023-05-29,2027-09-22,True,False,2024-02-07
VEN11479,Kelly PLC Medical,Medical Supply,0656 Edwards Parks Suite 108,New Nicolasberg,NC,3491,326.448.6825,contact@kellyplcmedical.com,Sarah Fernandez,58-2719163,False,,2025-02-09,2027-06-09,True,False,2026-03-18
VEN11480,Smith-Roberson Medical,Home Health,5735 Foster Run,Lake Jennifer,GA,6312,(662)644-7001,contact@smith-robersonmedical.com,Frank Thomas,66-4782017,False,Kaiser PAP,2025-06-17,2026-09-25,True,False,2023-09-03
VEN11481,Decker and Sons Pharmacy,DME Supplier,6720 Michael Village Suite 172,Smithton,IL,92286,001-580-308-9873x65989,contact@deckerandsonspharmacy.com,Martin Kim,67-3701913,False,,2022-02-25,2027-09-15,True,False,2024-11-04
VEN11482,"Stokes, Taylor and Bryant Healthcare",Medical Supply,7005 Ashley Falls Suite 491,Katherinemouth,OH,81256,220-652-7863x82554,"contact@stokes,taylorandbryanthealthcare.com",Mr. Philip Simmons,42-9403016,True,,2023-11-19,2027-08-26,True,False,2026-05-08
VEN11483,"Anderson, Kim and Krueger Medical",Transportation,202 Arthur Fall,Griffinhaven,GA,76642,785.267.5104x348,"contact@anderson,kimandkruegermedical.com",John Martinez,34-7122056,True,Kaiser PAP,2025-04-25,2027-04-21,True,False,2023-08-26
VEN11484,Lindsey Inc Pharmacy,Home Health,04678 William Tunnel,West Teresa,NC,83901,+1-727-737-1281x919,contact@lindseyincpharmacy.com,Ryan Wilkinson,83-1610754,True,Kaiser PAP,2024-05-21,2027-08-12,True,False,2025-04-28
VEN11485,Brown PLC Healthcare,Pharmacy,93338 Anderson Drive Apt. 086,Markville,GA,25855,+1-914-349-4234,contact@brownplchealthcare.com,Ryan Davila,78-3207352,True,Kaiser PAP,2026-05-12,2028-06-21,True,False,2023-01-19
VEN11486,"Smith, Cooper and Bennett Supplies",Transportation,2970 Adam Harbors,Henryborough,FL,2940,242.468.9662x9215,"contact@smith,cooperandbennettsupplies.com",Jerry Curtis,77-4648278,True,,2023-03-04,2026-11-19,True,False,2026-03-12
VEN11487,Price-Thompson Pharmacy,Lab,4139 Christine Island Suite 868,Traciport,PA,90005,001-783-489-9609,contact@price-thompsonpharmacy.com,Laura Rodriguez,57-6817940,True,Kaiser PAP,2024-06-05,2028-03-05,True,False,2021-08-30
VEN11488,"Miller, Patel and Austin Healthcare",Home Health,5149 Davis Oval,Nunezshire,TX,38311,(373)475-9095x707,"contact@miller,patelandaustinhealthcare.com",Katie Madden,98-9507098,True,Kaiser PAP,2025-04-28,2028-06-22,True,False,2022-12-26
VEN11489,"Durham, Glenn and Rhodes Medical",Transportation,029 Joseph Rest Suite 747,Lake Cameron,PA,85788,(503)586-4056,"contact@durham,glennandrhodesmedical.com",Elaine Mann,70-8295742,True,Kaiser PAP,2026-03-31,2026-09-14,True,False,2023-08-19
VEN11490,Reed LLC Pharmacy,Transportation,93115 Moore Causeway Suite 766,North Kevinville,IL,60545,420-540-5449x97186,contact@reedllcpharmacy.com,Michael Greer,80-4023736,True,Kaiser PAP,2024-07-14,2027-04-23,True,False,2022-05-09
VEN11491,Sullivan Ltd Supplies,Medical Supply,274 Vincent Shore,Armstrongburgh,GA,58056,(446)863-5263,contact@sullivanltdsupplies.com,Dwayne Mcpherson,20-7158180,False,Kaiser PAP,2023-03-02,2026-11-22,True,False,2024-09-18
VEN11492,"Hernandez, Mcdaniel and Chapman Healthcare",Lab,2961 Caroline Locks Apt. 555,Haroldshire,PA,91657,(416)271-7509x243,"contact@hernandez,mcdanielandchapmanhealthcare.com",Justin Turner,20-6630491,True,Kaiser PAP,2026-01-12,2026-11-08,True,False,2025-04-06
VEN11493,"Roth, Carlson and Jimenez Healthcare",Medical Supply,97588 Powell Pass Suite 451,Mikaylamouth,TX,42701,277.293.5226x0463,"contact@roth,carlsonandjimenezhealthcare.com",Elizabeth Washington,63-1345747,True,Kaiser PAP,2026-01-03,2026-08-23,True,False,2023-09-20
VEN11494,Edwards-Hoover Healthcare,Home Health,287 Hill Pine,North Christopherhaven,TX,6894,(643)621-4016x204,contact@edwards-hooverhealthcare.com,Jonathan Morales,77-3468025,True,Kaiser PAP,2024-05-05,2026-10-22,True,False,2022-10-21
VEN11495,Rasmussen-Griffin Healthcare,Pharmacy,879 Peter Springs Apt. 199,Huangport,CA,83674,001-273-303-9670,contact@rasmussen-griffinhealthcare.com,Donald Anderson,69-9696427,False,Kaiser PAP,2026-06-11,2027-09-13,True,False,2024-04-05
VEN11496,Mccall Ltd Healthcare,Lab,720 Melendez Port,Stacyburgh,NY,43651,418.595.1279x209,contact@mccallltdhealthcare.com,Lauren Ingram,23-2026150,False,Kaiser PAP,2022-11-10,2027-04-20,True,False,2024-01-12
VEN11497,Miller-Leon Pharmacy,Home Health,06719 Scott Drive Suite 484,South Johnview,FL,34252,(480)297-4096x647,contact@miller-leonpharmacy.com,Morgan Anderson,28-7267627,True,Kaiser PAP,2025-11-08,2027-04-23,True,False,2022-05-19
VEN11498,"Ross, Cruz and Kelley Healthcare",Lab,9408 Smith Ports Suite 436,Port Hollyhaven,GA,69941,(371)470-9463x96203,"contact@ross,cruzandkelleyhealthcare.com",Ryan Herman,46-5411446,True,Kaiser PAP,2022-07-06,2027-04-30,True,False,2025-09-09
VEN11499,Jimenez LLC Healthcare,Pharmacy,89374 Franco Ford Apt. 751,Riceland,FL,12507,328-547-5706x10561,contact@jimenezllchealthcare.com,Michelle Barber,93-5766178,True,Kaiser PAP,2023-05-04,2026-08-24,True,False,2022-04-01
VEN11500,Williams Inc Medical,Transportation,8322 Caitlin Port,Davidchester,OH,46312,(957)207-1237x7722,contact@williamsincmedical.com,Alisha Mitchell,83-8722176,True,Kaiser PAP,2024-05-21,2027-05-04,True,False,2022-09-11
VEN11501,Vasquez LLC Medical,Lab,71665 Brown Well,Port Linda,NC,5001,6703646382,contact@vasquezllcmedical.com,Jason Browning,99-1664889,False,Kaiser PAP,2026-04-18,2027-06-27,True,False,2023-03-11
VEN11502,"Hunt, Clark and Thompson Supplies",DME Supplier,35968 Caitlin Parkways Apt. 822,South Georgefurt,PA,67252,(545)334-0769,"contact@hunt,clarkandthompsonsupplies.com",James Olson,52-5440647,True,,2024-04-30,2028-04-19,True,False,2023-12-21
VEN11503,Freeman-Rodriguez Healthcare,Lab,202 Stone Grove,South Austin,IL,44065,479-378-4317,contact@freeman-rodriguezhealthcare.com,Timothy Gregory,35-3136907,True,Kaiser PAP,2024-03-12,2027-08-14,True,False,2023-09-06
VEN11504,Wilson-Bates Healthcare,Lab,305 Christian Underpass Apt. 991,North Dennisside,CA,21975,882-932-0517,contact@wilson-bateshealthcare.com,Matthew Parker,69-6421207,False,,2023-01-14,2027-02-02,True,False,2024-10-15
VEN11505,"Cantu, Dodson and Olson Healthcare",DME Supplier,15433 Keith Pass,Hernandezmouth,FL,9556,786-762-1039x0339,"contact@cantu,dodsonandolsonhealthcare.com",Rachel Santos,28-9650373,False,,2025-07-24,2028-05-28,True,False,2024-09-09
VEN11506,Martin-Anderson Healthcare,Pharmacy,3228 Francisco Gardens Suite 474,Lake Carolberg,GA,63375,(850)354-7764x46507,contact@martin-andersonhealthcare.com,Eric Keller,99-5225239,True,Kaiser PAP,2022-06-10,2027-07-18,True,False,2024-11-21
VEN11507,Colon LLC Healthcare,DME Supplier,595 Butler Lodge Apt. 197,East Catherine,FL,43314,(359)200-4994x4521,contact@colonllchealthcare.com,Brenda Wagner,99-8064694,False,Kaiser PAP,2025-02-16,2026-09-28,True,False,2023-07-22
VEN11508,Johnson-Hunt Supplies,Pharmacy,49031 Darlene Spur,West Dustinstad,PA,57272,605.231.9111,contact@johnson-huntsupplies.com,Kevin Fisher,73-6721969,False,Kaiser PAP,2025-10-02,2028-01-07,True,False,2022-12-07
VEN11509,"Clements, Daniel and Williamson Pharmacy",Medical Supply,848 Bowen Causeway Apt. 998,Trujilloland,NY,90590,001-807-352-2906,"contact@clements,danielandwilliamsonpharmacy.com",Kathryn Johnson,78-2263429,False,,2025-01-20,2028-06-02,True,False,2023-12-14
VEN11510,Good-Schmitt Supplies,Medical Supply,170 Jeffrey Vista,Devinfurt,NC,91736,+1-339-796-5457x14904,contact@good-schmittsupplies.com,Sarah Wood,43-6828306,True,,2025-11-23,2027-04-23,True,False,2024-03-17
VEN11511,"Jenkins, Perez and Johnson Supplies",Medical Supply,4714 Juan Mountains Apt. 233,West Natashaville,TX,25137,898.264.8804x31413,"contact@jenkins,perezandjohnsonsupplies.com",Maria Rodriguez,95-4022816,True,,2023-07-22,2027-03-20,True,False,2021-08-28
VEN11512,"Graham, Richards and Wiggins Healthcare",Lab,219 Jessica Streets,East Elizabeth,IL,94833,656-819-6071x16550,"contact@graham,richardsandwigginshealthcare.com",Ricky Anderson,22-7225404,False,Kaiser PAP,2025-08-24,2027-06-04,True,False,2025-12-10
VEN11513,"Nelson, Burns and Chapman Pharmacy",Medical Supply,7672 Walker Ford,Stevenfort,CA,63178,3259193828,"contact@nelson,burnsandchapmanpharmacy.com",Bryan Vazquez,62-3956693,False,,2021-10-27,2027-05-16,True,False,2025-06-19
VEN11514,Davis-Donaldson Pharmacy,Pharmacy,22407 Vanessa Lakes Apt. 257,Port Erik,IL,22339,942-949-6254x1640,contact@davis-donaldsonpharmacy.com,Mrs. Crystal Ross MD,16-6909088,True,Kaiser PAP,2023-03-03,2027-04-20,True,False,2025-09-19
VEN11515,"Ball, Miller and Reed Pharmacy",Medical Supply,65668 Jennings Ford,Stevemouth,NC,71476,(620)986-1223x86051,"contact@ball,millerandreedpharmacy.com",Chelsea Christian,47-8043879,True,Kaiser PAP,2022-10-23,2027-06-15,True,False,2026-06-30
VEN11516,"Crosby, Hodges and Brown Supplies",Pharmacy,737 Johnson Pines Suite 779,South Kristen,CA,68052,548.737.0593,"contact@crosby,hodgesandbrownsupplies.com",Carlos Campos,30-6388750,True,Kaiser PAP,2024-01-03,2028-02-10,True,False,2022-05-09
VEN11517,"Collins, Strong and Smith Supplies",Lab,979 Kristin Village Suite 510,North Danielmouth,TX,89701,(791)312-7425,"contact@collins,strongandsmithsupplies.com",April Williams,72-2815289,True,Kaiser PAP,2022-02-14,2027-05-21,True,False,2023-03-26
VEN11518,Moran Group Medical,Home Health,92841 Short Estate,South Emmamouth,NY,54627,+1-225-948-4466x91346,contact@morangroupmedical.com,Christopher Shaw,95-2384053,False,,2023-11-23,2027-04-16,True,False,2024-09-02
VEN11519,"Wilson, Marquez and Reilly Medical",Pharmacy,74013 Johnston Mills,East William,FL,44939,+1-479-393-9518x2388,"contact@wilson,marquezandreillymedical.com",Adam Jones,31-1382370,True,Kaiser PAP,2023-07-24,2026-11-20,True,False,2025-07-07
VEN11520,Pugh-Molina Healthcare,DME Supplier,639 Wallace Plaza,Melissafort,FL,38790,980-628-5657x6728,contact@pugh-molinahealthcare.com,Chad Brooks,14-1324743,False,,2024-10-31,2027-11-04,True,False,2023-08-30
VEN11521,"Garrett, Holland and Johnson Supplies",Lab,011 Dominguez Pass Suite 193,New Lisamouth,CA,28235,857.892.6551x618,"contact@garrett,hollandandjohnsonsupplies.com",Susan Hays,18-8790545,False,Kaiser PAP,2023-10-13,2027-03-22,True,False,2021-08-28
VEN11522,Simpson-Hensley Supplies,Medical Supply,5615 Ward Hollow,Salazarfort,GA,98159,265-288-2071,contact@simpson-hensleysupplies.com,Daniel Quinn,70-7547195,False,Kaiser PAP,2024-01-24,2026-07-03,True,False,2025-06-05
VEN11523,Skinner LLC Supplies,Lab,5699 Cassandra Viaduct Suite 570,Paulbury,IL,85439,(804)362-9584x75540,contact@skinnerllcsupplies.com,Cheryl Carson,59-8832734,True,Kaiser PAP,2023-09-14,2027-12-26,True,False,2024-11-15
VEN11524,Cook-Murphy Pharmacy,Transportation,481 Sherry Mission Apt. 574,Nunezborough,OH,34841,853-774-8232x5917,contact@cook-murphypharmacy.com,Robert Wilson,23-3751749,True,Kaiser PAP,2023-12-26,2027-06-19,True,False,2024-03-28
VEN11525,Reyes LLC Pharmacy,Transportation,49261 David Mountains,South Gailton,MI,36759,(649)407-3900,contact@reyesllcpharmacy.com,Tiffany York,57-3011852,False,,2021-11-24,2026-07-04,True,False,2026-04-29
VEN11526,Gonzales-Hill Pharmacy,Pharmacy,1630 Kevin Fork,West Kevinchester,GA,38086,(639)365-0396,contact@gonzales-hillpharmacy.com,Andrew Hopkins,96-7038240,False,Kaiser PAP,2024-04-13,2026-09-23,True,False,2025-08-08
VEN11527,Williams-Baker Healthcare,Pharmacy,941 Ronald Ville,North Brian,IL,81329,+1-418-604-6575x4374,contact@williams-bakerhealthcare.com,Anthony Phelps,59-5587515,True,,2022-01-07,2027-03-15,True,False,2024-06-12
VEN11528,Hoffman-Sandoval Pharmacy,DME Supplier,20198 Cook Dale,North Clifford,PA,53736,723.473.9929x851,contact@hoffman-sandovalpharmacy.com,Brandon Ochoa,36-8112133,False,Kaiser PAP,2022-02-02,2027-07-07,True,False,2026-01-17
VEN11529,Adams-Jones Medical,Pharmacy,13481 Brooks Harbors Apt. 417,Nicoleport,NC,78421,(967)827-0099,contact@adams-jonesmedical.com,Richard Brown,44-6094007,True,Kaiser PAP,2023-05-04,2027-09-14,True,False,2025-05-08
VEN11530,"Moore, Williams and Hayes Supplies",Home Health,96560 Ronald Plain Apt. 862,East Alexis,NY,69922,001-655-530-8902x94200,"contact@moore,williamsandhayessupplies.com",Theresa White,42-2543318,True,,2021-10-30,2028-05-20,True,False,2026-03-17
VEN11531,Cohen-Pineda Supplies,Medical Supply,87885 Ronnie Mountains Apt. 704,Lake Frederick,CA,45106,399.497.2325x46311,contact@cohen-pinedasupplies.com,Brandon Mcdonald,75-7191528,False,,2023-08-17,2026-12-23,True,False,2022-09-08
VEN11532,Lucas-Cook Healthcare,Lab,34722 Peters Wall,East James,CA,81908,+1-664-844-3698x002,contact@lucas-cookhealthcare.com,Richard Mann,13-5923809,True,Kaiser PAP,2024-07-23,2027-09-27,True,False,2024-05-21
VEN11533,"Bailey, Patterson and Torres Healthcare",Lab,84772 Amanda Hollow,Hartmanside,NY,32164,4196803527,"contact@bailey,pattersonandtorreshealthcare.com",Kimberly Carter,41-9977550,True,,2022-07-31,2026-09-10,True,False,2026-04-08
VEN11534,Martinez-Simmons Medical,Home Health,2939 Ian Brook Suite 585,Port Jeffrey,TX,69342,358-275-8238,contact@martinez-simmonsmedical.com,Jo Johnson,49-2148002,True,,2024-08-20,2027-10-18,True,False,2025-12-15
VEN11535,Ryan PLC Supplies,Home Health,7477 Kennedy Courts,Padillaton,FL,56043,434.691.2431,contact@ryanplcsupplies.com,Melissa Cruz,25-2667525,True,Kaiser PAP,2023-01-25,2027-06-12,True,False,2025-04-15
VEN11536,Bird Group Medical,Pharmacy,81580 Curtis Forest Apt. 689,South Devin,CA,72183,7509846759,contact@birdgroupmedical.com,Christopher Hanna,68-3942107,True,Kaiser PAP,2025-06-04,2028-04-01,True,False,2025-01-31
VEN11537,"Castillo, Larsen and Dickerson Medical",Home Health,669 Daniel Ville,West Samantha,CA,93880,001-930-304-2232x98064,"contact@castillo,larsenanddickersonmedical.com",Brittany Ford,76-2175378,False,,2024-01-02,2026-08-15,True,False,2026-01-27
VEN11538,Fisher-Lewis Healthcare,Transportation,07299 Prince Ridges,Watsonburgh,PA,73274,451.611.8840,contact@fisher-lewishealthcare.com,Melissa Espinoza,86-1584767,True,Kaiser PAP,2023-02-27,2027-12-03,True,False,2023-12-02
VEN11539,Robinson PLC Healthcare,Transportation,873 Hannah Extension Apt. 098,Reginaview,NC,56194,9315808645,contact@robinsonplchealthcare.com,Sharon Carey,31-9611706,False,Kaiser PAP,2023-12-06,2028-05-10,True,False,2024-12-08
VEN11540,"Nelson, Brooks and Henry Healthcare",Home Health,647 Wilson Stream,Matthewhaven,NY,60443,655.291.2377x15674,"contact@nelson,brooksandhenryhealthcare.com",Larry Parker,63-8193041,True,,2022-09-26,2027-09-20,True,False,2024-12-08
VEN11541,"Ray, Jones and Fields Medical",Lab,1596 Myers Skyway Suite 515,Port Holly,MI,78608,001-868-770-5498x38108,"contact@ray,jonesandfieldsmedical.com",Louis Moore,89-2138420,True,Kaiser PAP,2024-12-24,2027-10-08,True,False,2026-04-30
VEN11542,"Gutierrez, Davenport and Peters Medical",Transportation,50701 Marilyn Courts,North Kristin,GA,1303,4172583343,"contact@gutierrez,davenportandpetersmedical.com",Timothy Gonzales,73-7222351,False,,2023-08-03,2028-05-02,True,False,2023-06-03
VEN11543,Baker LLC Medical,DME Supplier,54749 Richard Plains Suite 117,Isaacshire,NY,37014,(358)392-5481,contact@bakerllcmedical.com,Ann George,53-4333607,False,Kaiser PAP,2023-08-27,2027-09-27,True,False,2022-12-06
VEN11544,Hart Inc Healthcare,Pharmacy,166 Jonathan Dale Apt. 411,Jenniferburgh,MI,71626,(504)936-1173x559,contact@hartinchealthcare.com,Debra Choi,12-9850527,True,,2021-08-05,2028-04-27,True,False,2026-01-14
VEN11545,Espinoza-Castaneda Healthcare,DME Supplier,436 Young Station Suite 412,North Julieland,MI,39183,356-832-2513x50063,contact@espinoza-castanedahealthcare.com,Christian Guerra,72-7170448,False,Kaiser PAP,2024-03-27,2028-06-08,True,False,2024-12-27
VEN11546,Miller Inc Supplies,Medical Supply,7278 Wilcox Shores Apt. 413,Mariomouth,NY,27029,625.322.6064x167,contact@millerincsupplies.com,James Dougherty,50-1158602,False,Kaiser PAP,2023-10-07,2027-11-08,True,False,2026-02-27
VEN11547,Edwards-Duarte Healthcare,Lab,67464 Smith Lodge Apt. 690,Port Jimmyberg,GA,54899,338-436-0073x7167,contact@edwards-duartehealthcare.com,Taylor Palmer,29-1997015,False,Kaiser PAP,2022-11-30,2027-03-22,True,False,2023-12-18
VEN11548,Davis-Barton Medical,Medical Supply,52090 Michael Well Suite 333,Bryanland,IL,27686,697.266.1094,contact@davis-bartonmedical.com,Bryan Williams,81-1133498,True,Kaiser PAP,2026-04-10,2026-10-21,True,False,2025-12-04
VEN11549,"Jones, Proctor and Gonzalez Supplies",DME Supplier,55906 Mathis Ville,New Melanie,PA,48142,738-236-5987x59961,"contact@jones,proctorandgonzalezsupplies.com",Melinda Dominguez,73-6394116,True,Kaiser PAP,2024-06-22,2027-02-25,True,False,2021-12-22
VEN11550,"Barry, Malone and Williams Medical",DME Supplier,3274 Mann Stream Apt. 682,Lake Lisa,NC,88480,(953)707-7749,"contact@barry,maloneandwilliamsmedical.com",Patricia Sanchez,13-4332714,False,Kaiser PAP,2025-11-04,2027-03-09,True,False,2022-02-24
VEN11551,Dixon-Cortez Medical,DME Supplier,69890 Murphy Dale,New Raymondview,PA,5720,922.455.1315x323,contact@dixon-cortezmedical.com,Martha Dennis,74-4729419,True,Kaiser PAP,2024-05-27,2027-10-24,True,False,2026-01-28
VEN11552,Thompson Inc Medical,Lab,394 Chambers Highway,South Derrickbury,OH,49281,001-477-487-1653x097,contact@thompsonincmedical.com,Caleb Perez,47-2459526,True,Kaiser PAP,2021-07-17,2027-10-27,True,False,2024-09-23
VEN11553,Bryant Ltd Supplies,Lab,2407 Thomas Crossroad Suite 044,Port Amychester,TX,95937,+1-680-364-7825x92195,contact@bryantltdsupplies.com,Kendra Cooper,15-3247595,True,Kaiser PAP,2026-02-07,2028-05-21,True,False,2022-01-02
VEN11554,Nelson-Carter Healthcare,Transportation,9305 Graves Grove,Osbornmouth,TX,84424,001-387-536-7320x260,contact@nelson-carterhealthcare.com,Dylan Jensen,54-2909006,False,Kaiser PAP,2025-04-26,2027-08-27,True,False,2023-12-24
VEN11555,"Tapia, Reese and Alvarez Medical",Transportation,913 Alexandra Mill,Lake Lawrenceberg,CA,84602,(484)658-8845x387,"contact@tapia,reeseandalvarezmedical.com",Deanna Acosta,30-4635541,False,Kaiser PAP,2021-12-10,2027-01-19,True,False,2025-12-18
VEN11556,Cox-Taylor Pharmacy,Pharmacy,131 Nicole Estates,Ericberg,IL,37271,373-700-0306x3329,contact@cox-taylorpharmacy.com,Debra Jimenez,21-3435924,True,Kaiser PAP,2026-04-10,2028-02-23,True,False,2023-11-18
VEN11557,Hill-Rush Pharmacy,DME Supplier,8926 Miller Park Suite 257,Port Chad,NY,51955,(403)465-7346,contact@hill-rushpharmacy.com,Lindsey Bell,59-4893384,True,Kaiser PAP,2025-07-29,2027-03-14,True,False,2026-05-01
VEN11558,Brown-Rhodes Supplies,Lab,196 West Park,West Samantha,NC,86545,(713)761-6702,contact@brown-rhodessupplies.com,Heidi Mejia,99-8751224,True,Kaiser PAP,2022-04-22,2027-07-21,True,False,2022-06-20
VEN11559,Macias PLC Supplies,Pharmacy,829 Doris Circles,Markberg,NC,87774,(897)408-0920,contact@maciasplcsupplies.com,Natalie Pham,79-4251284,False,,2025-04-25,2027-10-19,True,False,2026-06-30
VEN11560,"Harvey, Mccullough and Johnson Healthcare",DME Supplier,7869 Ronald Extension Suite 634,East Rebecca,TX,16504,(603)813-6264,"contact@harvey,mcculloughandjohnsonhealthcare.com",Beverly Oliver,15-2743848,True,Kaiser PAP,2023-11-30,2027-07-25,True,False,2026-03-22
VEN11561,"Richardson, Cruz and Nguyen Pharmacy",DME Supplier,357 Washington Garden,New Michelle,IL,24577,528-903-8467x896,"contact@richardson,cruzandnguyenpharmacy.com",Kimberly Smith,44-9054481,True,Kaiser PAP,2025-01-11,2026-07-30,True,False,2023-05-17
VEN11562,Evans PLC Pharmacy,Medical Supply,259 Jones Fields Suite 064,Jamestown,PA,69907,9556342154,contact@evansplcpharmacy.com,Daniel Parker,64-3042588,True,Kaiser PAP,2025-04-29,2027-09-08,True,False,2023-03-15
VEN11563,"Ballard, Owens and Garcia Healthcare",Transportation,25312 Vicki Drives Suite 721,Saraton,FL,9360,966-321-0064x386,"contact@ballard,owensandgarciahealthcare.com",Kelsey Powell,77-8785489,False,,2026-05-26,2027-11-27,True,False,2025-12-01
VEN11564,Price-Bryant Pharmacy,Medical Supply,51124 Fox Union,West Melissa,OH,38399,201.973.1139x444,contact@price-bryantpharmacy.com,Austin Mckee,79-5238583,True,,2022-10-29,2027-05-24,True,False,2026-03-23
VEN11565,Bentley-Perez Medical,Medical Supply,8277 Montoya Trafficway Apt. 856,New Melvinstad,CA,62452,453-989-9449x463,contact@bentley-perezmedical.com,Stephen Miller,51-9283602,True,Kaiser PAP,2023-05-06,2028-06-12,True,False,2025-10-21
VEN11566,Barker Inc Pharmacy,Pharmacy,996 James Port,Benjaminborough,MI,12602,902-215-6796,contact@barkerincpharmacy.com,Andrew Gonzalez,56-6518960,True,Kaiser PAP,2023-11-16,2028-05-05,True,False,2024-02-09
VEN11567,"Leon, Fields and Hawkins Healthcare",Pharmacy,34975 Williams Shore Apt. 671,Barnettport,CA,55439,001-881-836-2949x7114,"contact@leon,fieldsandhawkinshealthcare.com",Adam Boyle,52-2466129,False,,2023-09-10,2027-03-08,True,False,2023-02-05
VEN11568,Elliott Inc Healthcare,Home Health,8395 Matthew Motorway Suite 256,Bryanborough,NC,69467,401.342.0350x93655,contact@elliottinchealthcare.com,Alicia May,94-5853935,True,Kaiser PAP,2023-09-01,2027-04-23,True,False,2023-03-31
VEN11569,"Weiss, Peterson and Brown Medical",Lab,14312 John Camp Apt. 500,New Daniel,NC,85368,271-839-3024x781,"contact@weiss,petersonandbrownmedical.com",Brittany Decker,12-1878224,True,Kaiser PAP,2022-07-09,2026-09-13,True,False,2021-09-15
VEN11570,"Hernandez, Smith and Peterson Healthcare",Pharmacy,449 Jessica Meadow Suite 737,West Jasonhaven,PA,21104,346.661.2245x264,"contact@hernandez,smithandpetersonhealthcare.com",Elizabeth Serrano,20-5898518,True,Kaiser PAP,2024-09-11,2026-08-25,True,False,2024-10-07
VEN11571,Williams-Hoffman Healthcare,Pharmacy,224 Wendy Hollow,North Benjamin,NY,20894,001-696-347-8969x60363,contact@williams-hoffmanhealthcare.com,Amanda Ross,71-6401974,True,,2023-03-06,2026-08-21,True,False,2026-01-17
VEN11572,Kline Group Supplies,DME Supplier,2326 Eric Village Suite 409,Hamptonmouth,GA,77484,464.870.8688x9639,contact@klinegroupsupplies.com,Stacy Garcia,44-3385807,False,,2025-06-17,2028-02-18,True,False,2023-05-21
VEN11573,Garcia-Lawson Medical,DME Supplier,514 Rodriguez Junction Apt. 961,Port Jamesborough,GA,79535,323.951.4019x9025,contact@garcia-lawsonmedical.com,James Johnson,70-3593803,True,Kaiser PAP,2025-08-22,2027-11-10,True,False,2022-12-12
VEN11574,Sherman Ltd Supplies,Home Health,7975 Morales Street Suite 513,East Elizabeth,NY,2654,(872)654-8531x4696,contact@shermanltdsupplies.com,Jeffrey Mathis,87-5111367,False,Kaiser PAP,2024-06-27,2027-06-30,True,False,2023-04-03
VEN11575,Moody Inc Medical,DME Supplier,376 Moore Grove Suite 693,Codyview,NC,20448,+1-205-896-3597x27296,contact@moodyincmedical.com,Katherine Orozco,52-1955476,False,Kaiser PAP,2022-10-24,2027-10-24,True,False,2022-06-12
VEN11576,Burns-Smith Pharmacy,DME Supplier,1149 Brown Ranch Suite 327,New Lisa,FL,52572,+1-606-518-4730x105,contact@burns-smithpharmacy.com,Victoria Miller,43-8469528,True,,2021-07-15,2026-12-15,True,False,2024-10-13
VEN11577,Webster and Sons Healthcare,DME Supplier,76199 Scott Fall Apt. 540,West Amanda,PA,88361,001-380-314-9657,contact@websterandsonshealthcare.com,Robin Harris,77-3137158,True,,2024-07-13,2026-09-18,True,False,2023-08-17
VEN11578,Mccarthy-Brown Supplies,Lab,0524 Jennifer Views,Lake Shawnton,CA,70636,(267)360-2147,contact@mccarthy-brownsupplies.com,Felicia Estrada,34-2936784,True,,2026-04-21,2027-10-04,True,False,2022-08-14
VEN11579,Anderson Ltd Medical,DME Supplier,319 Julie Cliff Suite 127,New Megan,FL,10728,+1-950-277-7538x80298,contact@andersonltdmedical.com,Meghan Kirby,97-8592976,False,Kaiser PAP,2022-06-05,2027-07-28,True,False,2022-02-21
VEN11580,"Williams, Mcdonald and Lucas Healthcare",Pharmacy,8112 Carrie Avenue Apt. 374,Rachelton,IL,15997,001-314-883-3157x9673,"contact@williams,mcdonaldandlucashealthcare.com",Douglas Fox,26-7062291,True,Kaiser PAP,2024-05-02,2026-10-22,True,False,2022-02-10
VEN11581,Stewart-Bridges Healthcare,Lab,62892 Garcia Parkway Apt. 256,South Valerie,FL,60821,7586953065,contact@stewart-bridgeshealthcare.com,David Yang,69-5825378,True,Kaiser PAP,2023-05-12,2027-03-25,True,False,2026-01-14
VEN11582,"Nichols, White and Hale Supplies",DME Supplier,674 Michelle Meadows Suite 724,North Michaelstad,CA,41421,+1-572-394-0111x8557,"contact@nichols,whiteandhalesupplies.com",Chelsea Farley,87-1824262,True,,2023-08-31,2027-05-07,True,False,2023-11-03
VEN11583,Valdez Ltd Medical,Medical Supply,291 Wheeler Shoal,Lisafort,TX,38396,309-443-2957,contact@valdezltdmedical.com,Timothy Hanson,64-3090365,True,Kaiser PAP,2025-04-06,2028-02-19,True,False,2024-03-24
VEN11584,Holland LLC Healthcare,Transportation,9349 Daniel Circle Suite 077,Heidiland,CA,96119,001-882-675-7464,contact@hollandllchealthcare.com,Donald Hicks,43-8654154,False,Kaiser PAP,2023-02-14,2026-07-30,True,False,2025-08-04
VEN11585,"Guzman, Fitzgerald and Salas Medical",Transportation,91816 Amanda Spurs,New Tammy,GA,7137,001-435-551-9693x08955,"contact@guzman,fitzgeraldandsalasmedical.com",David Mcdonald,39-7192802,True,Kaiser PAP,2024-04-05,2028-02-14,True,False,2025-01-18
VEN11586,"Brown, Aguirre and Dixon Medical",Pharmacy,1895 Harper Shoals Suite 043,Port Nathanfurt,TX,9445,(504)323-4299x8387,"contact@brown,aguirreanddixonmedical.com",Philip Wells,57-9285404,True,,2025-11-20,2026-10-04,True,False,2025-01-02
VEN11587,"Richards, Middleton and Fischer Supplies",Home Health,18272 Owen Circle Suite 246,Lake Steveborough,PA,19713,619.870.5475x986,"contact@richards,middletonandfischersupplies.com",Nicholas Butler,87-1378587,True,,2023-08-05,2027-08-01,True,False,2022-02-22
VEN11588,Swanson-Huffman Healthcare,Home Health,122 Stephanie Lights Apt. 547,Port Jessicaport,MI,84134,805.780.7499x8293,contact@swanson-huffmanhealthcare.com,Ashley Thompson,20-4591478,True,,2025-10-24,2028-02-09,True,False,2021-08-26
VEN11589,Berry-Jones Pharmacy,Home Health,990 Smith Lane,North Traciland,IL,33213,712.803.5853,contact@berry-jonespharmacy.com,Shawn Raymond,39-1499875,True,Kaiser PAP,2024-04-18,2026-12-29,True,False,2025-08-22
VEN11590,"Oconnor, Patel and Dodson Supplies",Lab,14020 Christine Camp,Gutierreztown,PA,7562,001-655-944-3953,"contact@oconnor,patelanddodsonsupplies.com",Mark Mitchell,97-1103049,True,Kaiser PAP,2025-05-12,2027-04-02,True,False,2022-02-03
VEN11591,Mitchell-Henderson Supplies,Lab,7991 Nancy Hollow,New Kevinburgh,NY,20266,265.680.0449x7802,contact@mitchell-hendersonsupplies.com,Susan Collier,40-7487392,True,Kaiser PAP,2025-07-02,2026-09-23,True,False,2024-11-17
VEN11592,Moody-Garcia Pharmacy,Medical Supply,3549 Amber Lodge Apt. 308,Port Lawrencestad,GA,40458,001-918-272-3152x24259,contact@moody-garciapharmacy.com,Joe Williams,83-4337070,True,Kaiser PAP,2021-10-21,2026-07-03,True,False,2022-09-28
VEN11593,Sanders-Black Supplies,Pharmacy,39930 Cody Viaduct Apt. 115,North Jayborough,CA,59181,628-725-9718x25014,contact@sanders-blacksupplies.com,Audrey Gutierrez,69-9645202,False,Kaiser PAP,2025-11-22,2026-12-12,True,False,2021-11-25
VEN11594,"Zhang, Sellers and Hughes Healthcare",Pharmacy,3363 Gutierrez Forest,New Alyssa,PA,90363,(804)478-0167x939,"contact@zhang,sellersandhugheshealthcare.com",Brittany Brown,92-8008732,True,Kaiser PAP,2025-07-08,2027-06-18,True,False,2022-06-29
VEN11595,Sheppard-Bailey Healthcare,Pharmacy,35457 Susan Center,Lake Chad,IL,18893,230.673.9005x36383,contact@sheppard-baileyhealthcare.com,Bryan Schwartz,74-8871131,True,Kaiser PAP,2026-01-13,2028-03-28,True,False,2026-02-12
VEN11596,Baxter-Prince Medical,Transportation,59141 Carroll Alley Apt. 520,Lake Elizabeth,MI,52608,4394251396,contact@baxter-princemedical.com,Jennifer Franklin,31-8561891,True,Kaiser PAP,2025-12-12,2026-08-14,True,False,2024-03-12
VEN11597,Johnson-Thomas Medical,Lab,81240 Lindsay Overpass Suite 906,Gilmoreton,PA,69581,+1-781-768-9869x8925,contact@johnson-thomasmedical.com,Kenneth Evans,73-3217992,True,Kaiser PAP,2023-12-23,2028-04-26,True,False,2022-06-26
VEN11598,Smith-Barnett Pharmacy,Transportation,41293 Jennifer Walk,Brandiberg,PA,55985,(980)288-6829x932,contact@smith-barnettpharmacy.com,Dr. Joanne Robinson DDS,34-5873381,True,,2025-04-29,2028-03-07,True,False,2026-01-18
VEN11599,Ryan-Andrews Medical,DME Supplier,5388 Bell Terrace Apt. 146,Kevinton,GA,95948,(528)638-1879,contact@ryan-andrewsmedical.com,Tiffany Bell,30-2119216,True,Kaiser PAP,2025-09-21,2028-04-16,True,False,2026-02-23
VEN11600,"Short, Allen and Barry Healthcare",Medical Supply,439 Hall Rest,Schwartzmouth,PA,48708,767.598.0449x789,"contact@short,allenandbarryhealthcare.com",Carla Ayers,52-2503508,True,,2024-03-31,2027-11-26,True,False,2021-12-26
VEN11601,Jordan PLC Medical,Lab,41085 Katherine Lights,Carlosborough,GA,16278,7538025681,contact@jordanplcmedical.com,Michael Meyer,36-1295070,True,Kaiser PAP,2022-12-11,2027-03-13,True,False,2023-04-18
VEN11602,"Sanchez, Mendoza and Porter Pharmacy",Home Health,1947 Smith Branch,South Laurie,CA,48302,522-380-7626x69315,"contact@sanchez,mendozaandporterpharmacy.com",Susan Frederick,71-9770004,False,,2023-06-22,2026-09-12,True,False,2024-06-04
VEN11603,Reynolds-Martin Medical,Transportation,61890 Suzanne Inlet,North Adrienne,FL,61085,+1-870-608-7244x38829,contact@reynolds-martinmedical.com,Matthew Aguilar,52-6319687,False,Kaiser PAP,2022-04-05,2027-06-20,True,False,2025-07-21
VEN11604,Romero LLC Healthcare,Transportation,03543 Rose Wells Suite 356,Paulberg,TX,77248,001-393-794-1300,contact@romerollchealthcare.com,Samantha Henderson DDS,12-4775491,True,,2023-03-20,2026-12-16,True,False,2023-07-13
VEN11605,"Cummings, Gonzalez and Briggs Medical",Medical Supply,214 Melissa Village Apt. 622,New Jonathan,GA,99032,802.655.3466x424,"contact@cummings,gonzalezandbriggsmedical.com",Hector Ellis,52-4290789,True,,2025-09-26,2027-03-14,True,False,2025-01-09
VEN11606,Gibbs-Raymond Supplies,Lab,8355 Sydney Greens,Port Elizabethberg,TX,2848,692.476.3914x47304,contact@gibbs-raymondsupplies.com,Brooke Carey,39-3674687,False,,2023-01-13,2026-07-09,True,False,2022-05-04
VEN11607,Jenkins-Ware Medical,Pharmacy,938 Wendy Coves Apt. 453,Tiffanyville,MI,67114,4276515800,contact@jenkins-waremedical.com,Rachel Green,25-6477817,False,Kaiser PAP,2026-01-24,2028-05-08,True,False,2023-05-29
VEN11608,Bowen Inc Supplies,Pharmacy,3818 Rodriguez Tunnel Suite 027,Westview,FL,41937,+1-245-521-0533,contact@bowenincsupplies.com,Joseph Nixon,95-9308564,True,Kaiser PAP,2022-03-08,2027-12-02,True,False,2023-05-21
VEN11609,Wagner and Sons Supplies,Pharmacy,3906 Patrick Union,Woodschester,IL,91423,766.261.0794x8987,contact@wagnerandsonssupplies.com,Mark Smith,89-9810851,False,,2022-11-12,2027-09-26,True,False,2021-11-22
VEN11610,White PLC Healthcare,Medical Supply,62486 Frazier Groves,Marctown,FL,64811,001-948-631-4597x7781,contact@whiteplchealthcare.com,Brandon Kelly,44-8415046,True,,2022-12-13,2026-10-17,True,False,2023-12-27
VEN11611,"Davis, Hart and Olson Medical",Home Health,53691 Gina Hill Suite 130,South Kaylafurt,MI,24550,+1-853-588-2890x867,"contact@davis,hartandolsonmedical.com",Wanda Kelly,26-6372992,False,Kaiser PAP,2026-01-14,2027-02-16,True,False,2024-11-18
VEN11612,"Griffin, Yang and Rich Pharmacy",Medical Supply,5121 Collins Freeway Apt. 757,Faulknerland,MI,11253,483-868-2216,"contact@griffin,yangandrichpharmacy.com",Lisa Moreno,24-3144344,True,Kaiser PAP,2021-10-16,2026-10-24,True,False,2023-02-26
VEN11613,Williams-Jenkins Medical,Medical Supply,407 Gray Plaza,South Ashley,CA,58588,494-901-9509x2890,contact@williams-jenkinsmedical.com,Lisa Werner,87-2511010,False,Kaiser PAP,2024-09-12,2026-10-18,True,False,2026-06-19
VEN11614,Jensen-Herrera Medical,Home Health,20409 Mckinney Valleys Apt. 539,Lake Daniel,PA,82468,+1-653-673-3927x5569,contact@jensen-herreramedical.com,Lacey Wilson,34-7811979,True,Kaiser PAP,2022-05-04,2027-01-23,True,False,2025-05-28
VEN11615,Mayo-Smith Medical,Medical Supply,1588 Eugene Squares Apt. 261,Mitchellside,FL,43658,5263547540,contact@mayo-smithmedical.com,Nicholas Gray,45-3796653,True,Kaiser PAP,2023-06-15,2027-11-24,True,False,2022-01-28
VEN11616,Ward and Sons Healthcare,Transportation,69843 Danny Plaza Suite 413,Stacyfort,GA,11442,+1-633-450-6857x855,contact@wardandsonshealthcare.com,Danielle Coffey,50-5471154,True,,2021-07-15,2028-03-03,True,False,2022-08-24
VEN11617,"Lane, Mcintosh and Leach Medical",Lab,9792 Dawson Springs,North Elizabethborough,NY,9641,001-286-714-7376x280,"contact@lane,mcintoshandleachmedical.com",Derrick Collins,86-9878632,True,Kaiser PAP,2024-05-21,2028-03-06,True,False,2022-11-04
VEN11618,Ewing-Farrell Medical,Home Health,9818 Brad Pass,Jamesside,IL,12550,803.431.3346x7838,contact@ewing-farrellmedical.com,Michael Torres,45-3077751,True,Kaiser PAP,2025-05-31,2027-03-29,True,False,2023-06-14
VEN11619,"Weaver, Martinez and Miller Healthcare",Medical Supply,811 Larry Row Apt. 566,Lake Kathleen,IL,43552,001-654-942-3161,"contact@weaver,martinezandmillerhealthcare.com",Natalie Romero,83-3919239,True,Kaiser PAP,2026-01-07,2026-07-23,True,False,2024-10-05
VEN11620,"Finley, Mendez and Stephens Healthcare",Lab,369 John Crest,Williamsport,GA,20915,584-886-9222x03204,"contact@finley,mendezandstephenshealthcare.com",Jeremy Mueller,46-4516836,False,Kaiser PAP,2021-10-02,2026-10-23,True,False,2023-12-05
VEN11621,Norris-Sherman Medical,Home Health,2251 Jacqueline Knolls Suite 854,Rebekahberg,GA,58649,001-670-326-0370x555,contact@norris-shermanmedical.com,Paige Sherman,51-3631865,False,Kaiser PAP,2022-04-02,2028-06-29,True,False,2026-04-04
VEN11622,"Adams, Malone and Thomas Pharmacy",Lab,126 Davis Views,Edwardborough,PA,11994,(270)341-3705x7282,"contact@adams,maloneandthomaspharmacy.com",Michael Ingram,34-7603304,False,Kaiser PAP,2025-08-09,2027-08-25,True,False,2025-05-11
VEN11623,Bryan Group Medical,Medical Supply,6649 Pamela Crossroad,South Williamhaven,FL,40321,931.910.2939,contact@bryangroupmedical.com,Bradley Spencer,35-1028471,True,,2023-10-24,2026-09-29,True,False,2023-12-01
VEN11624,Dean-Morales Healthcare,Pharmacy,9944 Burnett Well Apt. 644,Branchburgh,GA,66101,001-789-253-5722,contact@dean-moraleshealthcare.com,Joshua Morales,91-1072770,False,,2024-10-03,2028-06-05,True,False,2025-02-07
VEN11625,"Miller, Webster and Tyler Supplies",Pharmacy,74298 Joseph Ford Suite 248,Lake Amandaview,FL,65775,470-885-0770,"contact@miller,websterandtylersupplies.com",Kelly Valenzuela,36-7292745,False,,2023-01-12,2026-07-05,True,False,2022-09-07
VEN11626,Kelly Group Healthcare,Home Health,63020 Reginald Well Apt. 455,West John,OH,36163,380.221.3669x26337,contact@kellygrouphealthcare.com,Danielle Smith,50-2056879,True,Kaiser PAP,2024-01-15,2027-04-16,True,False,2025-01-24
VEN11627,"Jones, Bentley and Thomas Pharmacy",Transportation,81531 Lin Ports Suite 945,Johnsonmouth,OH,30116,+1-761-342-8401,"contact@jones,bentleyandthomaspharmacy.com",Jeffrey Oconnor,39-7780947,True,Kaiser PAP,2026-02-01,2027-05-29,True,False,2025-01-26
VEN11628,Jones LLC Medical,Medical Supply,50370 Shaun Glen,Port Jennifer,IL,93468,223-786-8894,contact@jonesllcmedical.com,Miss Tiffany Wheeler,33-9411987,True,Kaiser PAP,2025-07-24,2027-05-17,True,False,2022-12-30
VEN11629,"Wyatt, Parker and Harvey Medical",Home Health,211 Hayes Viaduct Suite 455,Shannonmouth,FL,91910,568-252-5990x1441,"contact@wyatt,parkerandharveymedical.com",Anne Cruz,82-2504153,True,Kaiser PAP,2026-03-18,2026-12-01,True,False,2023-09-17
VEN11630,Michael Ltd Healthcare,DME Supplier,84419 Travis Mountains,Bradshawshire,OH,17653,001-839-748-9711,contact@michaelltdhealthcare.com,Cheryl Johnson,60-8897791,True,Kaiser PAP,2026-05-30,2027-04-01,True,False,2021-12-08
VEN11631,Hogan and Sons Pharmacy,Transportation,669 Jessica Passage Apt. 389,New Paulville,CA,77928,001-464-633-2590x12973,contact@hoganandsonspharmacy.com,Devin Brown,72-7310720,False,Kaiser PAP,2024-05-07,2027-08-01,True,False,2024-07-02
VEN11632,Smith-Shelton Supplies,Pharmacy,114 Sandy Prairie,North Katherineberg,CA,24267,506.293.6406x44037,contact@smith-sheltonsupplies.com,Dr. Bonnie Henry MD,89-3380693,True,Kaiser PAP,2023-01-31,2028-03-05,True,False,2023-04-10
VEN11633,"Garcia, Hanson and Donaldson Supplies",Home Health,38188 Martin Light,Port Ronaldfurt,CA,77846,859.312.2900x5858,"contact@garcia,hansonanddonaldsonsupplies.com",Henry Knight,76-7230121,False,Kaiser PAP,2024-06-09,2027-05-28,True,False,2024-10-16
VEN11634,Morgan Inc Supplies,Lab,3881 Timothy Island Apt. 899,Port Kathleenmouth,IL,37193,+1-708-906-1390x698,contact@morganincsupplies.com,Tracy Diaz,43-3351838,False,Kaiser PAP,2024-09-20,2028-03-11,True,False,2022-04-09
VEN11635,"Simmons, Smith and Smith Pharmacy",Pharmacy,49319 Susan Prairie Suite 328,West Danielton,NY,75856,993-969-4861,"contact@simmons,smithandsmithpharmacy.com",Christina Gilbert,49-1164578,True,,2023-06-01,2026-10-06,True,False,2022-07-11
VEN11636,"Murillo, Tate and Summers Medical",Transportation,4928 David Greens Apt. 932,Piercefurt,NY,55197,001-502-848-8969x277,"contact@murillo,tateandsummersmedical.com",Leslie Morse,97-2393315,False,,2021-12-27,2028-05-03,True,False,2021-11-21
VEN11637,Ewing Inc Medical,Home Health,133 Martin Pines,Laurieberg,PA,98735,(761)836-5028x20704,contact@ewingincmedical.com,James Wolfe,24-6598234,True,Kaiser PAP,2022-11-12,2027-09-24,True,False,2024-09-28
VEN11638,"Vasquez, Obrien and Strong Medical",Pharmacy,3991 Rubio Greens,East Amber,PA,47959,+1-650-931-5297x1887,"contact@vasquez,obrienandstrongmedical.com",Ryan Jackson,81-1713315,False,Kaiser PAP,2025-06-01,2027-06-14,True,False,2024-01-08
VEN11639,Martinez Ltd Supplies,DME Supplier,0540 Jesse Skyway Suite 570,Taylorhaven,NY,93777,281-707-3819x98829,contact@martinezltdsupplies.com,Rose Harris MD,38-6606447,True,Kaiser PAP,2024-01-16,2027-03-05,True,False,2021-08-05
VEN11640,Arroyo-Davis Pharmacy,Medical Supply,4333 Lloyd Forest,Ellisburgh,MI,18087,001-501-339-1966,contact@arroyo-davispharmacy.com,Jeffrey Meyer,38-4114930,True,,2025-12-30,2027-11-10,True,False,2025-04-26
VEN11641,"Dean, Mills and Simpson Medical",Medical Supply,5855 Harding Hill,Port Tony,OH,29553,(409)780-5132x4940,"contact@dean,millsandsimpsonmedical.com",Stacey Cruz,86-4639441,True,,2024-07-27,2026-10-30,True,False,2024-06-27
VEN11642,Vaughn PLC Supplies,Transportation,4740 Coleman Garden,Lake Angela,TX,84598,667.499.9717x36965,contact@vaughnplcsupplies.com,Aaron Smith,36-5824343,False,,2023-12-11,2027-08-09,True,False,2026-01-06
VEN11643,Lin-Lynch Medical,Transportation,5087 Micheal Forges,Alexanderberg,CA,65547,458.686.6349x979,contact@lin-lynchmedical.com,Thomas Murphy,40-4384894,False,,2025-09-06,2028-01-29,True,False,2025-05-08
VEN11644,Dalton-Sanders Medical,Medical Supply,208 Leonard Lane,Danielport,GA,27828,736.516.8326,contact@dalton-sandersmedical.com,Kenneth Potts,19-1026977,True,Kaiser PAP,2023-01-22,2026-08-12,True,False,2021-10-25
VEN11645,Rodriguez-Maynard Healthcare,Transportation,05796 Stephen Ville Apt. 343,Kennethview,PA,86745,+1-993-818-3729x3841,contact@rodriguez-maynardhealthcare.com,Scott Flores,55-1157304,True,Kaiser PAP,2022-09-20,2028-02-04,True,False,2025-06-15
VEN11646,Doyle Inc Healthcare,Lab,75245 Hobbs Wells Suite 573,South Kristinfort,PA,74093,+1-366-935-6537,contact@doyleinchealthcare.com,Hannah Ruiz,27-9018584,True,,2024-01-30,2027-04-18,True,False,2021-08-09
VEN11647,Browning Ltd Medical,DME Supplier,4539 Chambers Rapids Apt. 834,Samanthaton,NC,50965,+1-704-715-7405,contact@browningltdmedical.com,Jennifer Doyle,65-4709221,False,,2026-02-12,2026-07-11,True,False,2023-07-09
VEN11648,"Norris, Bailey and Garcia Pharmacy",Home Health,983 Joseph Springs Apt. 426,Lake Johnborough,NC,55302,001-777-678-5956,"contact@norris,baileyandgarciapharmacy.com",Carl English,41-1668500,False,,2023-09-04,2027-12-27,True,False,2022-04-16
VEN11649,Good-Mccarty Pharmacy,Medical Supply,1122 Torres Drive,Lake Monica,TX,99786,+1-790-925-1873x8577,contact@good-mccartypharmacy.com,Alexandra Lopez,86-5191868,False,,2024-05-10,2026-09-30,True,False,2024-11-30
VEN11650,Carter Group Supplies,Lab,558 Drew Green,Port Lindseyville,NY,96313,4647802976,contact@cartergroupsupplies.com,Jason Beck,91-8910321,False,Kaiser PAP,2026-03-28,2027-09-23,True,False,2023-07-27
VEN11651,Mayer-Bradley Pharmacy,Pharmacy,4795 Morris River Apt. 998,Chelseaside,MI,88165,385.515.5097x5985,contact@mayer-bradleypharmacy.com,Daniel Parks,14-5699179,True,Kaiser PAP,2024-03-19,2026-07-07,True,False,2022-12-03
VEN11652,Fritz Inc Medical,Medical Supply,914 Jennings Trail Suite 660,Laurenfurt,GA,15625,2847146923,contact@fritzincmedical.com,Tyrone Anderson,36-6819728,True,,2023-04-10,2027-01-30,True,False,2021-07-28
VEN11653,Thompson PLC Medical,Lab,39694 Christopher Harbors,Lake John,OH,53095,878-492-0138x32007,contact@thompsonplcmedical.com,Joel Jackson,85-5715305,True,Kaiser PAP,2023-03-08,2027-04-05,True,False,2022-05-10
VEN11654,Dyer LLC Healthcare,Medical Supply,39298 Lee Trail,South Taylor,TX,32949,338.840.8667,contact@dyerllchealthcare.com,Nathan Martinez,15-8233287,True,,2025-09-03,2027-05-11,True,False,2025-10-29
VEN11655,Browning and Sons Pharmacy,Home Health,56950 Leslie Springs,Danielberg,FL,34095,(751)792-0809x1068,contact@browningandsonspharmacy.com,Ashley Hernandez,30-8299493,True,,2023-12-06,2027-10-19,True,False,2021-07-29
VEN11656,Conway-Miller Medical,Pharmacy,889 Matthew Meadow Suite 362,Annaburgh,TX,39792,724-686-3353,contact@conway-millermedical.com,Anthony Taylor,62-9451121,True,Kaiser PAP,2024-09-15,2028-01-02,True,False,2024-06-18
VEN11657,Benson Ltd Healthcare,Lab,838 John Lake,Bonnieburgh,NC,9741,322.651.7722,contact@bensonltdhealthcare.com,Jeffrey Adkins,69-3764758,True,Kaiser PAP,2025-12-16,2026-11-12,True,False,2024-06-14
VEN11658,"Campbell, Robinson and White Pharmacy",Home Health,040 Alexis Throughway Suite 657,West Carriebury,GA,1298,600-718-7581,"contact@campbell,robinsonandwhitepharmacy.com",Michael Moore,51-1447231,True,Kaiser PAP,2025-07-20,2026-08-05,True,False,2023-06-27
VEN11659,"Jackson, Wheeler and Clark Medical",DME Supplier,1470 Hall Islands Suite 087,New Leahstad,NY,63541,001-483-419-1655x8036,"contact@jackson,wheelerandclarkmedical.com",Donald Newton,37-1819264,False,,2025-06-14,2027-11-03,True,False,2025-11-02
VEN11660,Washington-Larson Healthcare,Transportation,7207 Charles Lakes Suite 909,Fishermouth,IL,34984,859.848.5092,contact@washington-larsonhealthcare.com,Mr. Robert Nguyen,50-3132667,True,Kaiser PAP,2022-09-02,2027-05-28,True,False,2024-08-18
VEN11661,Martinez and Sons Supplies,DME Supplier,57092 Shawn Row Apt. 768,Patriciaborough,TX,46211,(232)956-1514x476,contact@martinezandsonssupplies.com,Daniel Simmons,38-6965843,True,Kaiser PAP,2022-12-15,2027-05-13,True,False,2022-08-18
VEN11662,Young-Reeves Pharmacy,Lab,541 Edwards Manor Suite 199,New Kristen,TX,59253,001-498-934-9860,contact@young-reevespharmacy.com,Joshua Hall,12-5964771,True,Kaiser PAP,2021-09-02,2027-09-26,True,False,2023-09-02
VEN11663,Adams Ltd Healthcare,DME Supplier,9619 Lindsay Plaza,Mooreburgh,TX,64342,678-831-2747,contact@adamsltdhealthcare.com,Kimberly Johnson,47-6585627,False,,2026-02-23,2027-04-07,True,False,2022-11-28
VEN11664,Norton LLC Healthcare,Home Health,046 Abigail Plains Apt. 094,Judystad,PA,77497,(914)995-4891x4838,contact@nortonllchealthcare.com,Jade Mccall,60-7378474,True,Kaiser PAP,2023-12-14,2026-11-09,True,False,2023-12-25
VEN11665,"Pena, Nelson and Preston Supplies",DME Supplier,052 Charles Cove,Abbottfort,NY,95497,+1-441-997-9931x302,"contact@pena,nelsonandprestonsupplies.com",Richard Alexander,55-9030865,True,Kaiser PAP,2024-05-24,2027-03-09,True,False,2024-07-29
VEN11666,"Thompson, Cunningham and Adams Pharmacy",DME Supplier,11175 Davis Terrace Suite 890,Contrerasmouth,PA,52309,+1-978-940-9661x21454,"contact@thompson,cunninghamandadamspharmacy.com",David Keller,45-7880805,True,,2021-08-19,2027-12-19,True,False,2024-11-06
VEN11667,"Gonzalez, Wood and Sanders Healthcare",Home Health,781 Lopez Mount,Petersville,PA,6048,(336)906-7553x40999,"contact@gonzalez,woodandsandershealthcare.com",Patrick Kaiser,89-6153926,False,Kaiser PAP,2023-11-15,2027-06-11,True,False,2026-01-15
VEN11668,Morton-Garcia Supplies,Medical Supply,2555 Jackson Grove,East Marcusstad,PA,44934,771.473.2039,contact@morton-garciasupplies.com,Dawn Black,93-7476245,True,Kaiser PAP,2023-01-03,2028-06-24,True,False,2022-02-10
VEN11669,Moore-Rose Supplies,Transportation,55888 Carney Mountain,Ianberg,TX,99264,328.231.3395,contact@moore-rosesupplies.com,Samuel Monroe,31-2207944,True,Kaiser PAP,2024-10-12,2028-06-20,True,False,2022-07-21
VEN11670,Rojas-Ryan Healthcare,Home Health,703 Perez Point,North Patrickbury,CA,42203,(744)447-1486,contact@rojas-ryanhealthcare.com,Melinda Wood,46-9626244,True,Kaiser PAP,2023-06-17,2027-03-02,True,False,2021-09-22
VEN11671,"King, Hopkins and Cross Healthcare",Lab,25124 Kelly Via,Smithchester,TX,45748,356.899.4760,"contact@king,hopkinsandcrosshealthcare.com",Whitney Khan,22-1853191,False,Kaiser PAP,2024-07-19,2028-03-01,True,False,2025-01-05
VEN11672,Thomas-Bell Medical,DME Supplier,600 Jonathan Roads Apt. 721,Whiteberg,IL,35643,373-568-5144,contact@thomas-bellmedical.com,Troy Torres,26-6442125,True,,2024-04-08,2027-04-29,True,False,2025-09-16
VEN11673,"Harris, Payne and Patrick Pharmacy",Transportation,61967 Nicholas Plain Suite 551,Travisborough,OH,77892,(410)747-7732,"contact@harris,payneandpatrickpharmacy.com",Tyler Murphy,64-5290948,True,Kaiser PAP,2024-03-03,2027-01-22,True,False,2024-08-25
VEN11674,Martin-May Healthcare,Transportation,64109 King Streets Suite 864,Aaronchester,IL,64174,+1-820-723-2200x9497,contact@martin-mayhealthcare.com,Jennifer Graham,34-5805908,False,,2022-11-05,2026-09-03,True,False,2021-12-09
VEN11675,"Faulkner, Berry and Harris Pharmacy",Lab,6177 Sarah Glens Apt. 809,New Alfred,NC,53726,488-918-6866x47850,"contact@faulkner,berryandharrispharmacy.com",Leslie Reynolds,98-6118175,True,,2026-03-10,2027-01-09,True,False,2021-12-10
VEN11676,Green and Sons Supplies,Lab,835 Kline Trace,Jenniferland,OH,79493,+1-558-857-3402,contact@greenandsonssupplies.com,Antonio Gonzalez,92-3107787,False,,2025-12-20,2027-05-24,True,False,2026-01-25
VEN11677,Downs Group Pharmacy,Transportation,95203 Diana Views,East Sarahmouth,NY,33324,(942)829-0830,contact@downsgrouppharmacy.com,Victor Brooks,76-3623359,True,Kaiser PAP,2024-05-23,2027-01-08,True,False,2023-11-08
VEN11678,"Hatfield, Walters and Hernandez Healthcare",Medical Supply,0243 Middleton Prairie,East Lisamouth,FL,58818,(541)736-6355,"contact@hatfield,waltersandhernandezhealthcare.com",Todd Roberts,89-7634449,True,Kaiser PAP,2022-09-18,2028-04-27,True,False,2025-02-07
VEN11679,Torres Group Medical,DME Supplier,4680 Aguilar Divide Apt. 447,Hoffmanburgh,PA,92911,(790)839-6300x96458,contact@torresgroupmedical.com,Michael Carroll,82-3785760,False,,2022-09-28,2027-08-27,True,False,2022-12-15
VEN11680,Carpenter-Barber Pharmacy,Medical Supply,20201 Davis Forges Apt. 944,Amandaville,CA,57409,(309)705-7151,contact@carpenter-barberpharmacy.com,Ralph James,60-7559308,True,Kaiser PAP,2023-10-09,2028-02-25,True,False,2023-05-13
VEN11681,"Johnson, Phillips and Murphy Healthcare",Pharmacy,686 Beltran Cape,North Gregory,PA,29688,8334375889,"contact@johnson,phillipsandmurphyhealthcare.com",Kayla Jones,84-7170504,True,Kaiser PAP,2023-04-18,2026-07-19,True,False,2023-12-02
VEN11682,Beltran-Ferguson Supplies,Medical Supply,620 Harrison Keys Suite 551,West James,OH,25126,707.920.1217,contact@beltran-fergusonsupplies.com,Barry Myers,77-3919997,True,Kaiser PAP,2023-06-07,2026-08-06,True,False,2024-03-31
VEN11683,Morse-Gamble Pharmacy,Medical Supply,45890 James Street Suite 050,Theresaview,IL,15903,(870)856-9677,contact@morse-gamblepharmacy.com,Edward Carter,51-1675878,False,,2023-09-02,2028-03-20,True,False,2022-10-30
VEN11684,Roth-Johnson Medical,Lab,331 Chandler Hill,Cynthiaburgh,MI,29962,417-485-0104x474,contact@roth-johnsonmedical.com,Denise Wheeler,57-2548248,True,Kaiser PAP,2025-04-13,2028-06-02,True,False,2021-08-14
VEN11685,Wagner-Olson Supplies,DME Supplier,72324 Bryant Crescent,East Caleb,TX,46416,224-863-9081,contact@wagner-olsonsupplies.com,Dr. Danielle Cruz,65-1248445,True,Kaiser PAP,2023-10-30,2028-02-04,True,False,2022-03-07
VEN11686,Brown-Pierce Pharmacy,Transportation,006 Martinez Keys Apt. 970,Christinetown,PA,13687,001-423-261-5961,contact@brown-piercepharmacy.com,Matthew Whitaker,24-1844604,True,Kaiser PAP,2023-09-21,2026-08-30,True,False,2022-09-17
VEN11687,Anderson and Sons Medical,Home Health,99853 Carroll Vista,Oliverfurt,CA,44574,559.235.4895x58300,contact@andersonandsonsmedical.com,Brian Pruitt,92-6243482,False,,2024-08-31,2027-03-10,True,False,2026-04-22
VEN11688,Palmer and Sons Supplies,Transportation,66701 Martha Spur,East Elizabeth,MI,60885,994-288-2669,contact@palmerandsonssupplies.com,Sophia Maddox,12-1744601,True,Kaiser PAP,2023-12-21,2026-12-14,True,False,2024-07-20
VEN11689,Mcdonald-Richard Pharmacy,Medical Supply,638 Marshall Land,East Angela,IL,11914,+1-636-297-9135,contact@mcdonald-richardpharmacy.com,Andre Dillon,32-3399061,False,Kaiser PAP,2024-02-20,2027-10-14,True,False,2022-02-14
VEN11690,Thomas LLC Healthcare,Lab,94673 Tammy Lane,Port Emilyborough,OH,11588,001-203-651-7226,contact@thomasllchealthcare.com,Alice Wilson,46-6007991,True,Kaiser PAP,2025-09-07,2028-06-22,True,False,2022-02-25
VEN11691,Nichols Inc Medical,Transportation,9017 Calderon Course Apt. 925,Georgestad,PA,91184,001-481-689-2635x307,contact@nicholsincmedical.com,Jennifer Johnson,54-5764337,False,,2023-11-29,2028-04-20,True,False,2024-04-26
VEN11692,"Meadows, Powell and Riggs Pharmacy",Pharmacy,40848 Nelson Island,Samanthaside,PA,11408,230-744-9456x8898,"contact@meadows,powellandriggspharmacy.com",John Escobar,45-7373441,True,Kaiser PAP,2026-05-25,2026-07-28,True,False,2025-06-16
VEN11693,"Lambert, Fox and Carter Supplies",Medical Supply,59118 Davis Mountain,Ryanstad,CA,86132,001-828-631-7913,"contact@lambert,foxandcartersupplies.com",Kimberly Hess,39-7256061,False,Kaiser PAP,2023-06-20,2026-07-23,True,False,2023-12-24
VEN11694,Montgomery and Sons Medical,Pharmacy,9478 Susan Islands,New Trevormouth,TX,89373,268.687.4797,contact@montgomeryandsonsmedical.com,Anthony Aguirre,41-1950647,True,Kaiser PAP,2022-01-15,2026-08-30,True,False,2024-11-04
VEN11695,"Thornton, Hernandez and Ortiz Supplies",Home Health,33176 Williamson Springs Apt. 780,South Jennifertown,IL,82971,+1-862-434-1540,"contact@thornton,hernandezandortizsupplies.com",Emily Wong,21-1182208,True,Kaiser PAP,2021-11-23,2027-05-07,True,False,2022-06-27
VEN11696,Hall LLC Healthcare,Home Health,6973 William Ranch Apt. 309,Troymouth,NY,31857,(882)946-1309x6477,contact@hallllchealthcare.com,Renee Levy,49-1803572,False,Kaiser PAP,2025-05-04,2027-02-05,True,False,2025-06-17
VEN11697,Smith LLC Healthcare,Medical Supply,11235 Leonard Stream,Sanchezfort,FL,50634,564-903-8256,contact@smithllchealthcare.com,Dennis Reilly,87-2483818,True,,2023-03-10,2027-01-11,True,False,2024-03-02
VEN11698,Grant-Sims Medical,Pharmacy,501 Jose Ferry Suite 001,East Williamberg,TX,4770,673.463.3711x824,contact@grant-simsmedical.com,Christopher Hall,24-2045423,True,Kaiser PAP,2021-07-06,2028-03-18,True,False,2025-04-05
VEN11699,Ward Group Supplies,Pharmacy,0359 Wright Bridge Apt. 933,Lake Beth,NC,64906,+1-692-671-7721x1124,contact@wardgroupsupplies.com,Travis Olson,55-1674617,True,,2024-01-23,2028-05-07,True,False,2024-06-17
VEN11700,Gibson PLC Pharmacy,Pharmacy,641 Blake Street Apt. 243,Lake Linda,FL,35875,745.644.1718x435,contact@gibsonplcpharmacy.com,Michelle Kennedy,98-2136730,True,Kaiser PAP,2026-03-31,2027-09-26,True,False,2024-07-27
VEN11701,Hood-Riddle Healthcare,Home Health,36476 Lauren Mountain,Christopherstad,NY,90047,774.705.9442,contact@hood-riddlehealthcare.com,Christine Turner,58-3719839,True,Kaiser PAP,2022-09-02,2027-03-18,True,False,2024-09-29
VEN11702,Francis Ltd Healthcare,Lab,9746 Smith Port Apt. 669,Patelburgh,IL,49655,(503)810-6809x1157,contact@francisltdhealthcare.com,Nicholas Cook,41-9485998,True,Kaiser PAP,2023-05-12,2028-05-16,True,False,2025-03-21
VEN11703,Anderson-Castillo Healthcare,Transportation,03904 Murray Cliffs Suite 392,Williamsfort,OH,8324,410-816-2608,contact@anderson-castillohealthcare.com,Brandon Dean,68-4133730,True,Kaiser PAP,2024-05-14,2028-01-19,True,False,2024-01-28
VEN11704,Santiago LLC Supplies,Lab,570 Johnson Circle Suite 395,South Jason,PA,29349,400.735.0609x42303,contact@santiagollcsupplies.com,Katherine Williams,11-2976128,True,Kaiser PAP,2022-08-15,2028-02-03,True,False,2023-07-11
VEN11705,"Johnson, Johnson and Conley Healthcare",Pharmacy,4791 Christina Cliff Apt. 665,East Patrick,NC,19599,+1-206-963-8633x62590,"contact@johnson,johnsonandconleyhealthcare.com",Michelle Jones,30-3187375,False,Kaiser PAP,2026-03-19,2028-06-03,True,False,2023-11-10
VEN11706,Phillips-Arroyo Healthcare,Home Health,813 Gail Glen Apt. 080,East Cheyenne,MI,66389,(855)506-6198,contact@phillips-arroyohealthcare.com,Jesse Smith,77-4692276,True,Kaiser PAP,2023-05-11,2027-07-16,True,False,2024-05-10
VEN11707,Bennett LLC Supplies,Pharmacy,833 Caroline Manor Suite 481,Choifurt,CA,57695,352-996-2991x245,contact@bennettllcsupplies.com,Hayley Castillo,13-6483886,True,Kaiser PAP,2026-01-15,2027-04-03,True,False,2023-03-03
VEN11708,"Thomas, Stanley and James Healthcare",DME Supplier,25637 Christina Parkway Apt. 877,Lake Nancy,OH,50977,(840)746-8272,"contact@thomas,stanleyandjameshealthcare.com",Caleb Rice,77-1025417,False,,2023-12-27,2028-04-24,True,False,2024-07-17
VEN11709,Anderson Inc Supplies,Pharmacy,085 Michael Highway,South Madisontown,IL,56416,+1-535-579-1497x996,contact@andersonincsupplies.com,Jared Rodriguez,41-4577253,True,,2022-10-28,2026-07-07,True,False,2022-06-05
VEN11710,Foster-Boyd Medical,Medical Supply,32862 Morales Bypass,Port Jeremyport,NC,80259,869.506.9620x1174,contact@foster-boydmedical.com,April Figueroa,61-9676997,True,Kaiser PAP,2025-03-21,2027-06-14,True,False,2025-06-26
VEN11711,Rodriguez-Williams Pharmacy,Lab,6955 Andrew Dale Apt. 686,Carrollmouth,GA,70446,259.389.5527x9724,contact@rodriguez-williamspharmacy.com,Elaine Delacruz,32-7473206,True,,2024-10-30,2028-05-20,True,False,2023-01-14
VEN11712,"Knight, Smith and Hendricks Supplies",Pharmacy,03161 Kim Harbors Apt. 752,Whitestad,GA,73131,(250)595-4237x65027,"contact@knight,smithandhendrickssupplies.com",Jessica White,55-7316210,True,Kaiser PAP,2025-10-13,2028-04-14,True,False,2024-05-30
VEN11713,Jones-Davis Medical,DME Supplier,97642 Stephanie Shores,New Amanda,FL,70618,+1-889-747-4915x0710,contact@jones-davismedical.com,Brian Johnson,50-4668961,True,,2022-11-06,2028-06-05,True,False,2023-04-27
VEN11714,"Lee, Manning and Smith Healthcare",Transportation,336 Gates Ramp Suite 675,Jenniferfort,NC,17666,+1-988-662-9099x9736,"contact@lee,manningandsmithhealthcare.com",Timothy Graham,86-2789282,True,Kaiser PAP,2022-06-03,2028-06-17,True,False,2024-05-15
VEN11715,Jennings Inc Healthcare,Medical Supply,07244 Jackie Oval,South Elizabeth,TX,70536,778.999.4727x3061,contact@jenningsinchealthcare.com,Jeffrey Jones,29-9026345,False,,2022-09-12,2027-07-27,True,False,2024-02-29
VEN11716,Spence-Park Medical,Pharmacy,6135 Hobbs Port,New Joseph,TX,66477,(789)518-1943,contact@spence-parkmedical.com,Christian Singleton,20-7645207,False,,2022-11-30,2027-10-11,True,False,2024-07-26
VEN11717,York Ltd Medical,Lab,3528 Brian Plaza Suite 374,Fernandezland,GA,97969,976-600-7017,contact@yorkltdmedical.com,Craig Richard,64-5201147,False,,2025-03-25,2028-03-08,True,False,2025-11-03
VEN11718,Randolph PLC Healthcare,Lab,436 Rodriguez Club Apt. 244,Gavinberg,MI,79111,(372)334-7263,contact@randolphplchealthcare.com,Michael Garcia,42-1690964,True,Kaiser PAP,2024-07-03,2026-11-25,True,False,2023-04-11
VEN11719,"Bass, Clements and Dean Medical",Pharmacy,9385 Jamie Row Apt. 539,West Robertborough,IL,32089,(370)303-8320,"contact@bass,clementsanddeanmedical.com",Kimberly Ramos,38-8122031,True,Kaiser PAP,2025-05-01,2026-12-25,True,False,2022-08-26
VEN11720,Anderson Ltd Healthcare,Transportation,131 Aguilar Fall Apt. 197,Port Wesley,FL,81085,430.387.1944x6896,contact@andersonltdhealthcare.com,Sheila Roberts,50-4406708,True,Kaiser PAP,2023-02-06,2028-02-11,True,False,2025-06-08
VEN11721,Anderson-Lee Supplies,Transportation,4368 Maria Mount Suite 407,Mcfarlandside,CA,82213,001-274-332-4534,contact@anderson-leesupplies.com,Jason Crawford,33-3866775,False,Kaiser PAP,2023-06-23,2027-01-31,True,False,2025-10-21
VEN11722,Acosta-Huang Healthcare,Medical Supply,64777 Alvarez Creek,Johnsonland,CA,55510,001-695-286-0795,contact@acosta-huanghealthcare.com,Carol Hays,90-3978423,True,Kaiser PAP,2024-03-28,2027-09-30,True,False,2023-02-23
VEN11723,"Alvarez, Bell and Martinez Medical",Medical Supply,49175 Fowler Plains,Port Jacobbury,GA,9443,(208)912-1013x739,"contact@alvarez,bellandmartinezmedical.com",Jordan Johnson,80-6775683,False,Kaiser PAP,2022-07-05,2027-05-07,True,False,2024-08-22
VEN11724,Mays-Simpson Pharmacy,Pharmacy,536 Alicia Keys Apt. 893,New Joshua,NC,32007,+1-370-388-8817x79409,contact@mays-simpsonpharmacy.com,Robert Tyler,93-7490615,True,Kaiser PAP,2023-07-11,2028-01-26,True,False,2026-02-10
VEN11725,"Travis, Underwood and Stone Medical",Transportation,4995 Robertson Falls,Donovanberg,CA,39193,381-301-9051x05376,"contact@travis,underwoodandstonemedical.com",Joshua Klein,28-7501272,True,,2022-12-11,2026-08-19,True,False,2023-10-21
VEN11726,Bell-Coffey Healthcare,Pharmacy,18737 James Centers Apt. 464,Hunterstad,IL,79836,265.283.9554x3892,contact@bell-coffeyhealthcare.com,Tammie Obrien,21-3112849,True,Kaiser PAP,2021-09-19,2028-05-02,True,False,2026-02-14
VEN11727,Johnson-Brown Healthcare,Home Health,20366 Tucker Mills,Garrisonville,GA,15723,(611)908-0140,contact@johnson-brownhealthcare.com,Ronald Walters,77-4020753,True,Kaiser PAP,2024-09-28,2026-11-04,True,False,2022-11-22
VEN11728,Fernandez-Gomez Pharmacy,DME Supplier,2017 Marcus Lane,East Jamie,TX,98791,(606)963-1959,contact@fernandez-gomezpharmacy.com,Brian Taylor,15-9602123,False,Kaiser PAP,2025-03-11,2028-04-21,True,False,2022-06-23
VEN11729,Morales-Wilson Medical,Pharmacy,64317 Keith Parks Apt. 322,East Kelsey,TX,86706,(533)992-2940x39080,contact@morales-wilsonmedical.com,David Cabrera,24-5046953,True,Kaiser PAP,2025-04-24,2028-02-25,True,False,2021-09-14
VEN11730,Porter Ltd Supplies,DME Supplier,89041 Campbell Park,Williambury,PA,69020,304.669.5292x9498,contact@porterltdsupplies.com,Felicia Anderson,41-4528071,True,Kaiser PAP,2021-07-16,2028-03-13,True,False,2022-06-19
VEN11731,"Sanchez, Weber and Wood Pharmacy",Home Health,385 Heather Stravenue,South Richard,PA,79029,+1-222-613-5942x376,"contact@sanchez,weberandwoodpharmacy.com",Jessica Hayes,28-3489233,True,Kaiser PAP,2024-02-04,2028-03-19,True,False,2025-11-14
VEN11732,Johnson Ltd Pharmacy,Medical Supply,494 Kennedy Villages Suite 838,Johnland,GA,47315,357.316.2235x19807,contact@johnsonltdpharmacy.com,Heather Navarro,28-1372048,False,Kaiser PAP,2022-05-20,2027-03-24,True,False,2022-07-03
VEN11733,Guzman Inc Healthcare,Lab,071 Victoria Keys,South Thomastown,CA,8375,(888)435-9882,contact@guzmaninchealthcare.com,Jennifer Garza,74-2717853,False,Kaiser PAP,2022-03-08,2027-07-23,True,False,2025-04-06
VEN11734,"Solis, Campos and Owens Supplies",Pharmacy,3318 Neal Key,Lake Courtney,TX,94610,970-801-0476x81268,"contact@solis,camposandowenssupplies.com",Priscilla Nguyen,82-6408073,True,Kaiser PAP,2023-01-21,2028-01-16,True,False,2025-01-29
VEN11735,Allen Ltd Supplies,Medical Supply,8225 Fields Squares Apt. 213,Mccoyland,NC,85776,731.361.6861x53077,contact@allenltdsupplies.com,Shawn Patel,18-1209495,True,,2022-05-10,2027-05-01,True,False,2022-07-03
VEN11736,"Hill, Contreras and Ray Medical",Home Health,8498 Martin Flat,Tamaraville,PA,50755,625.904.5176,"contact@hill,contrerasandraymedical.com",Crystal Underwood,35-8595430,False,,2026-04-04,2027-02-18,True,False,2021-09-25
VEN11737,Davis Group Pharmacy,Home Health,0542 Kevin Roads,Nicholasland,NY,94309,502-995-2742x3811,contact@davisgrouppharmacy.com,Joseph Morrison,17-1998142,True,,2022-09-05,2027-09-26,True,False,2025-09-29
VEN11738,"Guzman, Brady and Martinez Pharmacy",Medical Supply,109 Gonzalez Divide,West Andrew,PA,22636,708.231.4207,"contact@guzman,bradyandmartinezpharmacy.com",Elizabeth Murphy,84-2015906,True,Kaiser PAP,2023-03-22,2027-10-16,True,False,2025-12-07
VEN11739,Johnson and Sons Supplies,Medical Supply,152 Jerry Fall,Garrettport,MI,26091,366.442.7368,contact@johnsonandsonssupplies.com,Kimberly Johnson,67-2273847,True,Kaiser PAP,2024-03-26,2027-10-29,True,False,2023-02-14
VEN11740,"Cameron, Yang and Hill Healthcare",DME Supplier,2030 Morales Plains Suite 417,South Christinachester,PA,51819,225.233.8970x795,"contact@cameron,yangandhillhealthcare.com",Sydney Young,35-9366132,False,Kaiser PAP,2024-08-09,2026-09-03,True,False,2024-08-20
VEN11741,Ward-Thompson Medical,Transportation,224 Wolf Harbors,Newtonburgh,TX,46927,464-973-8391x56822,contact@ward-thompsonmedical.com,Bailey Smith,90-3699035,True,Kaiser PAP,2024-04-12,2028-03-03,True,False,2022-11-23
VEN11742,"Wright, Moore and Baker Medical",Transportation,282 Palmer Roads Apt. 380,Erinborough,PA,82804,(641)502-0247x22822,"contact@wright,mooreandbakermedical.com",Philip Hubbard,66-1701008,False,,2021-08-07,2027-10-14,True,False,2022-06-23
VEN11743,"Powell, Jimenez and Wyatt Healthcare",DME Supplier,831 Shepard Way Apt. 149,Gomezland,NC,42054,001-693-796-9380x79183,"contact@powell,jimenezandwyatthealthcare.com",Cheryl West,29-5876676,True,Kaiser PAP,2026-03-06,2027-01-21,True,False,2024-05-03
VEN11744,"Johnson, Taylor and Castro Pharmacy",Pharmacy,49214 Lopez Square,Blairhaven,GA,88125,001-388-932-5387x0390,"contact@johnson,taylorandcastropharmacy.com",Eric Madden,62-2410435,True,Kaiser PAP,2024-07-28,2027-02-06,True,False,2026-06-02
VEN11745,Hughes Ltd Pharmacy,Pharmacy,346 Harris Extensions,East Deborah,PA,1461,526.713.1684x07879,contact@hughesltdpharmacy.com,Brandon Hicks,93-7608134,False,,2022-05-02,2027-11-04,True,False,2026-03-09
VEN11746,Young-Patterson Medical,Transportation,7338 Ortiz Knoll Apt. 809,South Jennifer,PA,49306,(925)843-3264,contact@young-pattersonmedical.com,Amy Taylor,47-6545658,True,Kaiser PAP,2026-01-08,2026-07-09,True,False,2024-09-02
VEN11747,"Todd, Gomez and Anderson Supplies",Medical Supply,81168 Gonzales Mission Suite 053,Lake Jasminefurt,OH,2919,(357)396-9128,"contact@todd,gomezandandersonsupplies.com",Sarah Wells,94-1642195,True,Kaiser PAP,2022-04-23,2027-12-08,True,False,2021-09-06
VEN11748,Cervantes Group Healthcare,Home Health,73783 Jillian Tunnel,East Alexanderport,NC,56029,001-459-295-5879,contact@cervantesgrouphealthcare.com,Edward Reyes,87-2877283,True,Kaiser PAP,2025-03-01,2028-05-08,True,False,2025-08-21
VEN11749,"Bradley, Reed and Mendez Supplies",Medical Supply,8259 Amanda Light Suite 000,Diazside,OH,11929,(932)316-9463,"contact@bradley,reedandmendezsupplies.com",Sean Harris,71-3999716,False,,2025-05-14,2027-09-16,True,False,2023-12-26
VEN11750,"Mitchell, Murphy and Allen Medical",Home Health,149 Courtney Meadows,East Alexandra,GA,91247,764.701.7574,"contact@mitchell,murphyandallenmedical.com",Sarah Patterson,32-9401420,True,Kaiser PAP,2025-06-14,2027-01-27,True,False,2022-12-08
VEN11751,Rojas PLC Medical,DME Supplier,894 Phillip Locks,Clarkton,NC,14821,(618)675-0432x2554,contact@rojasplcmedical.com,Melanie King,99-9180848,False,,2023-09-28,2026-07-13,True,False,2025-01-21
VEN11752,Campbell-Reynolds Supplies,Home Health,264 Michele Key,Hamiltonside,IL,50161,437-871-1802x4940,contact@campbell-reynoldssupplies.com,Arthur Edwards,50-1525492,False,Kaiser PAP,2025-10-03,2026-10-28,True,False,2021-11-28
VEN11753,Hobbs LLC Medical,Medical Supply,5898 Singh Lock,West Raymondstad,NY,85796,371-228-2326,contact@hobbsllcmedical.com,Sarah Wheeler,26-8284108,False,Kaiser PAP,2023-06-30,2026-07-05,True,False,2023-09-27
VEN11754,Green-Payne Pharmacy,Lab,48094 Lisa Lake,North Jeremiahland,NC,14614,001-438-227-8013x75050,contact@green-paynepharmacy.com,Charles Johnson,33-3547011,True,Kaiser PAP,2021-12-06,2028-03-01,True,False,2023-11-12
VEN11755,Thompson PLC Supplies,Pharmacy,06899 Beth Knoll,Trevinoport,FL,1073,448-300-0533x0405,contact@thompsonplcsupplies.com,Diane Wallace,27-4858387,True,Kaiser PAP,2025-03-18,2027-08-28,True,False,2022-12-08
VEN11756,Collier PLC Medical,Transportation,5351 Paul Roads Suite 278,East Jorgefort,NC,90617,688.578.2560x6643,contact@collierplcmedical.com,Emily Lawson,59-8916599,False,Kaiser PAP,2023-01-18,2028-02-06,True,False,2021-07-10
VEN11757,"Bruce, Terry and Martinez Medical",Lab,4547 Perez Point Suite 291,Williamton,IL,22317,(267)694-3758x154,"contact@bruce,terryandmartinezmedical.com",Julie Palmer,29-9846357,True,,2023-05-27,2027-01-09,True,False,2024-09-02
VEN11758,"Herrera, Cortez and Guerrero Healthcare",Transportation,00834 Murphy Brook Suite 827,South Joshuafurt,NC,92297,522-271-5738,"contact@herrera,cortezandguerrerohealthcare.com",Jaime Lawrence,19-2698451,False,,2025-11-09,2027-07-25,True,False,2024-02-01
VEN11759,Lawrence-Roberts Pharmacy,Home Health,4259 Vance Highway Apt. 324,New Davidburgh,IL,40393,+1-449-294-8169x381,contact@lawrence-robertspharmacy.com,Nicholas Scott DVM,90-8193684,False,Kaiser PAP,2021-12-27,2026-09-07,True,False,2021-07-06
VEN11760,Hampton-Perry Healthcare,Home Health,11941 Lauren Burg Apt. 244,South Adamland,NY,28328,939.423.3442,contact@hampton-perryhealthcare.com,Eric Thomas,80-6748231,False,Kaiser PAP,2022-10-31,2028-03-08,True,False,2023-02-04
VEN11761,Miller LLC Medical,Home Health,7599 Phillips Pass Suite 356,Goldenport,GA,80711,262.319.9609x29897,contact@millerllcmedical.com,Robert Walters,69-4359840,False,Kaiser PAP,2022-02-20,2026-10-04,True,False,2025-11-23
VEN11762,Dillon LLC Healthcare,Lab,50483 James Cove Suite 900,East Ryanport,MI,85658,001-735-297-4623x84808,contact@dillonllchealthcare.com,Juan Davidson,48-9257646,True,Kaiser PAP,2023-03-09,2026-09-17,True,False,2025-12-18
VEN11763,"Massey, Tran and Flores Supplies",Pharmacy,5554 Rachel Lane Suite 218,Beckburgh,NY,31032,387.609.5027x36599,"contact@massey,tranandfloressupplies.com",Kevin Griffith,75-2513452,True,Kaiser PAP,2025-10-24,2027-11-02,True,False,2023-05-26
VEN11764,"Perez, Little and Roberts Healthcare",Pharmacy,934 Courtney Wall,East Suzannemouth,MI,1861,001-577-636-2299,"contact@perez,littleandrobertshealthcare.com",Bryce Ruiz,88-6541913,True,,2025-05-18,2027-01-28,True,False,2024-05-08
VEN11765,Glenn-Lloyd Pharmacy,Home Health,683 Vaughan Dam,Stephanieside,PA,8903,001-741-531-1526,contact@glenn-lloydpharmacy.com,Robert Erickson,10-8896841,True,Kaiser PAP,2026-05-22,2026-07-24,True,False,2023-08-31
VEN11766,Cox Group Medical,Lab,68134 Howard Spurs Suite 529,West Haley,OH,51862,3578464088,contact@coxgroupmedical.com,Jean Morgan,45-2769617,False,,2026-01-10,2028-02-01,True,False,2025-04-10
VEN11767,Weiss Ltd Medical,Transportation,1477 Gregory Station Suite 264,Wrightland,GA,88521,747.262.5277x425,contact@weissltdmedical.com,Christopher Singh,81-3961793,True,Kaiser PAP,2022-03-12,2026-11-12,True,False,2022-05-26
VEN11768,"Gibson, Holmes and Pittman Healthcare",Home Health,086 Angela Village,Juliechester,PA,59262,001-759-354-4018,"contact@gibson,holmesandpittmanhealthcare.com",Rachel Jackson,25-4677508,True,,2022-11-21,2027-07-26,True,False,2024-08-05
VEN11769,"Rodriguez, Mitchell and Reyes Pharmacy",Medical Supply,4201 Baker Canyon Suite 188,North Andrew,MI,10878,6742739229,"contact@rodriguez,mitchellandreyespharmacy.com",Jennifer Lee,39-1358696,False,,2021-12-29,2028-06-11,True,False,2022-03-24
VEN11770,Santiago-Harper Healthcare,Home Health,0173 Walker Mountains Suite 869,Lake Danville,FL,73851,585-577-1436,contact@santiago-harperhealthcare.com,Ryan Alexander,39-5761138,True,,2021-10-27,2028-05-16,True,False,2022-07-31
VEN11771,Bishop-Berger Medical,Lab,350 Holden Alley,Jamiefort,NY,91578,001-209-310-8994x17896,contact@bishop-bergermedical.com,Tina Phelps,81-9668133,True,Kaiser PAP,2023-06-26,2028-01-22,True,False,2026-05-06
VEN11772,Johnson-Carter Supplies,Home Health,7290 Kevin Turnpike Suite 534,Bakerbury,IL,91415,(605)632-8410,contact@johnson-cartersupplies.com,Larry Turner,97-5546913,False,,2025-12-30,2027-03-20,True,False,2025-01-07
VEN11773,Smith Inc Healthcare,Lab,8998 Martin Plaza Suite 658,Raymondtown,MI,61387,(471)700-5416x95401,contact@smithinchealthcare.com,Lori Myers,67-2585788,True,Kaiser PAP,2025-11-17,2027-03-27,True,False,2026-02-16
VEN11774,"Wade, Huynh and Green Medical",DME Supplier,54285 Gill Roads Apt. 525,Port Ericland,FL,74040,(633)944-3206x6762,"contact@wade,huynhandgreenmedical.com",Wesley Freeman,60-8544729,True,Kaiser PAP,2025-05-13,2028-06-11,True,False,2024-07-30
VEN11775,Reeves-Robinson Medical,Transportation,988 Jennifer Views,East Kathleen,IL,21633,958-203-1677,contact@reeves-robinsonmedical.com,Monica Warner,73-9886520,False,,2023-03-29,2027-02-06,True,False,2022-11-06
VEN11776,Parker-Morgan Supplies,Medical Supply,97048 Johnson Well,Lake Cathy,TX,84676,556.207.6774x318,contact@parker-morgansupplies.com,Melanie Myers,58-2791924,True,Kaiser PAP,2026-06-13,2026-12-29,True,False,2023-02-05
VEN11777,"Smith, Griffin and Green Medical",Medical Supply,8194 Randy Plaza,Matthewburgh,PA,57440,+1-600-282-6224x110,"contact@smith,griffinandgreenmedical.com",Kayla Mcmahon,95-9707780,True,Kaiser PAP,2024-10-31,2028-06-12,True,False,2023-04-29
VEN11778,"James, Hall and Warren Supplies",Pharmacy,8594 Townsend Pine,Saratown,OH,41948,001-319-781-3482,"contact@james,hallandwarrensupplies.com",Mary Dean,88-4795382,False,Kaiser PAP,2022-03-15,2027-05-06,True,False,2024-07-07
VEN11779,Martin Inc Supplies,Lab,722 Brianna Springs,West Amy,TX,76824,+1-996-277-4433x4970,contact@martinincsupplies.com,Sydney Hawkins,45-9555574,True,Kaiser PAP,2024-08-27,2027-12-28,True,False,2026-05-22
VEN11780,Vaughn LLC Healthcare,Pharmacy,5219 Christopher Vista,Alyssafort,GA,86333,+1-622-770-9950x53262,contact@vaughnllchealthcare.com,Andrea Jacobs,64-3321494,True,Kaiser PAP,2023-10-06,2026-09-10,True,False,2021-12-16
VEN11781,"Glover, Jones and Landry Supplies",Lab,26861 Santana Divide,North Williamview,IL,33991,420.921.0352,"contact@glover,jonesandlandrysupplies.com",Morgan Patton,12-8191127,True,Kaiser PAP,2024-03-08,2027-10-10,True,False,2023-02-07
VEN11782,Hendricks-Dillon Medical,Transportation,86194 Daniel Mews,Lake Cynthia,PA,58265,+1-218-995-2988,contact@hendricks-dillonmedical.com,Megan Hughes,91-8798148,False,,2024-06-27,2026-09-20,True,False,2025-04-24
VEN11783,Gonzales-Burgess Pharmacy,Pharmacy,518 Ramos Prairie,Port Aarontown,OH,69529,001-645-446-4626x8092,contact@gonzales-burgesspharmacy.com,Mary Richardson,53-6091674,True,Kaiser PAP,2023-03-20,2026-09-07,True,False,2022-01-03
VEN11784,Thomas-Pham Supplies,Transportation,208 Ferguson Circle,West Frank,CA,22843,(917)459-3922,contact@thomas-phamsupplies.com,Sandra Johnson,33-8197679,False,Kaiser PAP,2021-10-21,2027-03-21,True,False,2025-07-26
VEN11785,Lynch PLC Pharmacy,Lab,790 Pacheco Vista Suite 968,East Michael,TX,50157,(434)865-9433x34774,contact@lynchplcpharmacy.com,David Johnson,30-1916131,False,Kaiser PAP,2026-06-10,2027-04-05,True,False,2022-04-20
VEN11786,Ellison PLC Supplies,DME Supplier,8548 Robbins Shoals Apt. 235,Williamston,NC,47288,4415141645,contact@ellisonplcsupplies.com,Susan Moses,70-3496163,True,,2026-06-16,2027-03-31,True,False,2022-05-27
VEN11787,"Scott, Wilson and Ferguson Medical",Home Health,27329 Walker Pike,New Dwaynestad,PA,43184,001-927-430-5628x37430,"contact@scott,wilsonandfergusonmedical.com",Rachel Mcmahon,76-4592800,True,Kaiser PAP,2025-07-20,2026-11-09,True,False,2022-09-07
VEN11788,Sampson-Miller Healthcare,Lab,3575 Sutton Prairie,West Robertstad,PA,92610,495-240-8897x76928,contact@sampson-millerhealthcare.com,Dana Johnson,12-6388879,False,Kaiser PAP,2024-04-06,2027-03-23,True,False,2022-10-15
VEN11789,"Maldonado, Strong and Ortiz Healthcare",DME Supplier,9687 Tanner Mill,Victorville,MI,32196,+1-725-955-0273,"contact@maldonado,strongandortizhealthcare.com",Nicholas Wilson,34-7149752,True,Kaiser PAP,2022-07-05,2028-05-09,True,False,2021-11-15
VEN11790,Collier-Kerr Healthcare,DME Supplier,1058 Martin Port,North Jeremy,FL,33705,246-377-0013,contact@collier-kerrhealthcare.com,Dustin Dudley,81-9721453,False,Kaiser PAP,2022-09-11,2026-10-22,True,False,2026-04-08
VEN11791,Moore and Sons Pharmacy,Transportation,25444 Samuel Road Suite 810,Sanchezborough,OH,91928,+1-645-448-3380x56032,contact@mooreandsonspharmacy.com,Michelle Richards,41-5533207,True,,2023-03-24,2027-12-02,True,False,2025-08-08
VEN11792,Ball Ltd Pharmacy,Pharmacy,39510 Macias Mill,Gibsonhaven,OH,15589,415-716-0710,contact@ballltdpharmacy.com,Shannon Brown,26-5808969,True,Kaiser PAP,2021-09-06,2028-04-10,True,False,2022-05-15
VEN11793,Estrada Group Healthcare,DME Supplier,312 Taylor Orchard Suite 995,East Jacob,NY,31687,(363)457-0749x6565,contact@estradagrouphealthcare.com,Daniel Hanson,20-4967315,True,Kaiser PAP,2025-09-25,2028-05-11,True,False,2022-08-18
VEN11794,Wilson Inc Supplies,Medical Supply,486 Patricia Common,New Leah,CA,52892,584.232.0959x6045,contact@wilsonincsupplies.com,Sergio Taylor,37-5856010,True,Kaiser PAP,2023-05-01,2026-10-21,True,False,2024-06-29
VEN11795,Mercer and Sons Medical,Home Health,30662 Dickson Dale Apt. 625,Burkeburgh,PA,21861,778-843-2579,contact@mercerandsonsmedical.com,Marcus Edwards,33-1331171,True,Kaiser PAP,2024-12-27,2026-11-18,True,False,2026-02-11
VEN11796,Williams-Leon Pharmacy,DME Supplier,8695 Daniels Walk Apt. 989,East Paulshire,NY,4830,236.700.6518,contact@williams-leonpharmacy.com,Lisa Brown,14-3734386,True,Kaiser PAP,2025-10-28,2027-11-08,True,False,2023-07-19
VEN11797,Graves-Matthews Healthcare,Lab,68673 Dunlap Parkways Suite 411,Tinafurt,IL,99341,001-324-719-9662x70836,contact@graves-matthewshealthcare.com,Michael Scott,65-7117022,True,,2021-11-20,2027-09-15,True,False,2021-07-19
VEN11798,"Ballard, Cox and Rollins Healthcare",Home Health,58715 Teresa Village,North Henry,GA,72388,(486)299-8060,"contact@ballard,coxandrollinshealthcare.com",Barry Johnson,91-3554929,True,Kaiser PAP,2023-10-08,2026-11-16,True,False,2022-05-14
VEN11799,Clark PLC Pharmacy,Lab,81560 Andrea Circle,Benjaminland,PA,59626,(747)553-6749x747,contact@clarkplcpharmacy.com,David Zuniga,28-6015701,True,,2025-08-22,2027-03-03,True,False,2024-04-04
VEN11800,James Ltd Supplies,Pharmacy,32212 Todd Pike,Vincentburgh,PA,86673,758-280-2567x192,contact@jamesltdsupplies.com,William Sims,72-3738040,False,,2026-05-19,2026-07-25,True,False,2024-10-10
VEN11801,Cuevas-Ruiz Pharmacy,Medical Supply,8185 David Lodge,Port Jacqueline,NY,59245,(857)870-2808,contact@cuevas-ruizpharmacy.com,Scott Poole,59-5367207,False,,2024-06-19,2027-08-14,True,False,2025-01-13
VEN11802,Norris Group Medical,DME Supplier,5872 Lopez Island Suite 047,Josestad,MI,41149,565-955-0497x482,contact@norrisgroupmedical.com,Andrew Alvarez,24-3862294,True,Kaiser PAP,2024-01-25,2026-11-14,True,False,2026-03-24
VEN11803,Frye Group Supplies,Transportation,630 Joshua Course,Andreachester,PA,11772,919.509.8342x932,contact@fryegroupsupplies.com,Deborah Young,55-7678771,False,Kaiser PAP,2023-06-27,2028-04-26,True,False,2022-11-26
VEN11804,Gray-Williams Healthcare,DME Supplier,92516 Kim Mission,Mcmillanborough,PA,31795,889-391-1700,contact@gray-williamshealthcare.com,Isaiah Martinez,55-6826966,True,Kaiser PAP,2025-07-04,2028-01-04,True,False,2023-06-03
VEN11805,Webb-Garcia Pharmacy,Medical Supply,5241 Rodriguez Spur Apt. 131,Johnfurt,CA,24859,878-249-4702x59789,contact@webb-garciapharmacy.com,John Stone,44-4166526,True,Kaiser PAP,2022-02-12,2027-02-20,True,False,2022-06-23
VEN11806,Clarke Inc Pharmacy,Transportation,25030 Taylor Expressway Apt. 918,West Michael,FL,14346,9963272314,contact@clarkeincpharmacy.com,Anthony Ray,91-8512777,False,,2022-04-09,2028-03-22,True,False,2023-11-16
VEN11807,Gould Ltd Healthcare,Pharmacy,72635 Kevin Mills,North Jonathanton,NY,85248,001-322-764-8727x031,contact@gouldltdhealthcare.com,Russell Hill,83-5288759,True,Kaiser PAP,2022-05-07,2027-05-23,True,False,2022-02-16
VEN11808,"Berry, Morrow and Smith Healthcare",DME Supplier,433 Rodriguez Mall Suite 063,South Johnfort,FL,15123,433-826-0925x50386,"contact@berry,morrowandsmithhealthcare.com",Christopher Moreno,64-2958655,True,Kaiser PAP,2025-09-07,2028-02-24,True,False,2025-08-09
VEN11809,Green-Brown Healthcare,Lab,46420 Laura Throughway Suite 218,New Danielle,NY,97417,001-233-917-3303,contact@green-brownhealthcare.com,Joseph Johnson,28-5287155,False,Kaiser PAP,2022-11-12,2027-09-08,True,False,2026-05-10
VEN11810,Thomas-Rodriguez Medical,Home Health,0971 Belinda Estates,Ericmouth,IL,25749,+1-205-451-1196x109,contact@thomas-rodriguezmedical.com,Ashley Warren,81-7866963,True,Kaiser PAP,2023-09-23,2027-08-30,True,False,2022-07-14
VEN11811,Castillo-Garza Healthcare,Lab,864 Adams Grove Apt. 155,Dennisville,IL,50899,582-915-0254x242,contact@castillo-garzahealthcare.com,Dr. Courtney Burton,75-6066113,True,,2021-08-16,2028-01-08,True,False,2026-01-20
VEN11812,Wong-Allen Pharmacy,Medical Supply,3311 Ann Drives Apt. 674,Port Dylan,CA,17491,476.462.1475x68291,contact@wong-allenpharmacy.com,Steven Sandoval,90-3479734,True,Kaiser PAP,2023-01-05,2027-09-06,True,False,2024-02-11
VEN11813,"Fernandez, Williams and Delacruz Medical",Medical Supply,502 Derrick Shore,New Jeffrey,CA,77160,270.480.2392,"contact@fernandez,williamsanddelacruzmedical.com",Kimberly Williams,10-5298472,True,Kaiser PAP,2024-09-26,2027-11-30,True,False,2023-01-06
VEN11814,Ramsey-Smith Pharmacy,DME Supplier,7415 Gregory Roads,Taylorburgh,TX,36329,678-822-8408,contact@ramsey-smithpharmacy.com,Patricia Carpenter,12-4087479,True,,2023-03-05,2026-10-18,True,False,2025-04-05
VEN11815,Graham Inc Healthcare,DME Supplier,68701 Lauren Place Apt. 690,Penningtonborough,NC,13336,401.700.6505,contact@grahaminchealthcare.com,Anthony Hall,82-4249698,True,Kaiser PAP,2023-05-14,2028-04-25,True,False,2023-06-23
VEN11816,"Davenport, Romero and Dixon Medical",Medical Supply,7980 Christopher Pines Apt. 394,Robinsonview,MI,89943,+1-728-367-6417x23725,"contact@davenport,romeroanddixonmedical.com",Frank Carlson,72-3184033,True,,2023-02-04,2027-03-24,True,False,2023-11-03
VEN11817,Horne LLC Supplies,Home Health,482 Mcdonald Skyway,Amandamouth,GA,8614,5784681228,contact@hornellcsupplies.com,Michael Smith,60-6637844,True,,2023-03-16,2027-12-29,True,False,2023-03-02
VEN11818,Walsh Ltd Medical,DME Supplier,607 Christopher Neck,Port Carlaland,PA,89242,+1-974-660-2214x093,contact@walshltdmedical.com,Jesse Mendoza,71-4431771,False,Kaiser PAP,2025-06-16,2027-07-02,True,False,2023-02-26
VEN11819,Jackson Ltd Supplies,Transportation,6153 Miller Plains Apt. 067,South Michaelland,TX,35280,4977815619,contact@jacksonltdsupplies.com,Keith Castaneda,12-9082646,True,Kaiser PAP,2023-10-14,2027-02-09,True,False,2026-03-07
VEN11820,Martinez-Robinson Medical,Pharmacy,98483 Foster Expressway,Kimberlyshire,PA,74064,2129276481,contact@martinez-robinsonmedical.com,Marvin Mills,15-6403169,True,,2022-09-13,2026-10-20,True,False,2025-10-12
VEN11821,Jones-Sullivan Pharmacy,Transportation,880 Ferguson Forks,Gavinside,TX,92662,(332)694-5341x4253,contact@jones-sullivanpharmacy.com,Joe Flores,44-7201182,False,Kaiser PAP,2024-12-23,2026-12-20,True,False,2023-06-23
VEN11822,Rosales PLC Healthcare,Lab,524 Jorge Glen Suite 568,Hendersonfort,GA,67262,234.607.5869x58212,contact@rosalesplchealthcare.com,Jennifer Barajas,45-2042329,True,Kaiser PAP,2026-01-01,2027-11-11,True,False,2025-08-12
VEN11823,"Higgins, Allen and Barnett Pharmacy",Transportation,93571 Brooke Pass Suite 409,Port Traciville,MI,5528,(241)612-1136,"contact@higgins,allenandbarnettpharmacy.com",Joseph Stewart,39-2977308,True,,2021-06-30,2028-02-10,True,False,2023-10-02
VEN11824,Johnson-Jackson Supplies,Medical Supply,6488 Wilson Valleys Suite 071,West Manuel,NC,10573,+1-890-220-3514x6844,contact@johnson-jacksonsupplies.com,Lindsay Stewart,50-5390613,False,,2024-05-15,2028-04-11,True,False,2022-09-24
VEN11825,"Murphy, Lee and Ball Pharmacy",Home Health,0469 Maria Glens Apt. 717,Ochoamouth,PA,16170,922-360-8870x33374,"contact@murphy,leeandballpharmacy.com",Kathryn Jones,98-9374918,True,,2026-02-12,2026-10-29,True,False,2022-09-11
VEN11826,Doyle Ltd Healthcare,Pharmacy,682 Erika Run,Davisfort,CA,69320,874-351-3909,contact@doyleltdhealthcare.com,Raymond Olsen,35-7804979,False,,2021-07-17,2027-08-06,True,False,2025-07-23
VEN11827,Dickerson and Sons Healthcare,Medical Supply,360 Larson Via Suite 831,Wadehaven,OH,41376,(560)403-6981x8562,contact@dickersonandsonshealthcare.com,Stacey Thomas,72-5182076,False,,2024-08-17,2027-03-21,True,False,2023-11-04
VEN11828,"Johnson, Rodriguez and Kelley Supplies",Lab,6449 Sarah Junction,Garciamouth,TX,50560,001-845-881-9712,"contact@johnson,rodriguezandkelleysupplies.com",Kerry Fowler,34-6960970,True,,2023-12-30,2026-09-19,True,False,2021-10-02
VEN11829,"White, Martinez and Ortega Supplies",Pharmacy,125 Donna Coves,Erinhaven,TX,79076,(563)955-2249x980,"contact@white,martinezandortegasupplies.com",Shari Ball,66-5808186,True,,2023-05-04,2028-03-12,True,False,2022-01-30
VEN11830,Anderson-Floyd Medical,Lab,19973 Kaitlin Manor,Port Craigberg,TX,11584,(350)653-7262,contact@anderson-floydmedical.com,Yvonne Hernandez,40-6251485,True,Kaiser PAP,2022-12-21,2027-03-10,True,False,2023-05-01
VEN11831,"Pierce, Hart and Reed Medical",Medical Supply,04978 Kyle Gateway Suite 638,Julieside,CA,29548,001-464-527-5784x357,"contact@pierce,hartandreedmedical.com",Jamie Mclean,75-8684056,True,Kaiser PAP,2024-11-02,2028-02-09,True,False,2021-11-14
VEN11832,Estrada Ltd Medical,Lab,50963 Thomas Forge Suite 360,Helenland,GA,84533,+1-937-465-3396x588,contact@estradaltdmedical.com,Betty Hill,99-2274870,True,Kaiser PAP,2023-04-11,2028-05-27,True,False,2022-07-07
VEN11833,Vincent-Howe Pharmacy,Lab,960 Dustin Inlet Apt. 134,North Michelle,NY,31899,(829)340-4217x375,contact@vincent-howepharmacy.com,Kimberly Anderson,14-7381431,True,,2022-02-09,2027-12-26,True,False,2021-07-10
VEN11834,Levy-Fernandez Medical,Medical Supply,77287 Adams Port,Port Sarah,NY,41716,(948)527-6726x1883,contact@levy-fernandezmedical.com,Jesus Acevedo,78-6977660,True,,2022-03-10,2027-07-07,True,False,2023-08-12
VEN11835,Weaver-Kramer Pharmacy,Transportation,6489 Preston Islands Apt. 653,Garciastad,NC,99606,560-507-8521,contact@weaver-kramerpharmacy.com,Jason Gutierrez,42-8436811,True,,2023-03-27,2028-01-31,True,False,2023-07-19
VEN11836,Peters LLC Pharmacy,Transportation,45910 Laura Viaduct,Alexandermouth,PA,63584,001-896-912-4667x478,contact@petersllcpharmacy.com,Brandon Hall,41-7009932,True,Kaiser PAP,2021-10-29,2026-12-12,True,False,2025-03-02
VEN11837,Davis Group Medical,Transportation,2990 Jay Place Suite 407,Port Michaelfurt,NY,53859,748-432-7840x08505,contact@davisgroupmedical.com,Kevin Ramos,90-6846958,True,Kaiser PAP,2021-10-07,2028-03-28,True,False,2024-06-01
VEN11838,Martinez-Choi Healthcare,DME Supplier,230 Webb Lodge,Gentrymouth,PA,92282,9998778531,contact@martinez-choihealthcare.com,John Rodriguez,76-8576766,False,Kaiser PAP,2022-08-20,2028-03-10,True,False,2022-06-11
VEN11839,Ramos-Newman Pharmacy,Medical Supply,07393 Russell Forges Apt. 706,North Alicia,MI,82147,580.439.1524x79685,contact@ramos-newmanpharmacy.com,Noah Holt,51-2724346,False,,2024-11-03,2027-07-10,True,False,2021-10-05
VEN11840,Vazquez-Boyer Supplies,Home Health,701 Eric Burg,North Brian,CA,61306,526-320-7592x81284,contact@vazquez-boyersupplies.com,Kimberly White,14-1157225,True,Kaiser PAP,2023-06-02,2027-05-29,True,False,2024-09-07
VEN11841,Leon-Goodman Healthcare,Lab,8775 Amy Common Apt. 899,Julieview,IL,57307,+1-312-773-1135x954,contact@leon-goodmanhealthcare.com,Robert Reed,13-3713463,True,,2024-01-17,2027-06-26,True,False,2024-07-25
VEN11842,"Banks, Rivera and Turner Medical",Lab,78439 Ross Cliff,Davidton,CA,79584,001-637-351-1071x9522,"contact@banks,riveraandturnermedical.com",Kelly Hood,15-6783622,True,,2026-01-10,2026-10-05,True,False,2021-07-13
VEN11843,"Gordon, Garcia and Michael Pharmacy",DME Supplier,806 Powell Trail Apt. 973,North Monicabury,NY,10598,+1-504-280-1499x61993,"contact@gordon,garciaandmichaelpharmacy.com",Anthony White,47-3965843,True,Kaiser PAP,2022-11-24,2027-09-18,True,False,2023-04-07
VEN11844,Espinoza and Sons Healthcare,Lab,611 Jonathan Stravenue,Kristyshire,GA,40338,933.981.2223x731,contact@espinozaandsonshealthcare.com,Lucas Morales,50-7074416,True,,2024-12-28,2028-02-05,True,False,2023-01-04
VEN11845,Herring-Carpenter Healthcare,Medical Supply,8248 Beltran Burgs,Williamsberg,NY,54793,+1-229-769-5498x51312,contact@herring-carpenterhealthcare.com,Jonathan Solomon,34-4770447,True,Kaiser PAP,2026-02-12,2027-11-19,True,False,2023-11-02
VEN11846,Mckee Inc Medical,DME Supplier,6445 Saunders Circles Apt. 475,Stephanieland,NY,6360,933-331-5743x49868,contact@mckeeincmedical.com,Grace Fritz,73-2223769,True,Kaiser PAP,2022-07-28,2026-11-17,True,False,2021-09-11
VEN11847,Smith Ltd Medical,Pharmacy,37046 Patterson Dale,Port Danielleport,CA,61177,+1-399-680-5355x74817,contact@smithltdmedical.com,Mr. Christopher Madden MD,26-3375984,False,Kaiser PAP,2023-04-08,2026-08-01,True,False,2026-02-11
VEN11848,"Horton, Green and Gilbert Pharmacy",Home Health,4386 Jones Trail,West Dylanstad,NY,32797,001-557-227-5350x76719,"contact@horton,greenandgilbertpharmacy.com",Troy Lewis,91-7018875,True,Kaiser PAP,2022-02-17,2026-12-20,True,False,2023-12-07
VEN11849,"Harris, Mitchell and Matthews Healthcare",Medical Supply,3383 Ralph Villages Apt. 720,Kennedyland,TX,86392,001-765-625-5537x0970,"contact@harris,mitchellandmatthewshealthcare.com",Amy Pruitt,83-5271810,False,,2025-02-19,2026-08-20,True,False,2023-10-06
VEN11850,"Woods, Torres and Curtis Medical",Home Health,25872 Bradley Plain,Davidshire,OH,48635,001-832-272-5324x646,"contact@woods,torresandcurtismedical.com",Robin Garrison,21-2910137,False,Kaiser PAP,2024-11-17,2028-05-15,True,False,2022-06-13
VEN11851,"Willis, Powell and Stanton Pharmacy",DME Supplier,07667 Curtis Park Apt. 147,Port Russell,OH,73306,(298)587-0686,"contact@willis,powellandstantonpharmacy.com",Sharon Taylor,53-7415757,True,Kaiser PAP,2023-11-13,2028-01-10,True,False,2026-06-29
VEN11852,Williams PLC Pharmacy,Pharmacy,1765 Clark Rapid,Boylefort,PA,48996,962.647.2955x767,contact@williamsplcpharmacy.com,Robert Kane,61-4688608,True,Kaiser PAP,2024-06-08,2027-11-10,True,False,2021-12-21
VEN11853,Richards-Lewis Healthcare,Lab,459 Scott Manor Apt. 887,Port Leslie,IL,23521,(844)442-9747,contact@richards-lewishealthcare.com,Laura Robertson,75-4926107,True,,2024-05-19,2027-11-28,True,False,2023-01-31
VEN11854,Hodge and Sons Medical,Pharmacy,00967 Paul Drives Apt. 944,New Linda,NC,80574,3903563287,contact@hodgeandsonsmedical.com,Jennifer Hansen,68-8707548,True,,2022-05-30,2027-01-03,True,False,2025-02-08
VEN11855,"Rodriguez, Walker and Hunt Pharmacy",Medical Supply,2213 King Camp Apt. 217,Arnoldland,NY,11689,+1-504-851-9441x27019,"contact@rodriguez,walkerandhuntpharmacy.com",Larry Matthews,99-4115787,True,Kaiser PAP,2022-01-31,2027-10-22,True,False,2022-02-12
VEN11856,Barton-Dunn Supplies,Lab,41444 Dixon Rest,Lake Rebecca,PA,22818,001-655-790-7243x729,contact@barton-dunnsupplies.com,Julie Smith,73-3357999,False,Kaiser PAP,2023-04-07,2028-06-26,True,False,2023-06-06
VEN11857,"Roberts, Newman and Benson Supplies",DME Supplier,6741 Garcia Square Apt. 547,Port Markchester,IL,75473,001-316-343-0735x340,"contact@roberts,newmanandbensonsupplies.com",Travis Williams,74-2218993,False,Kaiser PAP,2022-06-24,2027-03-09,True,False,2025-03-02
VEN11858,Parker LLC Supplies,Transportation,4994 Herman Village Suite 185,North Ginaport,FL,46161,001-201-656-7630x2285,contact@parkerllcsupplies.com,Christina Moore,25-9182593,True,Kaiser PAP,2025-09-20,2027-05-25,True,False,2026-06-26
VEN11859,"Mcclain, Graves and Ryan Pharmacy",Medical Supply,376 Teresa Port Suite 450,Ashleyborough,IL,79918,940-597-0642x73323,"contact@mcclain,gravesandryanpharmacy.com",Denise Thompson,19-4206205,True,Kaiser PAP,2023-03-26,2027-12-18,True,False,2023-12-24
VEN11860,Vance Ltd Supplies,Home Health,22319 Michelle Extension Apt. 638,Deborahmouth,GA,48380,(842)402-4340x26892,contact@vanceltdsupplies.com,Rebecca Hickman,55-8856596,False,Kaiser PAP,2025-07-30,2027-08-30,True,False,2022-11-11
VEN11861,"Wilson, Garcia and Chan Medical",Medical Supply,70812 Steven Mission Apt. 941,Whiteview,NC,63501,+1-559-953-4048x179,"contact@wilson,garciaandchanmedical.com",Lisa Rivera,44-7803238,True,Kaiser PAP,2021-09-13,2026-10-15,True,False,2024-09-20
VEN11862,Walters and Sons Healthcare,Transportation,97094 Charles Drive,Troyborough,IL,23813,506.719.9255x66808,contact@waltersandsonshealthcare.com,Hannah Edwards,56-5048256,False,,2021-11-06,2026-11-15,True,False,2025-09-08
VEN11863,"Spencer, Delgado and Ward Pharmacy",Transportation,907 Davis Bypass,New Amandaborough,GA,44638,6655076671,"contact@spencer,delgadoandwardpharmacy.com",Melissa Matthews,99-5900276,False,Kaiser PAP,2026-03-12,2026-08-05,True,False,2023-12-20
VEN11864,Dodson LLC Supplies,Home Health,14829 Kim Burg Suite 646,South Vanessa,TX,6449,802.491.7489x41910,contact@dodsonllcsupplies.com,Darren Blanchard,52-1702190,True,Kaiser PAP,2023-01-18,2026-12-13,True,False,2023-01-05
VEN11865,Lang Group Healthcare,Medical Supply,72577 David Underpass Suite 725,Hannahburgh,PA,9743,+1-942-296-3098x676,contact@langgrouphealthcare.com,John Brown,36-1137206,True,Kaiser PAP,2025-06-11,2026-12-12,True,False,2024-03-30
VEN11866,"Owens, Walker and Valentine Supplies",Home Health,036 Hood Island Suite 563,New Hannahton,PA,23177,(424)400-0238x237,"contact@owens,walkerandvalentinesupplies.com",Jonathan White,78-2568689,True,Kaiser PAP,2023-02-04,2027-11-08,True,False,2021-11-29
VEN11867,"Hoover, Herman and Davis Supplies",Pharmacy,3068 Allen Trail,Henryburgh,TX,98279,414-560-0683x828,"contact@hoover,hermananddavissupplies.com",Jeffery Thompson,89-8483949,True,Kaiser PAP,2023-10-31,2028-05-27,True,False,2022-09-20
VEN11868,"Duncan, Roberson and Nelson Supplies",Lab,9502 Joseph Manors Apt. 616,West Donald,NC,781,001-783-453-9156,"contact@duncan,robersonandnelsonsupplies.com",Christopher Hudson,70-1224733,True,Kaiser PAP,2025-02-18,2027-03-14,True,False,2026-03-03
VEN11869,"Miranda, Gutierrez and Bryant Medical",Lab,120 Katie Branch,Donovantown,TX,97222,693.753.7712,"contact@miranda,gutierrezandbryantmedical.com",Jonathan Pierce,92-7588368,True,,2022-03-07,2027-05-13,True,False,2024-03-20
VEN11870,Wilson Group Pharmacy,Home Health,8618 Jackson Drives Suite 450,Christopherfurt,TX,33813,+1-644-949-2181x3644,contact@wilsongrouppharmacy.com,Paul Wang,36-3261057,True,Kaiser PAP,2024-10-05,2027-10-06,True,False,2021-10-18
VEN11871,"Boyd, Taylor and Gonzalez Supplies",Home Health,6904 Chapman Ramp,Carrollmouth,TX,75613,+1-605-821-4653,"contact@boyd,taylorandgonzalezsupplies.com",Claudia Dunn,41-4186989,True,Kaiser PAP,2021-11-12,2028-01-27,True,False,2021-12-15
VEN11872,Beard-Nguyen Supplies,Medical Supply,4417 Freeman Brooks Suite 162,Jacksontown,PA,32631,+1-613-336-4085,contact@beard-nguyensupplies.com,Stephen Hunt,91-5458543,False,,2026-06-16,2027-08-12,True,False,2022-04-21
VEN11873,"Hill, Cross and Phillips Medical",Transportation,75537 Anderson Plains,Valenciaside,FL,79628,536-880-5048x7127,"contact@hill,crossandphillipsmedical.com",Kenneth Stevenson,57-1529058,True,,2025-10-19,2028-01-07,True,False,2021-09-27
VEN11874,Martinez Group Supplies,Pharmacy,211 Wayne Mall,Kristenview,CA,88394,(570)535-6036x4711,contact@martinezgroupsupplies.com,Charles Young,27-5738608,True,Kaiser PAP,2023-10-21,2027-08-18,True,False,2024-12-28
VEN11875,Mccoy-Hernandez Pharmacy,Medical Supply,23720 Thompson Unions Suite 923,West Kyle,MI,85699,415-298-6952,contact@mccoy-hernandezpharmacy.com,Christine Mckay,26-7509029,True,,2026-05-03,2027-11-23,True,False,2026-02-01
VEN11876,"Keller, Wright and Taylor Supplies",Medical Supply,27596 Molina Wall Suite 684,Stephenberg,CA,26309,950-994-7493x92211,"contact@keller,wrightandtaylorsupplies.com",Anna Armstrong,82-8902841,True,,2024-02-29,2027-12-07,True,False,2022-06-13
VEN11877,Garcia-Diaz Medical,Pharmacy,35659 Veronica Inlet Apt. 789,Williamstad,FL,3602,936-937-7486,contact@garcia-diazmedical.com,Tina Bailey,91-4926064,True,Kaiser PAP,2022-11-14,2027-01-30,True,False,2024-11-13
VEN11878,"Park, Gray and Spears Supplies",Home Health,9321 Sarah Mills Suite 199,Hernandezmouth,OH,19850,(804)881-4299,"contact@park,grayandspearssupplies.com",Cameron Mack,17-5924981,False,,2022-08-22,2026-08-31,True,False,2024-01-07
VEN11879,Donaldson-Oneill Supplies,Transportation,9787 George Estates,North Cynthia,GA,4883,001-680-350-4281x97724,contact@donaldson-oneillsupplies.com,Anthony Cook,57-2180370,True,Kaiser PAP,2022-08-19,2028-01-05,True,False,2022-05-09
VEN11880,Osborn LLC Supplies,Medical Supply,8187 Mary Loaf,Port Geraldchester,NY,64014,655-919-7880,contact@osbornllcsupplies.com,Bryan Floyd,27-5755512,True,Kaiser PAP,2024-08-04,2026-09-13,True,False,2024-04-08
VEN11881,Yates-Salinas Supplies,Medical Supply,990 Mitchell Wells,East David,TX,11565,+1-606-708-7232x29047,contact@yates-salinassupplies.com,David Chavez,57-5517468,False,,2023-01-06,2027-11-25,True,False,2023-01-10
VEN11882,Knapp Group Healthcare,DME Supplier,5916 Townsend Stream Apt. 563,Stacyfort,TX,99010,(651)461-9766x76913,contact@knappgrouphealthcare.com,Gina Galloway,23-2812038,True,Kaiser PAP,2025-05-11,2027-02-15,True,False,2021-08-02
VEN11883,Byrd-Glover Supplies,Pharmacy,30960 Melendez Lane,West Kristinfort,CA,43191,230-259-9532,contact@byrd-gloversupplies.com,Howard Jones,58-7132630,False,,2022-10-05,2027-12-22,True,False,2025-12-09
VEN11884,"Daniel, Mason and Brooks Pharmacy",Home Health,28139 Schmitt Underpass,Rogerfort,IL,90737,+1-736-201-1855x684,"contact@daniel,masonandbrookspharmacy.com",Matthew York,26-5159141,False,Kaiser PAP,2023-10-18,2028-03-10,True,False,2025-10-15
VEN11885,Green PLC Supplies,Lab,7531 Johns Summit,South Jonathanhaven,FL,58321,458-319-9031x875,contact@greenplcsupplies.com,Dawn Moss,56-1416149,True,Kaiser PAP,2024-05-09,2026-08-27,True,False,2025-01-30
VEN11886,Scott-Kent Healthcare,Medical Supply,42873 David Dale Apt. 398,Taylorstad,NY,51924,001-698-860-7437x849,contact@scott-kenthealthcare.com,April Russell,32-3077792,True,Kaiser PAP,2025-12-03,2028-05-16,True,False,2024-02-06
VEN11887,Weiss Inc Pharmacy,Transportation,44418 Banks Wells,Timothyburgh,MI,69489,001-291-871-1729x959,contact@weissincpharmacy.com,David Hamilton,94-5182140,False,,2021-11-05,2028-03-02,True,False,2021-09-20
VEN11888,"Richmond, Carroll and Thompson Medical",DME Supplier,14976 Heidi Lakes,Marioland,NC,45554,001-510-347-5943x741,"contact@richmond,carrollandthompsonmedical.com",Anna Christian,95-7617883,False,Kaiser PAP,2024-12-02,2027-06-07,True,False,2026-02-20
VEN11889,Schwartz-Richardson Healthcare,Pharmacy,2926 Mcconnell Point Suite 124,North Christopherland,NC,9400,001-548-670-9014x40824,contact@schwartz-richardsonhealthcare.com,Sherri Goodwin,44-4759534,True,Kaiser PAP,2023-09-09,2026-09-20,True,False,2021-09-29
VEN11890,Greene-Brown Medical,Lab,033 Williams Forest,Lake David,OH,35359,230.599.3108,contact@greene-brownmedical.com,Mr. Nathan Salazar,19-4806078,True,Kaiser PAP,2024-12-15,2027-05-19,True,False,2025-08-20
VEN11891,"Johnson, Wang and Sanchez Healthcare",Medical Supply,34971 Baker Bridge,Mikeport,PA,6010,286.729.0318x32085,"contact@johnson,wangandsanchezhealthcare.com",Sherry Morrison,94-6382584,True,Kaiser PAP,2023-05-09,2027-06-06,True,False,2024-02-26
VEN11892,"Craig, Powell and Peterson Pharmacy",Medical Supply,21516 Phyllis Lodge,Jacksonfort,TX,48698,7158441754,"contact@craig,powellandpetersonpharmacy.com",Melissa Vazquez,22-2020685,False,,2022-07-23,2027-03-14,True,False,2022-02-22
VEN11893,Frost Group Pharmacy,Transportation,03132 Brian Forges,Port Brandon,FL,55900,001-843-310-9236x1695,contact@frostgrouppharmacy.com,Andrew Hoffman,63-3831604,False,Kaiser PAP,2021-10-18,2027-04-17,True,False,2023-11-12
VEN11894,Sanders LLC Pharmacy,Home Health,09175 Ellis Ridges Apt. 073,Andrewschester,NY,60786,+1-800-984-2373x58121,contact@sandersllcpharmacy.com,Curtis Townsend,71-8973245,False,,2023-07-04,2026-11-10,True,False,2023-07-13
VEN11895,Ellis Ltd Medical,Medical Supply,164 Vaughn Canyon,South Joshua,OH,1082,001-837-742-0160,contact@ellisltdmedical.com,Joel Schmidt,43-6838923,True,,2025-09-30,2028-03-22,True,False,2021-09-15
VEN11896,Tucker PLC Healthcare,Medical Supply,52256 Warner View,North Aliciaport,FL,35022,+1-887-355-5086x338,contact@tuckerplchealthcare.com,Karen Padilla,42-4971914,False,,2025-04-29,2027-03-06,True,False,2023-03-02
VEN11897,Hendrix PLC Supplies,Medical Supply,87697 Thompson Station,Lake Brittany,CA,95017,9683297515,contact@hendrixplcsupplies.com,David Lopez,54-6015479,True,Kaiser PAP,2024-02-19,2028-05-03,True,False,2026-06-05
VEN11898,Wright Inc Healthcare,Medical Supply,2022 Crystal Via,Adamsborough,NC,82316,9357949129,contact@wrightinchealthcare.com,Kenneth Palmer,10-4719128,True,Kaiser PAP,2024-08-01,2027-05-15,True,False,2022-11-13
VEN11899,"Avila, Jones and Gonzalez Medical",Pharmacy,6531 Leslie Mission Apt. 679,New Jaredshire,IL,21736,001-583-571-4457x30434,"contact@avila,jonesandgonzalezmedical.com",Randy Schneider,71-1665102,True,Kaiser PAP,2025-05-31,2028-04-23,True,False,2021-08-22
VEN11900,Martin Ltd Pharmacy,DME Supplier,44020 Michael Dam,East Carlos,CA,63832,(660)255-7581x1042,contact@martinltdpharmacy.com,Dominic Palmer,59-2265645,False,Kaiser PAP,2022-01-02,2027-08-05,True,False,2026-06-29
VEN11901,Wagner-Kelly Supplies,DME Supplier,4984 Mcfarland Shore,Lake Bobbyville,PA,12214,4922279920,contact@wagner-kellysupplies.com,John Williams,60-2584187,True,Kaiser PAP,2022-10-30,2026-07-27,True,False,2022-02-17
VEN11902,Herring-Summers Pharmacy,Pharmacy,99158 Kathryn Ports Suite 128,Hoffmantown,MI,96663,8939996760,contact@herring-summerspharmacy.com,Matthew Watkins,88-8144086,True,Kaiser PAP,2025-08-12,2027-12-08,True,False,2025-07-03
VEN11903,Finley-Richardson Pharmacy,Lab,3908 Haley Island,West Thomas,IL,21253,971.772.1543x2356,contact@finley-richardsonpharmacy.com,Amanda Jimenez,53-7419320,False,Kaiser PAP,2023-10-06,2026-10-12,True,False,2021-10-03
VEN11904,Martinez Ltd Pharmacy,Medical Supply,301 Jones Branch Suite 413,Williamstown,NC,40085,857-357-6213,contact@martinezltdpharmacy.com,Sherry King,66-6733417,False,,2025-12-07,2026-07-17,True,False,2023-06-10
VEN11905,Summers-Garcia Medical,Lab,952 David Vista,New Theresahaven,NY,46644,894.251.4867x8964,contact@summers-garciamedical.com,Daniel Perry,42-3828029,True,Kaiser PAP,2022-07-26,2028-05-08,True,False,2025-04-25
VEN11906,"Sherman, Adams and West Pharmacy",DME Supplier,884 Ashley Parkway Suite 259,Stephensonfurt,GA,37836,642-609-3986x0626,"contact@sherman,adamsandwestpharmacy.com",April Jensen,38-1594995,False,,2025-06-11,2027-03-30,True,False,2024-08-08
VEN11907,Cooper-Olson Pharmacy,Transportation,867 Laura Common Suite 720,Anthonyhaven,MI,97833,+1-384-323-8936x353,contact@cooper-olsonpharmacy.com,Andrea Lopez,47-5380125,True,Kaiser PAP,2025-12-28,2027-08-10,True,False,2021-07-29
VEN11908,"Gonzalez, Guerrero and Reyes Healthcare",Lab,558 Martin River,Dicksonview,NY,3052,327-780-9360x08468,"contact@gonzalez,guerreroandreyeshealthcare.com",Crystal Black,33-2172537,True,Kaiser PAP,2021-12-26,2026-10-26,True,False,2026-02-12
VEN11909,"Collins, Miller and Marsh Pharmacy",Pharmacy,7839 Preston Village,Jordanbury,OH,11448,512-363-5818x899,"contact@collins,millerandmarshpharmacy.com",Lawrence Morse,47-8275245,True,Kaiser PAP,2021-08-05,2028-03-03,True,False,2024-12-12
VEN11910,Salinas-Allen Healthcare,Transportation,768 Calhoun Squares,Murphytown,NY,83876,(880)328-0389x14841,contact@salinas-allenhealthcare.com,Susan Davis,65-8233978,False,,2022-07-05,2028-04-01,True,False,2024-03-01
VEN11911,"Pacheco, Vargas and Wilson Pharmacy",Pharmacy,05775 Stacey Stravenue Apt. 156,Port Tammy,NY,90462,+1-340-503-7039,"contact@pacheco,vargasandwilsonpharmacy.com",Michael Moore,35-4819945,False,,2022-07-14,2027-08-30,True,False,2025-11-07
VEN11912,Sparks Ltd Healthcare,Lab,444 John Village,Wiseville,CA,31925,001-738-493-2750x338,contact@sparksltdhealthcare.com,Michelle Diaz,95-6386250,True,,2022-12-26,2028-05-11,True,False,2022-01-23
VEN11913,Ortega Group Supplies,DME Supplier,3912 Adam Mountains,Jaredtown,PA,87001,001-809-837-9883x1842,contact@ortegagroupsupplies.com,Joel Kramer,44-9441682,True,Kaiser PAP,2023-06-12,2027-04-08,True,False,2024-05-02
VEN11914,"Aguirre, Baldwin and Meadows Medical",Transportation,63410 Rodriguez Inlet Suite 833,Codyview,PA,38531,962-926-7698,"contact@aguirre,baldwinandmeadowsmedical.com",Deborah Spears,10-9337258,True,Kaiser PAP,2025-06-27,2026-12-03,True,False,2024-02-06
VEN11915,Griffin and Sons Pharmacy,DME Supplier,409 Michael Spring Suite 793,Mejiatown,IL,72140,001-448-430-6678x361,contact@griffinandsonspharmacy.com,Brianna Greene,34-9989215,True,Kaiser PAP,2021-07-21,2027-04-07,True,False,2021-08-27
VEN11916,Martinez and Sons Medical,Medical Supply,63350 Diana Islands,West Davidton,PA,24353,292-944-0951,contact@martinezandsonsmedical.com,Chad Walker,57-2719321,True,Kaiser PAP,2022-12-10,2027-01-15,True,False,2022-12-10
VEN11917,"Allen, Spears and Smith Supplies",Home Health,83458 Thomas Cove,Norrisview,MI,75807,5849239756,"contact@allen,spearsandsmithsupplies.com",Lori Macias,41-5091203,False,,2026-03-07,2027-08-31,True,False,2025-08-30
VEN11918,Miller PLC Healthcare,Home Health,35035 Rice Vista,Johnsontown,IL,49161,001-861-280-9529x988,contact@millerplchealthcare.com,Curtis Weaver,53-2846623,True,Kaiser PAP,2025-12-23,2027-01-19,True,False,2022-10-25
VEN11919,Butler-Greene Supplies,Medical Supply,87035 Stephen Course Suite 656,Liumouth,NC,98326,475-330-5235x719,contact@butler-greenesupplies.com,Keith Phillips,75-3842810,True,,2022-10-28,2028-06-22,True,False,2025-12-17
VEN11920,Walsh-Hanson Healthcare,DME Supplier,021 Morris Burg,West Cody,NC,67833,001-680-632-8798,contact@walsh-hansonhealthcare.com,Todd Gibson,31-8570380,True,Kaiser PAP,2023-06-19,2027-09-03,True,False,2024-02-23
VEN11921,Paul LLC Healthcare,Medical Supply,73007 Cynthia Gardens,Lake Desireechester,MI,95211,8797281134,contact@paulllchealthcare.com,John Long,19-7803971,False,,2026-02-14,2026-11-25,True,False,2021-09-09
VEN11922,"Villegas, Murphy and Robertson Pharmacy",Home Health,08885 Karen Shoal,New Brendaborough,TX,2527,3585965039,"contact@villegas,murphyandrobertsonpharmacy.com",Lisa French,33-9216724,True,Kaiser PAP,2023-08-16,2028-03-31,True,False,2023-09-26
VEN11923,Jones-Ochoa Supplies,Home Health,5267 Charles Lake Apt. 673,Port Tylerchester,GA,83696,001-214-911-4647,contact@jones-ochoasupplies.com,Mark Olson,34-4244451,True,Kaiser PAP,2025-09-22,2027-10-03,True,False,2024-11-28
VEN11924,Matthews-Foley Healthcare,Lab,9907 Garcia Squares,New Markfort,TX,41524,(756)837-3952,contact@matthews-foleyhealthcare.com,Cassandra Valdez,19-2016160,True,Kaiser PAP,2024-10-23,2027-09-19,True,False,2023-04-28
VEN11925,Wang PLC Healthcare,Transportation,26169 Burgess Estates Suite 962,New Erinside,CA,47240,960.950.0466,contact@wangplchealthcare.com,Suzanne Walton,42-2473182,True,Kaiser PAP,2026-03-07,2027-09-16,True,False,2025-01-17
VEN11926,Young and Sons Supplies,Transportation,776 Bradley Ridges,West Bryan,CA,10980,001-341-762-8301x68838,contact@youngandsonssupplies.com,Cameron Schultz,24-9555216,True,Kaiser PAP,2021-09-03,2027-06-06,True,False,2022-12-28
VEN11927,"Mccoy, Gross and Cooper Supplies",Medical Supply,8988 Reyes Meadow,East Stephanie,PA,22140,+1-976-830-4019x58087,"contact@mccoy,grossandcoopersupplies.com",Amber Greene,36-2300989,True,Kaiser PAP,2023-01-24,2026-08-22,True,False,2025-05-19
VEN11928,Dixon-Young Pharmacy,Lab,3989 Dustin Fall Apt. 216,Scottport,OH,28171,214.281.6179x61465,contact@dixon-youngpharmacy.com,Ashley Harvey,52-2587947,True,,2023-05-22,2027-03-08,True,False,2021-12-10
VEN11929,Thornton-Flores Healthcare,DME Supplier,27529 Schmidt Circles,Lake Anthony,IL,62119,001-995-678-3137x03102,contact@thornton-floreshealthcare.com,Caitlin Fletcher,60-8288887,True,Kaiser PAP,2026-03-07,2027-11-14,True,False,2022-10-14
VEN11930,"Stokes, Gordon and Williams Healthcare",Medical Supply,673 Thornton Island Suite 591,Karahaven,GA,14542,+1-571-975-9184,"contact@stokes,gordonandwilliamshealthcare.com",Christina Hicks,53-5669485,True,Kaiser PAP,2024-01-19,2027-12-17,True,False,2023-03-28
VEN11931,Ewing-Everett Supplies,DME Supplier,129 Morris Corner,Jessicaberg,GA,45488,(305)735-0208,contact@ewing-everettsupplies.com,Danielle Howard,10-5491337,False,,2025-04-24,2026-12-19,True,False,2024-03-17
VEN11932,"Vang, Bishop and Scott Healthcare",Pharmacy,88608 Robinson Via,New Johnville,OH,62818,708.801.4735x50448,"contact@vang,bishopandscotthealthcare.com",Stephanie Carter,22-8207444,True,Kaiser PAP,2024-10-15,2027-06-14,True,False,2025-04-05
VEN11933,Richards-Phillips Healthcare,DME Supplier,803 Marshall Lodge,Port Elizabeth,OH,10527,306-836-1366x8675,contact@richards-phillipshealthcare.com,Briana Medina,91-8796910,False,,2021-12-18,2028-03-09,True,False,2021-12-10
VEN11934,"Smith, Brown and Taylor Pharmacy",Home Health,812 Keith Trail Suite 359,Banksstad,NC,72142,(853)208-5369,"contact@smith,brownandtaylorpharmacy.com",Alexis Perkins,36-8811837,True,Kaiser PAP,2026-04-21,2026-09-12,True,False,2023-10-20
VEN11935,Fitzgerald and Sons Medical,Pharmacy,595 Smith Freeway,Port Ashleyview,FL,1843,706.535.1973x2142,contact@fitzgeraldandsonsmedical.com,Kristi Chapman,14-3874832,False,,2024-10-21,2026-11-02,True,False,2026-03-20
VEN11936,Fernandez Ltd Medical,DME Supplier,376 Tammy Inlet,North Michael,MI,69409,715-591-9846,contact@fernandezltdmedical.com,Carly Morrison,92-9621718,True,Kaiser PAP,2024-04-06,2026-08-07,True,False,2024-07-30
VEN11937,"Rice, Nunez and Brown Pharmacy",Home Health,777 Pamela Ranch,East Teresafurt,MI,91675,(466)474-6152x036,"contact@rice,nunezandbrownpharmacy.com",Crystal Jennings,71-1764781,True,,2022-10-21,2027-02-26,True,False,2026-02-28
VEN11938,Hodges LLC Medical,DME Supplier,591 Christopher Bridge,Port Ryanfurt,TX,59716,+1-594-711-7177x02494,contact@hodgesllcmedical.com,John Hester,23-8012022,False,Kaiser PAP,2021-09-03,2028-05-20,True,False,2025-04-14
VEN11939,"Barnes, Shah and Blair Medical",Lab,267 Jessica Row,West Derek,OH,83441,872.768.6694x701,"contact@barnes,shahandblairmedical.com",Wendy Taylor,83-3428641,False,,2025-10-08,2027-01-01,True,False,2025-06-27
VEN11940,Oneal Inc Healthcare,Lab,043 David Springs,West James,PA,28317,588.994.3562,contact@onealinchealthcare.com,Keith Hamilton,22-2934622,True,,2021-09-17,2027-05-08,True,False,2021-08-10
VEN11941,"Ellis, White and Cook Supplies",Home Health,45840 John Land Apt. 586,East Samuel,FL,20881,525-996-0880x822,"contact@ellis,whiteandcooksupplies.com",Benjamin Dixon,16-2686167,False,Kaiser PAP,2023-03-26,2027-07-08,True,False,2023-03-30
VEN11942,"Jordan, Houston and Smith Healthcare",Home Health,441 May Fall Suite 916,East Jeremyberg,PA,37182,+1-710-945-1438x7672,"contact@jordan,houstonandsmithhealthcare.com",Jessica Lewis,44-9354000,True,Kaiser PAP,2022-02-24,2026-11-05,True,False,2024-06-12
VEN11943,"Williams, Johnson and Brown Pharmacy",Medical Supply,8353 Angela Turnpike Suite 107,Roweport,IL,87489,755.894.4217,"contact@williams,johnsonandbrownpharmacy.com",Gina Harvey,87-3962701,False,,2025-07-25,2027-11-18,True,False,2026-06-17
VEN11944,Schmidt-Johnson Supplies,Medical Supply,62799 Lee Stream,Port Michelleberg,NC,70810,+1-803-806-8416x973,contact@schmidt-johnsonsupplies.com,Mr. Miguel Romero,33-5652376,True,Kaiser PAP,2023-07-01,2028-04-18,True,False,2021-11-17
VEN11945,"Alexander, Moore and Smith Supplies",Medical Supply,409 Hughes Throughway Apt. 383,South Andrewville,FL,12206,682.326.6621,"contact@alexander,mooreandsmithsupplies.com",Stacey Wise,84-8611308,True,Kaiser PAP,2023-08-04,2027-01-10,True,False,2024-01-20
VEN11946,"Robinson, Nguyen and Powell Supplies",DME Supplier,5935 Elliott Circles Suite 318,Hortonmouth,GA,65339,894.621.5905x43359,"contact@robinson,nguyenandpowellsupplies.com",William Howard,41-1702417,False,Kaiser PAP,2022-02-15,2027-09-10,True,False,2026-02-03
VEN11947,Collins-Mcneil Medical,Pharmacy,823 Wright Cliff Suite 015,Port Brendafort,GA,86943,001-767-680-8424x943,contact@collins-mcneilmedical.com,James Garrison,27-6748995,False,,2025-10-07,2026-12-24,True,False,2021-12-04
VEN11948,Osborn Inc Supplies,Transportation,02607 Harrison Wells,Lake Ashley,FL,75959,+1-595-493-2642x04609,contact@osbornincsupplies.com,Jenny Johnson,31-3992805,True,,2023-01-24,2027-09-11,True,False,2022-02-04
VEN11949,Jimenez-Jackson Supplies,Lab,6006 Steven Crescent,South Joshuaside,OH,68877,(244)884-4393,contact@jimenez-jacksonsupplies.com,Kathy Lopez,47-9108033,False,,2024-02-11,2028-01-30,True,False,2025-04-30
VEN11950,Barnes-Cabrera Pharmacy,Pharmacy,5325 Christine Forge,East Robertfurt,PA,71565,001-450-596-9515x12794,contact@barnes-cabrerapharmacy.com,Shelley Jackson,71-3841724,False,,2022-05-27,2026-09-26,True,False,2024-09-01
VEN11951,"Schultz, Welch and Hogan Pharmacy",Medical Supply,171 Cynthia Burg Suite 283,Laurafurt,MI,39584,001-819-661-7274x8625,"contact@schultz,welchandhoganpharmacy.com",Karen Campbell,66-8836550,True,Kaiser PAP,2024-07-16,2027-07-24,True,False,2026-06-29
VEN11952,"Carroll, Rivera and Reynolds Healthcare",DME Supplier,78298 Megan Road Suite 216,Nancyborough,TX,3495,(370)505-5125x163,"contact@carroll,riveraandreynoldshealthcare.com",Cindy Bruce,22-6286076,False,Kaiser PAP,2021-11-09,2026-07-03,True,False,2024-08-09
VEN11953,Holmes-Clark Medical,Home Health,199 Jeffrey Springs Suite 623,Zacharyborough,NC,68449,536.936.9699x43281,contact@holmes-clarkmedical.com,William Wu,56-6013908,True,,2021-07-27,2026-08-14,True,False,2022-04-11
VEN11954,Bryant-Brown Healthcare,Transportation,97279 Kristi Pine,Reedfurt,MI,88206,+1-320-452-0220x5628,contact@bryant-brownhealthcare.com,Tiffany Ramirez,92-1165142,False,,2024-11-03,2026-12-20,True,False,2024-01-11
VEN11955,Kennedy-Esparza Pharmacy,Lab,088 Brown Loaf,Lake Shane,CA,66178,293.381.5590x0719,contact@kennedy-esparzapharmacy.com,Amy Day,27-1023604,True,,2022-01-09,2028-01-12,True,False,2024-07-20
VEN11956,Jackson-Moore Supplies,Transportation,8873 Robert Via,North Michael,IL,51979,001-410-395-6539x3968,contact@jackson-mooresupplies.com,Kimberly Clark,81-4212588,True,Kaiser PAP,2022-07-07,2027-07-12,True,False,2024-08-18
VEN11957,"Sutton, Fisher and Williams Pharmacy",Pharmacy,875 Carly Bypass,South Kimville,GA,83199,001-537-240-8423x742,"contact@sutton,fisherandwilliamspharmacy.com",Anthony Harrell,51-2159016,True,Kaiser PAP,2026-05-25,2027-01-15,True,False,2025-06-13
VEN11958,Thompson LLC Healthcare,Lab,54156 Wise Shore,East Nancyport,OH,7906,(419)853-7165,contact@thompsonllchealthcare.com,Jason Jones,29-1934610,False,Kaiser PAP,2025-01-26,2027-06-12,True,False,2022-01-17
VEN11959,Carr-Cooper Supplies,DME Supplier,7587 Nathan Corners Suite 357,Williamsport,OH,30005,795-676-3344,contact@carr-coopersupplies.com,Kayla Richardson,71-5440639,True,Kaiser PAP,2022-04-02,2028-04-28,True,False,2024-12-03
VEN11960,"Hart, Orozco and Evans Supplies",DME Supplier,598 Amber Cape,West Candice,TX,36827,2219798265,"contact@hart,orozcoandevanssupplies.com",Mrs. Kathryn Rodriguez,69-2524227,False,,2024-04-02,2028-06-11,True,False,2023-07-01
VEN11961,Gutierrez LLC Pharmacy,Transportation,29579 Carolyn Parkways,Alexshire,CA,70465,+1-787-828-1462x547,contact@gutierrezllcpharmacy.com,Maria Cooley,88-7906247,False,Kaiser PAP,2026-01-16,2028-05-29,True,False,2025-02-05
VEN11962,Stone and Sons Healthcare,Transportation,16689 Santos Estate,Port Thomashaven,OH,63333,(979)535-3062x642,contact@stoneandsonshealthcare.com,Michelle Shaw,55-4757030,False,Kaiser PAP,2025-08-26,2026-11-22,True,False,2025-09-08
VEN11963,Hodge-Carrillo Supplies,DME Supplier,00831 Lindsey Canyon,Donnaport,GA,39783,9777548359,contact@hodge-carrillosupplies.com,Tyler Jordan,73-9319848,True,,2021-07-18,2028-05-04,True,False,2022-08-22
VEN11964,Grant-Wallace Pharmacy,Pharmacy,776 Cynthia Corners Apt. 432,East Amberburgh,CA,51305,+1-348-647-3272x52943,contact@grant-wallacepharmacy.com,Peter Lewis,59-6383131,True,,2023-08-10,2027-03-17,True,False,2024-06-13
VEN11965,Lawrence-Conner Healthcare,Home Health,6649 Garcia Flats Suite 869,Port Shelia,PA,546,281.653.1669x20507,contact@lawrence-connerhealthcare.com,Mary Rhodes,34-4983659,True,Kaiser PAP,2022-02-18,2027-09-23,True,False,2024-08-09
VEN11966,Wade Inc Medical,Transportation,3371 Zachary Islands Apt. 420,New Danielle,GA,13171,(976)621-0409x142,contact@wadeincmedical.com,Stacey Hill,65-7997807,False,,2022-05-15,2027-07-16,True,False,2024-04-21
VEN11967,"Tanner, Harris and Richardson Healthcare",Home Health,43949 Bennett Knolls Suite 079,West Megan,GA,28723,001-229-648-5214x233,"contact@tanner,harrisandrichardsonhealthcare.com",Charles Wells,29-8157419,True,,2023-05-05,2027-06-08,True,False,2023-04-16
VEN11968,Marsh PLC Medical,DME Supplier,8468 Holmes Meadow Apt. 142,Bondhaven,TX,21587,+1-328-980-3429,contact@marshplcmedical.com,Ronnie Smith,45-2444897,True,,2026-04-21,2027-01-25,True,False,2022-12-07
VEN11969,Lowe-Gutierrez Healthcare,DME Supplier,3073 Baker Place,Lake Matthewfort,CA,875,3212543719,contact@lowe-gutierrezhealthcare.com,Michelle Serrano,37-2700901,False,Kaiser PAP,2025-10-02,2026-09-18,True,False,2025-01-19
VEN11970,Martinez-Guerrero Supplies,Medical Supply,6611 Rodriguez Spurs,Petermouth,MI,62415,837.676.6552,contact@martinez-guerrerosupplies.com,Scott Wilson,42-4860042,True,Kaiser PAP,2025-12-05,2026-12-12,True,False,2022-04-10
VEN11971,"Kaufman, Garza and Smith Supplies",Medical Supply,0574 Thompson Track,West Mary,TX,89532,923-283-5145x0735,"contact@kaufman,garzaandsmithsupplies.com",Kimberly Walker,18-4371490,True,Kaiser PAP,2024-04-17,2026-09-08,True,False,2026-02-21
VEN11972,"Smith, Lynch and Hubbard Medical",Home Health,12727 Jason Crest Apt. 441,Amytown,OH,79234,+1-673-398-1521,"contact@smith,lynchandhubbardmedical.com",Katie Harris,20-2190995,True,Kaiser PAP,2022-06-13,2028-05-20,True,False,2026-04-10
VEN11973,Brown-Thomas Medical,Medical Supply,22366 Keller Parkways Suite 211,Johnbury,FL,85256,+1-578-845-5573x022,contact@brown-thomasmedical.com,Nicholas Howard,95-7446795,True,,2024-10-04,2026-12-15,True,False,2023-12-29
VEN11974,Smith-Lowe Supplies,Home Health,1140 Brooks Street,Johnnymouth,GA,85208,922.790.5801,contact@smith-lowesupplies.com,Matthew Johnson,40-7135524,True,Kaiser PAP,2023-05-24,2027-01-18,True,False,2025-12-08
VEN11975,Freeman-Ward Pharmacy,Pharmacy,402 Billy Branch Suite 376,Robinsonstad,MI,88619,603.254.0437,contact@freeman-wardpharmacy.com,Zachary Romero,30-6499845,True,Kaiser PAP,2023-12-19,2027-08-18,True,False,2024-06-12
VEN11976,"Miles, Scott and Nicholson Medical",DME Supplier,2716 Robbins Trafficway,West Brianland,MI,67817,276.423.2596x62793,"contact@miles,scottandnicholsonmedical.com",Devon Riley,53-3685618,False,Kaiser PAP,2023-07-08,2027-02-08,True,False,2026-03-10
VEN11977,"Brown, Bennett and Kennedy Medical",DME Supplier,9478 Kimberly Freeway,East Davidborough,NC,84168,001-610-642-0790x3728,"contact@brown,bennettandkennedymedical.com",Tyler Carpenter,38-9881699,True,Kaiser PAP,2024-06-02,2028-06-27,True,False,2023-12-01
VEN11978,"Velez, Clay and Williams Pharmacy",Home Health,27285 Joseph Islands Apt. 995,South Karenhaven,IL,71180,(790)469-7796x5226,"contact@velez,clayandwilliamspharmacy.com",Maria Dennis,55-3056127,False,,2025-04-02,2027-12-29,True,False,2022-12-12
VEN11979,Rodriguez-Smith Pharmacy,DME Supplier,56402 Rivas Estate,Lake Shelleyton,CA,29215,(532)974-8958x55347,contact@rodriguez-smithpharmacy.com,Jasmine Henderson,51-5688432,False,Kaiser PAP,2024-02-22,2027-03-14,True,False,2025-08-09
VEN11980,Briggs-Bernard Supplies,Transportation,64738 Carr River Suite 742,Port Richard,IL,66283,954-312-4457x215,contact@briggs-bernardsupplies.com,Ryan Nichols,31-6718585,True,Kaiser PAP,2024-12-24,2027-03-28,True,False,2024-02-27
VEN11981,"Bailey, Reyes and Santos Medical",Home Health,93254 Dixon Throughway Suite 638,Jacquelineton,MI,98281,811.346.4496x1505,"contact@bailey,reyesandsantosmedical.com",Christopher Meyers,61-2243379,False,Kaiser PAP,2022-08-22,2026-08-11,True,False,2024-12-23
VEN11982,Moody-Garcia Healthcare,Medical Supply,463 Matthew Fall Apt. 784,Jenniferchester,FL,83728,(880)598-1346x56140,contact@moody-garciahealthcare.com,Nicholas Wells,84-4475674,False,Kaiser PAP,2023-01-29,2028-02-23,True,False,2022-02-28
VEN11983,Jones Group Medical,Transportation,2347 Foster Vista,Rodriguezfurt,NY,56017,506.728.4588x5888,contact@jonesgroupmedical.com,Terri Taylor,67-9888691,False,,2025-01-11,2027-05-10,True,False,2025-07-13
VEN11984,"Diaz, Duffy and Lucero Pharmacy",Lab,13746 Cox Estate Suite 678,Lake Elizabethhaven,CA,16977,+1-896-974-8855,"contact@diaz,duffyandluceropharmacy.com",Darren Sparks,88-1934303,True,,2023-06-06,2027-09-17,True,False,2024-11-19
VEN11985,"Conway, Jones and Lewis Medical",Medical Supply,65548 Cobb Squares,East Christopherchester,GA,67450,+1-323-495-7128x00459,"contact@conway,jonesandlewismedical.com",Linda Osborne,82-2806262,False,,2023-09-20,2026-12-24,True,False,2025-12-06
VEN11986,"Crosby, Clark and Mcknight Medical",Home Health,86396 Walters Highway,North Jessicaside,NY,54209,(696)326-3271,"contact@crosby,clarkandmcknightmedical.com",Christian Oneal,10-7558382,False,,2024-07-27,2027-01-03,True,False,2021-12-06
VEN11987,Price-Taylor Healthcare,Home Health,142 Allen Lights Apt. 019,Griffinstad,MI,21013,4747202860,contact@price-taylorhealthcare.com,Steven Keith,11-3028945,False,,2026-04-04,2028-01-25,True,False,2024-06-10
VEN11988,"Castro, Mason and Green Healthcare",Lab,577 Vasquez Mill Suite 111,New Davidberg,GA,85651,332.426.2668x2201,"contact@castro,masonandgreenhealthcare.com",Lori Jones,89-1855518,True,,2025-12-20,2026-12-22,True,False,2024-08-05
VEN11989,Bryant Inc Healthcare,Medical Supply,089 Ashley Court Suite 524,Atkinsonville,NY,39681,+1-660-714-7571,contact@bryantinchealthcare.com,Jeffrey Valenzuela,34-4596462,False,,2024-11-22,2027-05-05,True,False,2023-10-16
VEN11990,Duncan Inc Supplies,Lab,0398 Kaufman Green,Angelachester,NY,33781,7808901811,contact@duncanincsupplies.com,Ashley Welch,48-8182516,True,,2025-09-24,2027-12-30,True,False,2022-01-13
VEN11991,Beasley Ltd Medical,Medical Supply,698 Morgan Plaza,Wrightport,GA,37786,+1-732-661-2721x2730,contact@beasleyltdmedical.com,Brian Barber,78-2260784,True,Kaiser PAP,2023-08-01,2027-05-27,True,False,2024-06-10
VEN11992,"Smith, Jones and Harris Supplies",Pharmacy,21164 Dominguez Tunnel,Port Michellestad,PA,93939,988.461.5094x15419,"contact@smith,jonesandharrissupplies.com",Courtney Allen,42-4286615,False,,2026-03-25,2028-01-22,True,False,2023-07-10
VEN11993,"Davis, Garcia and Morales Pharmacy",Home Health,90355 Gonzalez Roads Suite 965,Cobbmouth,IL,59819,+1-240-303-5365x5482,"contact@davis,garciaandmoralespharmacy.com",Paul Christian,73-8696298,False,,2025-07-27,2028-06-27,True,False,2024-08-22
VEN11994,Novak Group Healthcare,Lab,48807 Davis Shores,East Roberto,NC,31948,836-545-5530x764,contact@novakgrouphealthcare.com,Harold Cole,73-7333133,True,,2026-04-17,2027-05-30,True,False,2024-06-06
VEN11995,Stewart-Stephenson Pharmacy,Medical Supply,480 Ross Vista,Jorgemouth,GA,27103,990.460.5205,contact@stewart-stephensonpharmacy.com,Mario Scott,55-3124910,True,,2024-12-17,2027-08-02,True,False,2025-09-23
VEN11996,"Hicks, Johnston and Dean Medical",DME Supplier,9780 Mayo Greens,South Joseph,FL,28922,574.977.4485,"contact@hicks,johnstonanddeanmedical.com",Sean Downs,57-5594252,False,Kaiser PAP,2025-12-22,2028-03-26,True,False,2025-12-16
VEN11997,Roth LLC Medical,DME Supplier,226 Allison Cove Suite 091,Tinaborough,TX,87070,+1-407-605-7132x0818,contact@rothllcmedical.com,Nicole Fletcher,17-1618353,True,,2023-03-19,2028-05-23,True,False,2026-04-29
VEN11998,"Cooper, Morgan and Carter Pharmacy",Pharmacy,91748 David Trail,West Brianport,MI,64161,323.747.7380x75747,"contact@cooper,morganandcarterpharmacy.com",Susan Montoya,81-4466219,True,Kaiser PAP,2021-10-24,2027-10-04,True,False,2022-06-18
VEN11999,"Padilla, Thompson and Mcclure Medical",Medical Supply,97032 Wells Port,Port Deborahport,FL,63435,001-645-510-9456x17082,"contact@padilla,thompsonandmccluremedical.com",Heather Mccann,67-7090976,True,Kaiser PAP,2025-04-28,2028-01-20,True,False,2025-05-07
